<?xml version='1.0' encoding='utf-8'?>
<COLLADA xmlns="http://www.collada.org/2005/11/COLLADASchema" version="1.4.1"><asset><unit name="meter" meter="1" /><up_axis>Z_UP</up_axis></asset><library_images><image id="yellow_img" name="yellow_polymer_albedo"><init_from>../materials/textures/yellow_polymer_albedo.png</init_from></image></library_images><library_effects><effect id="yellow_fx"><profile_COMMON><newparam sid="yellow_surface"><surface type="2D"><init_from>yellow_img</init_from></surface></newparam><newparam sid="yellow_sampler"><sampler2D><source>yellow_surface</source></sampler2D></newparam><technique sid="common"><phong><diffuse><texture texture="yellow_sampler" texcoord="UVMap" /></diffuse><ambient><color>0.5 0.5 0.5 1</color></ambient></phong></technique></profile_COMMON></effect></library_effects><library_materials><material id="yellow_mat" name="yellow_polymer"><instance_effect url="#yellow_fx" /></material></library_materials><library_geometries><geometry id="tag_housing_geo" name="tag_housing"><mesh><source id="positions"><float_array id="positions_arr" count="3072">0.0033 0 -0.00925 0.0033 0.0001621 -0.00925 0.0033 0.000325 -0.00925 0.0033 0.0004895 -0.00925 0.0033 0.0006564 -0.00925 0.0032951 0.0008254 -0.00925 0.0032754 0.0009936 -0.00925 0.00324 0.0011593 -0.00925 0.0031892 0.001321 -0.00925 0.0031233 0.0014772 -0.00925 0.0030431 0.0016266 -0.00925 0.0029491 0.0017676 -0.00925 0.0028421 0.001899 -0.00925 0.0027234 0.0020198 -0.00925 0.002594 0.0021288 -0.00925 0.002455 0.0022251 -0.00925 0.0023079 0.0023079 -0.00925 0.0021539 0.0023765 -0.00925 0.0019945 0.0024303 -0.00925 0.0018311 0.0024689 -0.00925 0.0016652 0.0024922 -0.00925 0.0014971 0.0024978 -0.00925 0.0013351 0.0024978 -0.00925 0.0011814 0.0024979 -0.00925 0.0010347 0.0024979 -0.00925 0.0008938 0.0024979 -0.00925 0.0007577 0.0024979 -0.00925 0.0006257 0.0024979 -0.00925 0.0004969 0.0024979 -0.00925 0.0003705 0.0024979 -0.00925 0.000246 0.0024979 -0.00925 0.0001227 0.0024979 -0.00925 0 0.0024979 -0.00925 -0.0001227 0.0024979 -0.00925 -0.000246 0.002498 -0.00925 -0.0003705 0.002498 -0.00925 -0.0004969 0.002498 -0.00925 -0.0006257 0.002498 -0.00925 -0.0007578 0.002498 -0.00925 -0.0008938 0.002498 -0.00925 -0.0010347 0.002498 -0.00925 -0.0011815 0.002498 -0.00925 -0.0013352 0.002498 -0.00925 -0.0014973 0.002498 -0.00925 -0.0016691 0.002498 -0.00925 -0.0018527 0.0024981 -0.00925 -0.0020501 0.0024981 -0.00925 -0.0022641 0.0024981 -0.00925 -0.0024981 0.0024981 -0.00925 -0.0027562 0.0024981 -0.00925 -0.003044 0.0024981 -0.00925 -0.0033684 0.0024982 -0.00925 -0.0037388 0.0024982 -0.00925 -0.004168 0.0024982 -0.00925 -0.0046739 0.0024982 -0.00925 -0.0052822 0.0024983 -0.00925 -0.0060315 0.0024983 -0.00925 -0.0069825 0.0024984 -0.00925 -0.0082364 0.0024985 -0.00925 -0.0099749 0.0024986 -0.00925 -0.0125621 0.0024988 -0.00925 -0.0168472 0.002499 -0.00925 -0.0253789 0.0024996 -0.00925 -0.033045 0.0016234 -0.00925 -0.0332979 0 -0.00925 -0.0332979 -0.0016358 -0.00925 -0.033298 -0.0032796 -0.00925 -0.033298 -0.0049393 -0.00925 -0.0332981 -0.0066234 -0.00925 -0.0332981 -0.0083408 -0.00925 -0.0332982 -0.0101009 -0.00925 -0.0332983 -0.0119143 -0.00925 -0.0332983 -0.0137926 -0.00925 -0.0332984 -0.015749 -0.00925 -0.0332985 -0.0177984 -0.00925 -0.0332985 -0.0199584 -0.00925 -0.0332986 -0.0222494 -0.00925 -0.0332987 -0.024696 -0.00925 -0.0332988 -0.0273276 -0.00925 -0.0332989 -0.0301804 -0.00925 -0.033299 -0.033299 -0.00925 -0.0332991 -0.0367399 -0.00925 -0.0332993 -0.0405753 -0.00925 -0.0332994 -0.044899 -0.00925 -0.0332996 -0.0498363 -0.00925 -0.0332998 -0.0555573 -0.00925 -0.0333 -0.0622999 -0.00925 -0.0303161 -0.0640979 -0.00925 -0.0265503 -0.0640982 -0.00925 -0.0229348 -0.0640984 -0.00925 -0.0194441 -0.0640986 -0.00925 -0.0160559 -0.0640988 -0.00925 -0.0127501 -0.0640991 -0.00925 -0.0095082 -0.0640993 -0.00925 -0.0063132 -0.0640995 -0.00925 -0.003149 -0.0640997 -0.00925 -0 -0.0640999 -0.00925 0.003101 -0.0631217 -0.00925 0.0032988 -0.0334935 -0.00925 0.0032992 -0.0222415 -0.00925 0.0032994 -0.0165872 -0.00925 0.0032995 -0.0131724 -0.00925 0.0032996 -0.0108773 -0.00925 0.0032997 -0.0092219 -0.00925 0.0032997 -0.0079662 -0.00925 0.0032997 -0.0069767 -0.00925 0.0032998 -0.0061734 -0.00925 0.0032998 -0.0055054 -0.00925 0.0032998 -0.0049385 -0.00925 0.0032998 -0.0044493 -0.00925 0.0032998 -0.0040209 -0.00925 0.0032999 -0.0036408 -0.00925 0.0032999 -0.0032999 -0.00925 0.0032999 -0.0029908 -0.00925 0.0032999 -0.0027081 -0.00925 0.0032999 -0.0024474 -0.00925 0.0032999 -0.0022049 -0.00925 0.0032999 -0.0019779 -0.00925 0.0032999 -0.0017638 -0.00925 0.0032999 -0.0015607 -0.00925 0.0032999 -0.0013669 -0.00925 0.0032999 -0.0011807 -0.00925 0.0032999 -0.001001 -0.00925 0.0032999 -0.0008266 -0.00925 0.0033 -0.0006564 -0.00925 0.0033 -0.0004895 -0.00925 0.0033 -0.000325 -0.00925 0.0033 -0.0001621 -0.00925 0.0038 0 -0.00825 0.0038 0.0001867 -0.00825 0.0038 0.0003743 -0.00825 0.0038 0.0005637 -0.00825 0.0037986 0.0007556 -0.00825 0.0037861 0.0009484 -0.00825 0.0037574 0.0011398 -0.00825 0.0037119 0.0013281 -0.00825 0.0036511 0.0015123 -0.00825 0.0035753 0.001691 -0.00825 0.0034842 0.0018623 -0.00825 0.003379 0.0020253 -0.00825 0.0032609 0.0021789 -0.00825 0.0031306 0.0023218 -0.00825 0.0029885 0.0024526 -0.00825 0.0028366 0.002571 -0.00825 0.0026763 0.0026763 -0.00825 0.0025078 0.0027669 -0.00825 0.0023332 0.002843 -0.00825 0.0021543 0.0029047 -0.00825 0.0019716 0.0029507 -0.00825 0.0017869 0.0029813 -0.00825 0.0016021 0.0029972 -0.00825 0.0014176 0.0029972 -0.00825 0.0012415 0.0029973 -0.00825 0.0010724 0.0029973 -0.00825 0.0009092 0.0029973 -0.00825 0.0007508 0.0029973 -0.00825 0.0005962 0.0029973 -0.00825 0.0004446 0.0029973 -0.00825 0.0002952 0.0029973 -0.00825 0.0001473 0.0029974 -0.00825 0 0.0029974 -0.00825 -0.0001473 0.0029974 -0.00825 -0.0002952 0.0029974 -0.00825 -0.0004446 0.0029974 -0.00825 -0.0005962 0.0029974 -0.00825 -0.0007508 0.0029974 -0.00825 -0.0009093 0.0029974 -0.00825 -0.0010725 0.0029975 -0.00825 -0.0012416 0.0029975 -0.00825 -0.0014177 0.0029975 -0.00825 -0.0016022 0.0029975 -0.00825 -0.0017966 0.0029975 -0.00825 -0.0020029 0.0029975 -0.00825 -0.0022231 0.0029976 -0.00825 -0.00246 0.0029976 -0.00825 -0.0027169 0.0029976 -0.00825 -0.0029976 0.0029976 -0.00825 -0.0033074 0.0029976 -0.00825 -0.0036527 0.0029977 -0.00825 -0.0040419 0.0029977 -0.00825 -0.0044864 0.0029977 -0.00825 -0.0050015 0.0029978 -0.00825 -0.0056086 0.0029978 -0.00825 -0.0063385 0.0029979 -0.00825 -0.0072377 0.002998 -0.00825 -0.008379 0.0029981 -0.00825 -0.0098837 0.0029982 -0.00825 -0.0119701 0.0029984 -0.00825 -0.0150751 0.0029986 -0.00825 -0.020218 0.0029991 -0.00825 -0.0304586 0.0029999 -0.00825 -0.0335938 0.0016504 -0.00825 -0.0337973 0 -0.00825 -0.0337973 -0.0016604 -0.00825 -0.0337974 -0.0033288 -0.00825 -0.0337975 -0.0050134 -0.00825 -0.0337976 -0.0067228 -0.00825 -0.0337976 -0.0084659 -0.00825 -0.0337977 -0.0102524 -0.00825 -0.0337978 -0.012093 -0.00825 -0.0337979 -0.0139995 -0.00825 -0.033798 -0.0159852 -0.00825 -0.0337981 -0.0180654 -0.00825 -0.0337982 -0.0202578 -0.00825 -0.0337983 -0.0225833 -0.00825 -0.0337984 -0.0250666 -0.00825 -0.0337985 -0.0277377 -0.00825 -0.0337986 -0.0306333 -0.00825 -0.0337987 -0.0337987 -0.00825 -0.0337989 -0.0372913 -0.00825 -0.0337991 -0.0411843 -0.00825 -0.0337993 -0.045573 -0.00825 -0.0337995 -0.0505845 -0.00825 -0.0337997 -0.0563915 -0.00825 -0.0336841 -0.0630186 -0.00825 -0.0305523 -0.0645973 -0.00825 -0.0267572 -0.0645976 -0.00825 -0.0231135 -0.0645979 -0.00825 -0.0195957 -0.0645982 -0.00825 -0.0161811 -0.0645985 -0.00825 -0.0128495 -0.0645988 -0.00825 -0.0095824 -0.0645991 -0.00825 -0.0063625 -0.0645993 -0.00825 -0.0031736 -0.0645996 -0.00825 -0 -0.0645999 -0.00825 0.0031398 -0.0639122 -0.00825 0.0037983 -0.0385645 -0.00825 0.0037988 -0.0256097 -0.00825 0.0037991 -0.0190995 -0.00825 0.0037993 -0.0151677 -0.00825 0.0037994 -0.012525 -0.00825 0.0037995 -0.0106189 -0.00825 0.0037996 -0.009173 -0.00825 0.0037996 -0.0080336 -0.00825 0.0037997 -0.0071087 -0.00825 0.0037997 -0.0063394 -0.00825 0.0037997 -0.0056867 -0.00825 0.0037997 -0.0051234 -0.00825 0.0037998 -0.00463 -0.00825 0.0037998 -0.0041924 -0.00825 0.0037998 -0.0037998 -0.00825 0.0037998 -0.003444 -0.00825 0.0037998 -0.0031184 -0.00825 0.0037998 -0.0028182 -0.00825 0.0037999 -0.002539 -0.00825 0.0037999 -0.0022776 -0.00825 0.0037999 -0.0020311 -0.00825 0.0037999 -0.0017972 -0.00825 0.0037999 -0.001574 -0.00825 0.0037999 -0.0013596 -0.00825 0.0037999 -0.0011527 -0.00825 0.0037999 -0.0009518 -0.00825 0.0037999 -0.0007559 -0.00825 0.0037999 -0.0005637 -0.00825 0.0038 -0.0003743 -0.00825 0.0038 -0.0001867 -0.00825 0.0038 0 0.00825 0.0038 0.0001867 0.00825 0.0038 0.0003743 0.00825 0.0038 0.0005637 0.00825 0.0037986 0.0007556 0.00825 0.0037861 0.0009484 0.00825 0.0037574 0.0011398 0.00825 0.0037119 0.0013281 0.00825 0.0036511 0.0015123 0.00825 0.0035753 0.001691 0.00825 0.0034842 0.0018623 0.00825 0.003379 0.0020253 0.00825 0.0032609 0.0021789 0.00825 0.0031306 0.0023218 0.00825 0.0029885 0.0024526 0.00825 0.0028366 0.002571 0.00825 0.0026763 0.0026763 0.00825 0.0025078 0.0027669 0.00825 0.0023332 0.002843 0.00825 0.0021543 0.0029047 0.00825 0.0019716 0.0029507 0.00825 0.0017869 0.0029813 0.00825 0.0016021 0.0029972 0.00825 0.0014176 0.0029972 0.00825 0.0012415 0.0029973 0.00825 0.0010724 0.0029973 0.00825 0.0009092 0.0029973 0.00825 0.0007508 0.0029973 0.00825 0.0005962 0.0029973 0.00825 0.0004446 0.0029973 0.00825 0.0002952 0.0029973 0.00825 0.0001473 0.0029974 0.00825 0 0.0029974 0.00825 -0.0001473 0.0029974 0.00825 -0.0002952 0.0029974 0.00825 -0.0004446 0.0029974 0.00825 -0.0005962 0.0029974 0.00825 -0.0007508 0.0029974 0.00825 -0.0009093 0.0029974 0.00825 -0.0010725 0.0029975 0.00825 -0.0012416 0.0029975 0.00825 -0.0014177 0.0029975 0.00825 -0.0016022 0.0029975 0.00825 -0.0017966 0.0029975 0.00825 -0.0020029 0.0029975 0.00825 -0.0022231 0.0029976 0.00825 -0.00246 0.0029976 0.00825 -0.0027169 0.0029976 0.00825 -0.0029976 0.0029976 0.00825 -0.0033074 0.0029976 0.00825 -0.0036527 0.0029977 0.00825 -0.0040419 0.0029977 0.00825 -0.0044864 0.0029977 0.00825 -0.0050015 0.0029978 0.00825 -0.0056086 0.0029978 0.00825 -0.0063385 0.0029979 0.00825 -0.0072377 0.002998 0.00825 -0.008379 0.0029981 0.00825 -0.0098837 0.0029982 0.00825 -0.0119701 0.0029984 0.00825 -0.0150751 0.0029986 0.00825 -0.020218 0.0029991 0.00825 -0.0304586 0.0029999 0.00825 -0.0335938 0.0016504 0.00825 -0.0337973 0 0.00825 -0.0337973 -0.0016604 0.00825 -0.0337974 -0.0033288 0.00825 -0.0337975 -0.0050134 0.00825 -0.0337976 -0.0067228 0.00825 -0.0337976 -0.0084659 0.00825 -0.0337977 -0.0102524 0.00825 -0.0337978 -0.012093 0.00825 -0.0337979 -0.0139995 0.00825 -0.033798 -0.0159852 0.00825 -0.0337981 -0.0180654 0.00825 -0.0337982 -0.0202578 0.00825 -0.0337983 -0.0225833 0.00825 -0.0337984 -0.0250666 0.00825 -0.0337985 -0.0277377 0.00825 -0.0337986 -0.0306333 0.00825 -0.0337987 -0.0337987 0.00825 -0.0337989 -0.0372913 0.00825 -0.0337991 -0.0411843 0.00825 -0.0337993 -0.045573 0.00825 -0.0337995 -0.0505845 0.00825 -0.0337997 -0.0563915 0.00825 -0.0336841 -0.0630186 0.00825 -0.0305523 -0.0645973 0.00825 -0.0267572 -0.0645976 0.00825 -0.0231135 -0.0645979 0.00825 -0.0195957 -0.0645982 0.00825 -0.0161811 -0.0645985 0.00825 -0.0128495 -0.0645988 0.00825 -0.0095824 -0.0645991 0.00825 -0.0063625 -0.0645993 0.00825 -0.0031736 -0.0645996 0.00825 -0 -0.0645999 0.00825 0.0031398 -0.0639122 0.00825 0.0037983 -0.0385645 0.00825 0.0037988 -0.0256097 0.00825 0.0037991 -0.0190995 0.00825 0.0037993 -0.0151677 0.00825 0.0037994 -0.012525 0.00825 0.0037995 -0.0106189 0.00825 0.0037996 -0.009173 0.00825 0.0037996 -0.0080336 0.00825 0.0037997 -0.0071087 0.00825 0.0037997 -0.0063394 0.00825 0.0037997 -0.0056867 0.00825 0.0037997 -0.0051234 0.00825 0.0037998 -0.00463 0.00825 0.0037998 -0.0041924 0.00825 0.0037998 -0.0037998 0.00825 0.0037998 -0.003444 0.00825 0.0037998 -0.0031184 0.00825 0.0037998 -0.0028182 0.00825 0.0037999 -0.002539 0.00825 0.0037999 -0.0022776 0.00825 0.0037999 -0.0020311 0.00825 0.0037999 -0.0017972 0.00825 0.0037999 -0.001574 0.00825 0.0037999 -0.0013596 0.00825 0.0037999 -0.0011527 0.00825 0.0037999 -0.0009518 0.00825 0.0037999 -0.0007559 0.00825 0.0037999 -0.0005637 0.00825 0.0038 -0.0003743 0.00825 0.0038 -0.0001867 0.00825 0.0033 0 0.00925 0.0033 0.0001621 0.00925 0.0033 0.000325 0.00925 0.0033 0.0004895 0.00925 0.0033 0.0006564 0.00925 0.0032951 0.0008254 0.00925 0.0032754 0.0009936 0.00925 0.00324 0.0011593 0.00925 0.0031892 0.001321 0.00925 0.0031233 0.0014772 0.00925 0.0030431 0.0016266 0.00925 0.0029491 0.0017676 0.00925 0.0028421 0.001899 0.00925 0.0027234 0.0020198 0.00925 0.002594 0.0021288 0.00925 0.002455 0.0022251 0.00925 0.0023079 0.0023079 0.00925 0.0021539 0.0023765 0.00925 0.0019945 0.0024303 0.00925 0.0018311 0.0024689 0.00925 0.0016652 0.0024922 0.00925 0.0014971 0.0024978 0.00925 0.0013351 0.0024978 0.00925 0.0011814 0.0024979 0.00925 0.0010347 0.0024979 0.00925 0.0008938 0.0024979 0.00925 0.0007577 0.0024979 0.00925 0.0006257 0.0024979 0.00925 0.0004969 0.0024979 0.00925 0.0003705 0.0024979 0.00925 0.000246 0.0024979 0.00925 0.0001227 0.0024979 0.00925 0 0.0024979 0.00925 -0.0001227 0.0024979 0.00925 -0.000246 0.002498 0.00925 -0.0003705 0.002498 0.00925 -0.0004969 0.002498 0.00925 -0.0006257 0.002498 0.00925 -0.0007578 0.002498 0.00925 -0.0008938 0.002498 0.00925 -0.0010347 0.002498 0.00925 -0.0011815 0.002498 0.00925 -0.0013352 0.002498 0.00925 -0.0014973 0.002498 0.00925 -0.0016691 0.002498 0.00925 -0.0018527 0.0024981 0.00925 -0.0020501 0.0024981 0.00925 -0.0022641 0.0024981 0.00925 -0.0024981 0.0024981 0.00925 -0.0027562 0.0024981 0.00925 -0.003044 0.0024981 0.00925 -0.0033684 0.0024982 0.00925 -0.0037388 0.0024982 0.00925 -0.004168 0.0024982 0.00925 -0.0046739 0.0024982 0.00925 -0.0052822 0.0024983 0.00925 -0.0060315 0.0024983 0.00925 -0.0069825 0.0024984 0.00925 -0.0082364 0.0024985 0.00925 -0.0099749 0.0024986 0.00925 -0.0125621 0.0024988 0.00925 -0.0168472 0.002499 0.00925 -0.0253789 0.0024996 0.00925 -0.033045 0.0016234 0.00925 -0.0332979 0 0.00925 -0.0332979 -0.0016358 0.00925 -0.033298 -0.0032796 0.00925 -0.033298 -0.0049393 0.00925 -0.0332981 -0.0066234 0.00925 -0.0332981 -0.0083408 0.00925 -0.0332982 -0.0101009 0.00925 -0.0332983 -0.0119143 0.00925 -0.0332983 -0.0137926 0.00925 -0.0332984 -0.015749 0.00925 -0.0332985 -0.0177984 0.00925 -0.0332985 -0.0199584 0.00925 -0.0332986 -0.0222494 0.00925 -0.0332987 -0.024696 0.00925 -0.0332988 -0.0273276 0.00925 -0.0332989 -0.0301804 0.00925 -0.033299 -0.033299 0.00925 -0.0332991 -0.0367399 0.00925 -0.0332993 -0.0405753 0.00925 -0.0332994 -0.044899 0.00925 -0.0332996 -0.0498363 0.00925 -0.0332998 -0.0555573 0.00925 -0.0333 -0.0622999 0.00925 -0.0303161 -0.0640979 0.00925 -0.0265503 -0.0640982 0.00925 -0.0229348 -0.0640984 0.00925 -0.0194441 -0.0640986 0.00925 -0.0160559 -0.0640988 0.00925 -0.0127501 -0.0640991 0.00925 -0.0095082 -0.0640993 0.00925 -0.0063132 -0.0640995 0.00925 -0.003149 -0.0640997 0.00925 -0 -0.0640999 0.00925 0.003101 -0.0631217 0.00925 0.0032988 -0.0334935 0.00925 0.0032992 -0.0222415 0.00925 0.0032994 -0.0165872 0.00925 0.0032995 -0.0131724 0.00925 0.0032996 -0.0108773 0.00925 0.0032997 -0.0092219 0.00925 0.0032997 -0.0079662 0.00925 0.0032997 -0.0069767 0.00925 0.0032998 -0.0061734 0.00925 0.0032998 -0.0055054 0.00925 0.0032998 -0.0049385 0.00925 0.0032998 -0.0044493 0.00925 0.0032998 -0.0040209 0.00925 0.0032999 -0.0036408 0.00925 0.0032999 -0.0032999 0.00925 0.0032999 -0.0029908 0.00925 0.0032999 -0.0027081 0.00925 0.0032999 -0.0024474 0.00925 0.0032999 -0.0022049 0.00925 0.0032999 -0.0019779 0.00925 0.0032999 -0.0017638 0.00925 0.0032999 -0.0015607 0.00925 0.0032999 -0.0013669 0.00925 0.0032999 -0.0011807 0.00925 0.0032999 -0.001001 0.00925 0.0032999 -0.0008266 0.00925 0.0033 -0.0006564 0.00925 0.0033 -0.0004895 0.00925 0.0033 -0.000325 0.00925 0.0033 -0.0001621 0.00925 0.002 0 -0.00925 0.0019976 9.81e-05 -0.00925 0.0019904 0.000196 -0.00925 0.0019784 0.0002935 -0.00925 0.0019616 0.0003902 -0.00925 0.0019401 0.000486 -0.00925 0.0019139 0.0005806 -0.00925 0.0018831 0.0006738 -0.00925 0.0018478 0.0007654 -0.00925 0.001808 0.0008551 -0.00925 0.0017638 0.0009428 -0.00925 0.0017155 0.0010282 -0.00925 0.0016629 0.0011111 -0.00925 0.0016064 0.0011914 -0.00925 0.001546 0.0012688 -0.00925 0.0014819 0.0013431 -0.00925 0.0014142 0.0014142 -0.00925 0.0013431 0.0014819 -0.00925 0.0012688 0.001546 -0.00925 0.0011914 0.0016064 -0.00925 0.0011111 0.0016629 -0.00925 0.0010282 0.0017155 -0.00925 0.0009428 0.0017638 -0.00925 0.0008551 0.001808 -0.00925 0.0007654 0.0018478 -0.00925 0.0006738 0.0018831 -0.00925 0.0005806 0.0019139 -0.00925 0.000486 0.0019401 -0.00925 0.0003902 0.0019616 -0.00925 0.0002935 0.0019784 -0.00925 0.000196 0.0019904 -0.00925 9.81e-05 0.0019976 -0.00925 0 0.002 -0.00925 -9.81e-05 0.0019976 -0.00925 -0.000196 0.0019904 -0.00925 -0.0002935 0.0019784 -0.00925 -0.0003902 0.0019616 -0.00925 -0.000486 0.0019401 -0.00925 -0.0005806 0.0019139 -0.00925 -0.0006738 0.0018831 -0.00925 -0.0007654 0.0018478 -0.00925 -0.0008551 0.001808 -0.00925 -0.0009428 0.0017638 -0.00925 -0.0010282 0.0017155 -0.00925 -0.0011111 0.0016629 -0.00925 -0.0011914 0.0016064 -0.00925 -0.0012688 0.001546 -0.00925 -0.0013431 0.0014819 -0.00925 -0.0014142 0.0014142 -0.00925 -0.0014819 0.0013431 -0.00925 -0.001546 0.0012688 -0.00925 -0.0016064 0.0011914 -0.00925 -0.0016629 0.0011111 -0.00925 -0.0017155 0.0010282 -0.00925 -0.0017638 0.0009428 -0.00925 -0.001808 0.0008551 -0.00925 -0.0018478 0.0007654 -0.00925 -0.0018831 0.0006738 -0.00925 -0.0019139 0.0005806 -0.00925 -0.0019401 0.000486 -0.00925 -0.0019616 0.0003902 -0.00925 -0.0019784 0.0002935 -0.00925 -0.0019904 0.000196 -0.00925 -0.0019976 9.81e-05 -0.00925 -0.002 0 -0.00925 -0.0019976 -9.81e-05 -0.00925 -0.0019904 -0.000196 -0.00925 -0.0019784 -0.0002935 -0.00925 -0.0019616 -0.0003902 -0.00925 -0.0019401 -0.000486 -0.00925 -0.0019139 -0.0005806 -0.00925 -0.0018831 -0.0006738 -0.00925 -0.0018478 -0.0007654 -0.00925 -0.001808 -0.0008551 -0.00925 -0.0017638 -0.0009428 -0.00925 -0.0017155 -0.0010282 -0.00925 -0.0016629 -0.0011111 -0.00925 -0.0016064 -0.0011914 -0.00925 -0.001546 -0.0012688 -0.00925 -0.0014819 -0.0013431 -0.00925 -0.0014142 -0.0014142 -0.00925 -0.0013431 -0.0014819 -0.00925 -0.0012688 -0.001546 -0.00925 -0.0011914 -0.0016064 -0.00925 -0.0011111 -0.0016629 -0.00925 -0.0010282 -0.0017155 -0.00925 -0.0009428 -0.0017638 -0.00925 -0.0008551 -0.001808 -0.00925 -0.0007654 -0.0018478 -0.00925 -0.0006738 -0.0018831 -0.00925 -0.0005806 -0.0019139 -0.00925 -0.000486 -0.0019401 -0.00925 -0.0003902 -0.0019616 -0.00925 -0.0002935 -0.0019784 -0.00925 -0.000196 -0.0019904 -0.00925 -9.81e-05 -0.0019976 -0.00925 -0 -0.002 -0.00925 9.81e-05 -0.0019976 -0.00925 0.000196 -0.0019904 -0.00925 0.0002935 -0.0019784 -0.00925 0.0003902 -0.0019616 -0.00925 0.000486 -0.0019401 -0.00925 0.0005806 -0.0019139 -0.00925 0.0006738 -0.0018831 -0.00925 0.0007654 -0.0018478 -0.00925 0.0008551 -0.001808 -0.00925 0.0009428 -0.0017638 -0.00925 0.0010282 -0.0017155 -0.00925 0.0011111 -0.0016629 -0.00925 0.0011914 -0.0016064 -0.00925 0.0012688 -0.001546 -0.00925 0.0013431 -0.0014819 -0.00925 0.0014142 -0.0014142 -0.00925 0.0014819 -0.0013431 -0.00925 0.001546 -0.0012688 -0.00925 0.0016064 -0.0011914 -0.00925 0.0016629 -0.0011111 -0.00925 0.0017155 -0.0010282 -0.00925 0.0017638 -0.0009428 -0.00925 0.001808 -0.0008551 -0.00925 0.0018478 -0.0007654 -0.00925 0.0018831 -0.0006738 -0.00925 0.0019139 -0.0005806 -0.00925 0.0019401 -0.000486 -0.00925 0.0019616 -0.0003902 -0.00925 0.0019784 -0.0002935 -0.00925 0.0019904 -0.000196 -0.00925 0.0019976 -9.81e-05 -0.00925 0.002 0 -0.00825 0.0019976 9.81e-05 -0.00825 0.0019904 0.000196 -0.00825 0.0019784 0.0002935 -0.00825 0.0019616 0.0003902 -0.00825 0.0019401 0.000486 -0.00825 0.0019139 0.0005806 -0.00825 0.0018831 0.0006738 -0.00825 0.0018478 0.0007654 -0.00825 0.001808 0.0008551 -0.00825 0.0017638 0.0009428 -0.00825 0.0017155 0.0010282 -0.00825 0.0016629 0.0011111 -0.00825 0.0016064 0.0011914 -0.00825 0.001546 0.0012688 -0.00825 0.0014819 0.0013431 -0.00825 0.0014142 0.0014142 -0.00825 0.0013431 0.0014819 -0.00825 0.0012688 0.001546 -0.00825 0.0011914 0.0016064 -0.00825 0.0011111 0.0016629 -0.00825 0.0010282 0.0017155 -0.00825 0.0009428 0.0017638 -0.00825 0.0008551 0.001808 -0.00825 0.0007654 0.0018478 -0.00825 0.0006738 0.0018831 -0.00825 0.0005806 0.0019139 -0.00825 0.000486 0.0019401 -0.00825 0.0003902 0.0019616 -0.00825 0.0002935 0.0019784 -0.00825 0.000196 0.0019904 -0.00825 9.81e-05 0.0019976 -0.00825 0 0.002 -0.00825 -9.81e-05 0.0019976 -0.00825 -0.000196 0.0019904 -0.00825 -0.0002935 0.0019784 -0.00825 -0.0003902 0.0019616 -0.00825 -0.000486 0.0019401 -0.00825 -0.0005806 0.0019139 -0.00825 -0.0006738 0.0018831 -0.00825 -0.0007654 0.0018478 -0.00825 -0.0008551 0.001808 -0.00825 -0.0009428 0.0017638 -0.00825 -0.0010282 0.0017155 -0.00825 -0.0011111 0.0016629 -0.00825 -0.0011914 0.0016064 -0.00825 -0.0012688 0.001546 -0.00825 -0.0013431 0.0014819 -0.00825 -0.0014142 0.0014142 -0.00825 -0.0014819 0.0013431 -0.00825 -0.001546 0.0012688 -0.00825 -0.0016064 0.0011914 -0.00825 -0.0016629 0.0011111 -0.00825 -0.0017155 0.0010282 -0.00825 -0.0017638 0.0009428 -0.00825 -0.001808 0.0008551 -0.00825 -0.0018478 0.0007654 -0.00825 -0.0018831 0.0006738 -0.00825 -0.0019139 0.0005806 -0.00825 -0.0019401 0.000486 -0.00825 -0.0019616 0.0003902 -0.00825 -0.0019784 0.0002935 -0.00825 -0.0019904 0.000196 -0.00825 -0.0019976 9.81e-05 -0.00825 -0.002 0 -0.00825 -0.0019976 -9.81e-05 -0.00825 -0.0019904 -0.000196 -0.00825 -0.0019784 -0.0002935 -0.00825 -0.0019616 -0.0003902 -0.00825 -0.0019401 -0.000486 -0.00825 -0.0019139 -0.0005806 -0.00825 -0.0018831 -0.0006738 -0.00825 -0.0018478 -0.0007654 -0.00825 -0.001808 -0.0008551 -0.00825 -0.0017638 -0.0009428 -0.00825 -0.0017155 -0.0010282 -0.00825 -0.0016629 -0.0011111 -0.00825 -0.0016064 -0.0011914 -0.00825 -0.001546 -0.0012688 -0.00825 -0.0014819 -0.0013431 -0.00825 -0.0014142 -0.0014142 -0.00825 -0.0013431 -0.0014819 -0.00825 -0.0012688 -0.001546 -0.00825 -0.0011914 -0.0016064 -0.00825 -0.0011111 -0.0016629 -0.00825 -0.0010282 -0.0017155 -0.00825 -0.0009428 -0.0017638 -0.00825 -0.0008551 -0.001808 -0.00825 -0.0007654 -0.0018478 -0.00825 -0.0006738 -0.0018831 -0.00825 -0.0005806 -0.0019139 -0.00825 -0.000486 -0.0019401 -0.00825 -0.0003902 -0.0019616 -0.00825 -0.0002935 -0.0019784 -0.00825 -0.000196 -0.0019904 -0.00825 -9.81e-05 -0.0019976 -0.00825 -0 -0.002 -0.00825 9.81e-05 -0.0019976 -0.00825 0.000196 -0.0019904 -0.00825 0.0002935 -0.0019784 -0.00825 0.0003902 -0.0019616 -0.00825 0.000486 -0.0019401 -0.00825 0.0005806 -0.0019139 -0.00825 0.0006738 -0.0018831 -0.00825 0.0007654 -0.0018478 -0.00825 0.0008551 -0.001808 -0.00825 0.0009428 -0.0017638 -0.00825 0.0010282 -0.0017155 -0.00825 0.0011111 -0.0016629 -0.00825 0.0011914 -0.0016064 -0.00825 0.0012688 -0.001546 -0.00825 0.0013431 -0.0014819 -0.00825 0.0014142 -0.0014142 -0.00825 0.0014819 -0.0013431 -0.00825 0.001546 -0.0012688 -0.00825 0.0016064 -0.0011914 -0.00825 0.0016629 -0.0011111 -0.00825 0.0017155 -0.0010282 -0.00825 0.0017638 -0.0009428 -0.00825 0.001808 -0.0008551 -0.00825 0.0018478 -0.0007654 -0.00825 0.0018831 -0.0006738 -0.00825 0.0019139 -0.0005806 -0.00825 0.0019401 -0.000486 -0.00825 0.0019616 -0.0003902 -0.00825 0.0019784 -0.0002935 -0.00825 0.0019904 -0.000196 -0.00825 0.0019976 -9.81e-05 -0.00825 0.002 0 0.00825 0.0019976 9.81e-05 0.00825 0.0019904 0.000196 0.00825 0.0019784 0.0002935 0.00825 0.0019616 0.0003902 0.00825 0.0019401 0.000486 0.00825 0.0019139 0.0005806 0.00825 0.0018831 0.0006738 0.00825 0.0018478 0.0007654 0.00825 0.001808 0.0008551 0.00825 0.0017638 0.0009428 0.00825 0.0017155 0.0010282 0.00825 0.0016629 0.0011111 0.00825 0.0016064 0.0011914 0.00825 0.001546 0.0012688 0.00825 0.0014819 0.0013431 0.00825 0.0014142 0.0014142 0.00825 0.0013431 0.0014819 0.00825 0.0012688 0.001546 0.00825 0.0011914 0.0016064 0.00825 0.0011111 0.0016629 0.00825 0.0010282 0.0017155 0.00825 0.0009428 0.0017638 0.00825 0.0008551 0.001808 0.00825 0.0007654 0.0018478 0.00825 0.0006738 0.0018831 0.00825 0.0005806 0.0019139 0.00825 0.000486 0.0019401 0.00825 0.0003902 0.0019616 0.00825 0.0002935 0.0019784 0.00825 0.000196 0.0019904 0.00825 9.81e-05 0.0019976 0.00825 0 0.002 0.00825 -9.81e-05 0.0019976 0.00825 -0.000196 0.0019904 0.00825 -0.0002935 0.0019784 0.00825 -0.0003902 0.0019616 0.00825 -0.000486 0.0019401 0.00825 -0.0005806 0.0019139 0.00825 -0.0006738 0.0018831 0.00825 -0.0007654 0.0018478 0.00825 -0.0008551 0.001808 0.00825 -0.0009428 0.0017638 0.00825 -0.0010282 0.0017155 0.00825 -0.0011111 0.0016629 0.00825 -0.0011914 0.0016064 0.00825 -0.0012688 0.001546 0.00825 -0.0013431 0.0014819 0.00825 -0.0014142 0.0014142 0.00825 -0.0014819 0.0013431 0.00825 -0.001546 0.0012688 0.00825 -0.0016064 0.0011914 0.00825 -0.0016629 0.0011111 0.00825 -0.0017155 0.0010282 0.00825 -0.0017638 0.0009428 0.00825 -0.001808 0.0008551 0.00825 -0.0018478 0.0007654 0.00825 -0.0018831 0.0006738 0.00825 -0.0019139 0.0005806 0.00825 -0.0019401 0.000486 0.00825 -0.0019616 0.0003902 0.00825 -0.0019784 0.0002935 0.00825 -0.0019904 0.000196 0.00825 -0.0019976 9.81e-05 0.00825 -0.002 0 0.00825 -0.0019976 -9.81e-05 0.00825 -0.0019904 -0.000196 0.00825 -0.0019784 -0.0002935 0.00825 -0.0019616 -0.0003902 0.00825 -0.0019401 -0.000486 0.00825 -0.0019139 -0.0005806 0.00825 -0.0018831 -0.0006738 0.00825 -0.0018478 -0.0007654 0.00825 -0.001808 -0.0008551 0.00825 -0.0017638 -0.0009428 0.00825 -0.0017155 -0.0010282 0.00825 -0.0016629 -0.0011111 0.00825 -0.0016064 -0.0011914 0.00825 -0.001546 -0.0012688 0.00825 -0.0014819 -0.0013431 0.00825 -0.0014142 -0.0014142 0.00825 -0.0013431 -0.0014819 0.00825 -0.0012688 -0.001546 0.00825 -0.0011914 -0.0016064 0.00825 -0.0011111 -0.0016629 0.00825 -0.0010282 -0.0017155 0.00825 -0.0009428 -0.0017638 0.00825 -0.0008551 -0.001808 0.00825 -0.0007654 -0.0018478 0.00825 -0.0006738 -0.0018831 0.00825 -0.0005806 -0.0019139 0.00825 -0.000486 -0.0019401 0.00825 -0.0003902 -0.0019616 0.00825 -0.0002935 -0.0019784 0.00825 -0.000196 -0.0019904 0.00825 -9.81e-05 -0.0019976 0.00825 -0 -0.002 0.00825 9.81e-05 -0.0019976 0.00825 0.000196 -0.0019904 0.00825 0.0002935 -0.0019784 0.00825 0.0003902 -0.0019616 0.00825 0.000486 -0.0019401 0.00825 0.0005806 -0.0019139 0.00825 0.0006738 -0.0018831 0.00825 0.0007654 -0.0018478 0.00825 0.0008551 -0.001808 0.00825 0.0009428 -0.0017638 0.00825 0.0010282 -0.0017155 0.00825 0.0011111 -0.0016629 0.00825 0.0011914 -0.0016064 0.00825 0.0012688 -0.001546 0.00825 0.0013431 -0.0014819 0.00825 0.0014142 -0.0014142 0.00825 0.0014819 -0.0013431 0.00825 0.001546 -0.0012688 0.00825 0.0016064 -0.0011914 0.00825 0.0016629 -0.0011111 0.00825 0.0017155 -0.0010282 0.00825 0.0017638 -0.0009428 0.00825 0.001808 -0.0008551 0.00825 0.0018478 -0.0007654 0.00825 0.0018831 -0.0006738 0.00825 0.0019139 -0.0005806 0.00825 0.0019401 -0.000486 0.00825 0.0019616 -0.0003902 0.00825 0.0019784 -0.0002935 0.00825 0.0019904 -0.000196 0.00825 0.0019976 -9.81e-05 0.00825 0.002 0 0.00925 0.0019976 9.81e-05 0.00925 0.0019904 0.000196 0.00925 0.0019784 0.0002935 0.00925 0.0019616 0.0003902 0.00925 0.0019401 0.000486 0.00925 0.0019139 0.0005806 0.00925 0.0018831 0.0006738 0.00925 0.0018478 0.0007654 0.00925 0.001808 0.0008551 0.00925 0.0017638 0.0009428 0.00925 0.0017155 0.0010282 0.00925 0.0016629 0.0011111 0.00925 0.0016064 0.0011914 0.00925 0.001546 0.0012688 0.00925 0.0014819 0.0013431 0.00925 0.0014142 0.0014142 0.00925 0.0013431 0.0014819 0.00925 0.0012688 0.001546 0.00925 0.0011914 0.0016064 0.00925 0.0011111 0.0016629 0.00925 0.0010282 0.0017155 0.00925 0.0009428 0.0017638 0.00925 0.0008551 0.001808 0.00925 0.0007654 0.0018478 0.00925 0.0006738 0.0018831 0.00925 0.0005806 0.0019139 0.00925 0.000486 0.0019401 0.00925 0.0003902 0.0019616 0.00925 0.0002935 0.0019784 0.00925 0.000196 0.0019904 0.00925 9.81e-05 0.0019976 0.00925 0 0.002 0.00925 -9.81e-05 0.0019976 0.00925 -0.000196 0.0019904 0.00925 -0.0002935 0.0019784 0.00925 -0.0003902 0.0019616 0.00925 -0.000486 0.0019401 0.00925 -0.0005806 0.0019139 0.00925 -0.0006738 0.0018831 0.00925 -0.0007654 0.0018478 0.00925 -0.0008551 0.001808 0.00925 -0.0009428 0.0017638 0.00925 -0.0010282 0.0017155 0.00925 -0.0011111 0.0016629 0.00925 -0.0011914 0.0016064 0.00925 -0.0012688 0.001546 0.00925 -0.0013431 0.0014819 0.00925 -0.0014142 0.0014142 0.00925 -0.0014819 0.0013431 0.00925 -0.001546 0.0012688 0.00925 -0.0016064 0.0011914 0.00925 -0.0016629 0.0011111 0.00925 -0.0017155 0.0010282 0.00925 -0.0017638 0.0009428 0.00925 -0.001808 0.0008551 0.00925 -0.0018478 0.0007654 0.00925 -0.0018831 0.0006738 0.00925 -0.0019139 0.0005806 0.00925 -0.0019401 0.000486 0.00925 -0.0019616 0.0003902 0.00925 -0.0019784 0.0002935 0.00925 -0.0019904 0.000196 0.00925 -0.0019976 9.81e-05 0.00925 -0.002 0 0.00925 -0.0019976 -9.81e-05 0.00925 -0.0019904 -0.000196 0.00925 -0.0019784 -0.0002935 0.00925 -0.0019616 -0.0003902 0.00925 -0.0019401 -0.000486 0.00925 -0.0019139 -0.0005806 0.00925 -0.0018831 -0.0006738 0.00925 -0.0018478 -0.0007654 0.00925 -0.001808 -0.0008551 0.00925 -0.0017638 -0.0009428 0.00925 -0.0017155 -0.0010282 0.00925 -0.0016629 -0.0011111 0.00925 -0.0016064 -0.0011914 0.00925 -0.001546 -0.0012688 0.00925 -0.0014819 -0.0013431 0.00925 -0.0014142 -0.0014142 0.00925 -0.0013431 -0.0014819 0.00925 -0.0012688 -0.001546 0.00925 -0.0011914 -0.0016064 0.00925 -0.0011111 -0.0016629 0.00925 -0.0010282 -0.0017155 0.00925 -0.0009428 -0.0017638 0.00925 -0.0008551 -0.001808 0.00925 -0.0007654 -0.0018478 0.00925 -0.0006738 -0.0018831 0.00925 -0.0005806 -0.0019139 0.00925 -0.000486 -0.0019401 0.00925 -0.0003902 -0.0019616 0.00925 -0.0002935 -0.0019784 0.00925 -0.000196 -0.0019904 0.00925 -9.81e-05 -0.0019976 0.00925 -0 -0.002 0.00925 9.81e-05 -0.0019976 0.00925 0.000196 -0.0019904 0.00925 0.0002935 -0.0019784 0.00925 0.0003902 -0.0019616 0.00925 0.000486 -0.0019401 0.00925 0.0005806 -0.0019139 0.00925 0.0006738 -0.0018831 0.00925 0.0007654 -0.0018478 0.00925 0.0008551 -0.001808 0.00925 0.0009428 -0.0017638 0.00925 0.0010282 -0.0017155 0.00925 0.0011111 -0.0016629 0.00925 0.0011914 -0.0016064 0.00925 0.0012688 -0.001546 0.00925 0.0013431 -0.0014819 0.00925 0.0014142 -0.0014142 0.00925 0.0014819 -0.0013431 0.00925 0.001546 -0.0012688 0.00925 0.0016064 -0.0011914 0.00925 0.0016629 -0.0011111 0.00925 0.0017155 -0.0010282 0.00925 0.0017638 -0.0009428 0.00925 0.001808 -0.0008551 0.00925 0.0018478 -0.0007654 0.00925 0.0018831 -0.0006738 0.00925 0.0019139 -0.0005806 0.00925 0.0019401 -0.000486 0.00925 0.0019616 -0.0003902 0.00925 0.0019784 -0.0002935 0.00925 0.0019904 -0.000196 0.00925 0.0019976 -9.81e-05 0.00925</float_array><technique_common><accessor source="#positions_arr" count="1024" stride="3"><param name="X" type="float" /><param name="Y" type="float" /><param name="Z" type="float" /></accessor></technique_common></source><source id="uvs"><float_array id="uvs_arr" count="12288">0.95562265 0 0.95802059 0 0.95838449 0.05405405 0.95562265 0 0.95838449 0.05405405 0.95562265 0.05405405 0.95802059 0 0.96043036 0 0.96115965 0.05405405 0.95802059 0 0.96115965 0.05405405 0.95838449 0.05405405 0.96043036 0 0.9628638 0 0.96396143 0.05405405 0.96043036 0 0.96396143 0.05405405 0.96115965 0.05405405 0.9628638 0 0.96533274 0 0.9668002 0.05405405 0.9628638 0 0.9668002 0.05405405 0.96396143 0.05405405 0.96533274 0 0.96783275 0 0.96965228 0.05405405 0.96533274 0 0.96965228 0.05405405 0.9668002 0.05405405 0.96783275 0 0.97032092 0 0.97248365 0.05405405 0.96783275 0 0.97248365 0.05405405 0.96965228 0.05405405 0.97032092 0 0.97277211 0 0.97526916 0.05405405 0.97032092 0 0.97526916 0.05405405 0.97248365 0.05405405 0.97277211 0 0.97516413 0 0.97799402 0.05405405 0.97277211 0 0.97799402 0.05405405 0.97526916 0.05405405 0.97516413 0 0.97747479 0 0.98063752 0.05405405 0.97516413 0 0.98063752 0.05405405 0.97799402 0.05405405 0.97747479 0 0.97968485 0 0.98317155 0.05405405 0.97747479 0 0.98317155 0.05405405 0.98063752 0.05405405 0.97968485 0 0.98177066 0 0.9855828 0.05405405 0.97968485 0 0.9855828 0.05405405 0.98317155 0.05405405 0.98177066 0 0.98371445 0 0.98785499 0.05405405 0.98177066 0 0.98785499 0.05405405 0.9855828 0.05405405 0.98371445 0 0.98550144 0 0.98996891 0.05405405 0.98371445 0 0.98996891 0.05405405 0.98785499 0.05405405 0.97136679 0 0.96792528 0 0.97841738 0.05405405 0.97136679 0 0.97841738 0.05405405 0.98219667 0.05405405 0.96792528 0 0.96422844 0 0.97437746 0.05405405 0.96792528 0 0.97437746 0.05405405 0.97841738 0.05405405 0.96422844 0 0.96031617 0 0.97011412 0.05405405 0.96422844 0 0.97011412 0.05405405 0.97437746 0.05405405 0.96031617 0 0.9562204 0 0.9656327 0.05405405 0.96031617 0 0.9656327 0.05405405 0.97011412 0.05405405 0.9562204 0 0.951981 0 0.96098905 0.05405405 0.9562204 0 0.96098905 0.05405405 0.9656327 0.05405405 0.951981 0 0.94763522 0 0.95623103 0.05405405 0.951981 0 0.95623103 0.05405405 0.96098905 0.05405405 0.94763522 0 0.94322295 0 0.95137195 0.05405405 0.94763522 0 0.95137195 0.05405405 0.95623103 0.05405405 0.94322295 0 0.93875217 0 0.94645968 0.05405405 0.94322295 0 0.94645968 0.05405405 0.95137195 0.05405405 0.93875217 0 0.93444363 0 0.94154475 0.05405405 0.93875217 0 0.94154475 0.05405405 0.94645968 0.05405405 0.93444363 0 0.93035583 0 0.93663779 0.05405405 0.93444363 0 0.93663779 0.05405405 0.94154475 0.05405405 0.93035583 0 0.9264542 0 0.93195424 0.05405405 0.93035583 0 0.93195424 0.05405405 0.93663779 0.05405405 0.9264542 0 0.92270683 0 0.92745687 0.05405405 0.9264542 0 0.92745687 0.05405405 0.93195424 0.05405405 0.92270683 0 0.91908712 0 0.92311641 0.05405405 0.92270683 0 0.92311641 0.05405405 0.92745687 0.05405405 0.91908712 0 0.91557645 0 0.91890361 0.05405405 0.91908712 0 0.91890361 0.05405405 0.92311641 0.05405405 0.91557645 0 0.91215089 0 0.91479187 0.05405405 0.91557645 0 0.91479187 0.05405405 0.91890361 0.05405405 0.91215089 0 0.90878917 0 0.91075993 0.05405405 0.91215089 0 0.91075993 0.05405405 0.91479187 0.05405405 0.90878917 0 0.90547797 0 0.90678649 0.05405405 0.90878917 0 0.90678649 0.05405405 0.91075993 0.05405405 0.90547797 0 0.90219869 0 0.90285295 0.05405405 0.90547797 0 0.90285295 0.05405405 0.90678649 0.05405405 0.90219869 0 0.89893536 0 0.89893536 0.05405405 0.90219869 0 0.89893536 0.05405405 0.90285295 0.05405405 0.89893536 0 0.89567204 0 0.89501778 0.05405405 0.89893536 0 0.89501778 0.05405405 0.89893536 0.05405405 0.89567204 0 0.89239276 0 0.89108424 0.05405405 0.89567204 0 0.89108424 0.05405405 0.89501778 0.05405405 0.89239276 0 0.88908156 0 0.8871108 0.05405405 0.89239276 0 0.8871108 0.05405405 0.89108424 0.05405405 0.88908156 0 0.88571983 0 0.88307885 0.05405405 0.88908156 0 0.88307885 0.05405405 0.8871108 0.05405405 0.88571983 0 0.88229427 0 0.87896712 0.05405405 0.88571983 0 0.87896712 0.05405405 0.88307885 0.05405405 0.88229427 0 0.87878095 0 0.87475166 0.05405405 0.88229427 0 0.87475166 0.05405405 0.87896712 0.05405405 0.87878095 0 0.8751639 0 0.8704112 0.05405405 0.87878095 0 0.8704112 0.05405405 0.87475166 0.05405405 0.8751639 0 0.87141653 0 0.86591382 0.05405405 0.8751639 0 0.86591382 0.05405405 0.8704112 0.05405405 0.87141653 0 0.86751224 0 0.86123028 0.05405405 0.87141653 0 0.86123028 0.05405405 0.86591382 0.05405405 0.86751224 0 0.86342444 0 0.85632332 0.05405405 0.86751224 0 0.85632332 0.05405405 0.86123028 0.05405405 0.86342444 0 0.85911324 0 0.85115307 0.05405405 0.86342444 0 0.85115307 0.05405405 0.85632332 0.05405405 0.85911324 0 0.85454405 0 0.84566632 0.05405405 0.85911324 0 0.84566632 0.05405405 0.85115307 0.05405405 0.85454405 0 0.84966103 0 0.83980989 0.05405405 0.85454405 0 0.83980989 0.05405405 0.84566632 0.05405405 0.84966103 0 0.84441099 0 0.83350931 0.05405405 0.84966103 0 0.83350931 0.05405405 0.83980989 0.05405405 0.84441099 0 0.83871946 0 0.82667681 0.05405405 0.84441099 0 0.82667681 0.05405405 0.83350931 0.05405405 0.83871946 0 0.832496 0 0.81921132 0.05405405 0.83871946 0 0.81921132 0.05405405 0.82667681 0.05405405 0.832496 0 0.82563159 0 0.8109719 0.05405405 0.832496 0 0.8109719 0.05405405 0.81921132 0.05405405 0.82563159 0 0.81797727 0 0.80178831 0.05405405 0.82563159 0 0.80178831 0.05405405 0.8109719 0.05405405 0.81797727 0 0.80934954 0 0.79143717 0.05405405 0.81797727 0 0.79143717 0.05405405 0.80178831 0.05405405 0.80934954 0 0.7994984 0 0.77961526 0.05405405 0.80934954 0 0.77961526 0.05405405 0.79143717 0.05405405 0.7994984 0 0.78808342 0 0.76591569 0.05405405 0.7994984 0 0.76591569 0.05405405 0.77961526 0.05405405 0.78808342 0 0.77462852 0 0.74976928 0.05405405 0.78808342 0 0.74976928 0.05405405 0.76591569 0.05405405 0.77462852 0 0.7584502 0 0.73035689 0.05405405 0.77462852 0 0.73035689 0.05405405 0.74976928 0.05405405 0.7584502 0 0.73852185 0 0.70644181 0.05405405 0.7584502 0 0.70644181 0.05405405 0.73035689 0.05405405 0.73852185 0 0.71322909 0 0.67608784 0.05405405 0.73852185 0 0.67608784 0.05405405 0.70644181 0.05405405 0.71322909 0 0.67988042 0 0.6360689 0.05405405 0.71322909 0 0.6360689 0.05405405 0.67608784 0.05405405 0.67988042 0 0.63364335 0 0.5805791 0.05405405 0.67988042 0 0.5805791 0.05405405 0.6360689 0.05405405 0.63364335 0 0.56483429 0 0.49799865 0.05405405 0.63364335 0 0.49799865 0.05405405 0.5805791 0.05405405 0.56483429 0 0.45086796 0 0.36121831 0.05405405 0.56483429 0 0.36121831 0.05405405 0.49799865 0.05405405 0.45086796 0 0.22395923 0 0.08885975 0.05405405 0.45086796 0 0.08885975 0.05405405 0.36121831 0.05405405 0.22395923 0 0.02007197 0 0.00547611 0.05405405 0.22395923 0.99259909 0.00547611 0.98003692 0.08885975 1 0.97963751 0 0.95562265 0 0.95562265 0.05405405 0.97963751 0 0.95562265 0.05405405 0.98003692 0.05405405 0.95562265 0 0.93142435 0 0.93106045 0.05405405 0.95562265 0 0.93106045 0.05405405 0.95562265 0.05405405 0.93142435 0 0.90710771 0 0.9063799 0.05405405 0.93142435 0 0.9063799 0.05405405 0.93106045 0.05405405 0.90710771 0 0.88255587 0 0.88145971 0.05405405 0.90710771 0 0.88145971 0.05405405 0.9063799 0.05405405 0.88255587 0 0.85764307 0 0.85617265 0.05405405 0.88255587 0 0.85617265 0.05405405 0.88145971 0.05405405 0.85764307 0 0.83223767 0 0.83038707 0.05405405 0.85764307 0 0.83038707 0.05405405 0.85617265 0.05405405 0.83223767 0 0.80620061 0 0.80395948 0.05405405 0.83223767 0 0.80395948 0.05405405 0.83038707 0.05405405 0.80620061 0 0.77937509 0 0.77673159 0.05405405 0.80620061 0 0.77673159 0.05405405 0.80395948 0.05405405 0.77937509 0 0.7515895 0 0.74852884 0.05405405 0.77937509 0 0.74852884 0.05405405 0.77673159 0.05405405 0.7515895 0 0.72264859 0 0.71915449 0.05405405 0.7515895 0 0.71915449 0.05405405 0.74852884 0.05405405 0.72264859 0 0.69233193 0 0.68838221 0.05405405 0.72264859 0 0.68838221 0.05405405 0.71915449 0.05405405 0.69233193 0 0.66037917 0 0.65595017 0.05405405 0.69233193 0 0.65595017 0.05405405 0.68838221 0.05405405 0.66037917 0 0.62648854 0 0.62154918 0.05405405 0.66037917 0 0.62154918 0.05405405 0.65595017 0.05405405 0.62648854 0 0.59029613 0 0.58481386 0.05405405 0.62648854 0 0.58481386 0.05405405 0.62154918 0.05405405 0.59029613 0 0.55136702 0 0.54530043 0.05405405 0.59029613 0 0.54530043 0.05405405 0.58481386 0.05405405 0.55136702 0 0.50916571 0 0.50246598 0.05405405 0.55136702 0 0.50246598 0.05405405 0.54530043 0.05405405 0.50916571 0 0.46303244 0 0.4556404 0.05405405 0.50916571 0 0.4556404 0.05405405 0.50246598 0.05405405 0.46303244 0 0.4121314 0 0.40397457 0.05405405 0.46303244 0 0.40397457 0.05405405 0.4556404 0.05405405 0.4121314 0 0.35539454 0 0.34638564 0.05405405 0.4121314 0 0.34638564 0.05405405 0.40397457 0.05405405 0.35539454 0 0.29143429 0 0.28146385 0.05405405 0.35539454 0 0.28146385 0.05405405 0.34638564 0.05405405 0.29143429 0 0.2183971 0 0.20732902 0.05405405 0.29143429 0 0.20732902 0.05405405 0.28146385 0.05405405 0.2183971 0 0.13376667 0 0.12142639 0.05405405 0.2183971 0 0.12142639 0.05405405 0.20732902 0.05405405 0.13376667 0 0.03402377 0 0.02339208 0.05405405 0.13376667 0 0.02339208 0.05405405 0.12142639 0.05405405 0.01329 0 0.09264968 0 0.08636771 0.05405405 0.01329 0 0.08636771 0.05405405 0.00307449 0.05405405 0.09264968 0 0.19280473 0 0.18730203 0.05405405 0.09264968 0 0.18730203 0.05405405 0.08636771 0.05405405 0.19280473 0 0.28896241 0 0.28420971 0.05405405 0.19280473 0 0.28420971 0.05405405 0.18730203 0.05405405 0.28896241 0 0.38180092 0 0.37776897 0.05405405 0.28896241 0 0.37776897 0.05405405 0.28420971 0.05405405 0.38180092 0 0.47191334 0 0.46858353 0.05405405 0.38180092 0 0.46858353 0.05405405 0.37776897 0.05405405 0.47191334 0 0.55983425 0 0.55719062 0.05405405 0.47191334 0 0.55719062 0.05405405 0.46858353 0.05405405 0.55983425 0 0.64605569 0 0.64408227 0.05405405 0.55983425 0 0.64408227 0.05405405 0.55719062 0.05405405 0.64605569 0 0.73102977 0 0.72971859 0.05405405 0.64605569 0 0.72971859 0.05405405 0.64408227 0.05405405 0.73102977 0 0.8151847 0 0.81453044 0.05405405 0.73102977 0 0.81453044 0.05405405 0.72971859 0.05405405 0.8151847 0 0.89893536 0 0.89893536 0.05405405 0.8151847 0 0.89893536 0.05405405 0.81453044 0.05405405 0.89893536 0 0.98140943 0 0.98244135 0.05405405 0.89893536 0 0.98244135 0.05405405 0.89893536 0.05405405 0.02186693 0 0.46015521 0 0.38514019 0.05405405 0.02186693 0 0.38514019 0.05405405 0.01017311 0.05405405 0.46015521 0 0.6266054 0 0.57677981 0.05405405 0.46015521 0 0.57677981 0.05405405 0.38514019 0.05405405 0.6266054 0 0.71024914 0 0.67308483 0.05405405 0.6266054 0 0.67308483 0.05405405 0.57677981 0.05405405 0.71024914 0 0.76076409 0 0.73124773 0.05405405 0.71024914 0 0.73124773 0.05405405 0.67308483 0.05405405 0.76076409 0 0.79471537 0 0.77034104 0.05405405 0.76076409 0 0.77034104 0.05405405 0.73124773 0.05405405 0.79471537 0 0.81920361 0 0.79853787 0.05405405 0.79471537 0 0.79853787 0.05405405 0.77034104 0.05405405 0.81920361 0 0.83777911 0 0.81992698 0.05405405 0.81920361 0 0.81992698 0.05405405 0.79853787 0.05405405 0.83777911 0 0.85241672 0 0.83678206 0.05405405 0.83777911 0 0.83678206 0.05405405 0.81992698 0.05405405 0.85241672 0 0.86429989 0 0.85046405 0.05405405 0.85241672 0 0.85046405 0.05405405 0.83678206 0.05405405 0.86429989 0 0.87418158 0 0.86184427 0.05405405 0.86429989 0 0.86184427 0.05405405 0.85046405 0.05405405 0.87418158 0 0.8825677 0 0.87149962 0.05405405 0.87418158 0 0.87149962 0.05405405 0.86184427 0.05405405 0.8825677 0 0.88980441 0 0.87983248 0.05405405 0.8825677 0 0.87983248 0.05405405 0.87149962 0.05405405 0.88980441 0 0.8961417 0 0.88713132 0.05405405 0.88980441 0 0.88713132 0.05405405 0.87983248 0.05405405 0.8961417 0 0.9017645 0 0.89360471 0.05405405 0.8961417 0 0.89360471 0.05405405 0.88713132 0.05405405 0.9017645 0 0.90680742 0 0.89941242 0.05405405 0.9017645 0 0.89941242 0.05405405 0.89360471 0.05405405 0.90680742 0 0.91137992 0 0.90467575 0.05405405 0.90680742 0 0.90467575 0.05405405 0.89941242 0.05405405 0.91137992 0 0.91556188 0 0.90949234 0.05405405 0.91137992 0 0.90949234 0.05405405 0.90467575 0.05405405 0.91556188 0 0.9194184 0 0.91393318 0.05405405 0.91556188 0 0.91393318 0.05405405 0.90949234 0.05405405 0.9194184 0 0.92300569 0 0.91806337 0.05405405 0.9194184 0 0.91806337 0.05405405 0.91393318 0.05405405 0.92300569 0 0.92636369 0 0.92193024 0.05405405 0.92300569 0 0.92193024 0.05405405 0.91806337 0.05405405 0.92636369 0 0.92953086 0 0.9255767 0.05405405 0.92636369 0 0.9255767 0.05405405 0.92193024 0.05405405 0.92953086 0 0.9325353 0 0.92903677 0.05405405 0.92953086 0 0.92903677 0.05405405 0.9255767 0.05405405 0.9325353 0 0.93540218 0 0.93233856 0.05405405 0.9325353 0 0.93233856 0.05405405 0.92903677 0.05405405 0.93540218 0 0.93815662 0 0.93551016 0.05405405 0.93540218 0 0.93551016 0.05405405 0.93233856 0.05405405 0.93815662 0 0.94081491 0 0.93857082 0.05405405 0.93815662 0 0.93857082 0.05405405 0.93551016 0.05405405 0.94081491 0 0.9433948 0 0.94154273 0.05405405 0.94081491 0 0.94154273 0.05405405 0.93857082 0.05405405 0.9433948 0 0.94591256 0 0.94444066 0.05405405 0.9433948 0 0.94444066 0.05405405 0.94154273 0.05405405 0.94591256 0 0.9483815 0 0.94728387 0.05405405 0.94591256 0 0.94728387 0.05405405 0.94444066 0.05405405 0.9483815 0 0.95081494 0 0.95008565 0.05405405 0.9483815 0 0.95008565 0.05405405 0.94728387 0.05405405 0.95081494 0 0.95322471 0 0.95286081 0.05405405 0.95081494 0 0.95286081 0.05405405 0.95008565 0.05405405 0.95322471 0 0.95562265 0 0.95562265 0.05405405 0.95322471 0 0.95562265 0.05405405 0.95286081 0.05405405 0.95562265 0.05405405 0.95838449 0.05405405 0.95838449 0.94594595 0.95562265 0.05405405 0.95838449 0.94594595 0.95562265 0.94594595 0.95838449 0.05405405 0.96115965 0.05405405 0.96115965 0.94594595 0.95838449 0.05405405 0.96115965 0.94594595 0.95838449 0.94594595 0.96115965 0.05405405 0.96396143 0.05405405 0.96396143 0.94594595 0.96115965 0.05405405 0.96396143 0.94594595 0.96115965 0.94594595 0.96396143 0.05405405 0.9668002 0.05405405 0.9668002 0.94594595 0.96396143 0.05405405 0.9668002 0.94594595 0.96396143 0.94594595 0.9668002 0.05405405 0.96965228 0.05405405 0.96965228 0.94594595 0.9668002 0.05405405 0.96965228 0.94594595 0.9668002 0.94594595 0.96965228 0.05405405 0.97248365 0.05405405 0.97248365 0.94594595 0.96965228 0.05405405 0.97248365 0.94594595 0.96965228 0.94594595 0.97248365 0.05405405 0.97526916 0.05405405 0.97526916 0.94594595 0.97248365 0.05405405 0.97526916 0.94594595 0.97248365 0.94594595 0.97526916 0.05405405 0.97799402 0.05405405 0.97799402 0.94594595 0.97526916 0.05405405 0.97799402 0.94594595 0.97526916 0.94594595 0.97799402 0.05405405 0.98063752 0.05405405 0.98063752 0.94594595 0.97799402 0.05405405 0.98063752 0.94594595 0.97799402 0.94594595 0.98063752 0.05405405 0.98317155 0.05405405 0.98317155 0.94594595 0.98063752 0.05405405 0.98317155 0.94594595 0.98063752 0.94594595 0.98317155 0.05405405 0.9855828 0.05405405 0.9855828 0.94594595 0.98317155 0.05405405 0.9855828 0.94594595 0.98317155 0.94594595 0.9855828 0.05405405 0.98785499 0.05405405 0.98785499 0.94594595 0.9855828 0.05405405 0.98785499 0.94594595 0.9855828 0.94594595 0.98785499 0.05405405 0.98996891 0.05405405 0.98996891 0.94594595 0.98785499 0.05405405 0.98996891 0.94594595 0.98785499 0.94594595 0.98219667 0.05405405 0.97841738 0.05405405 0.97841738 0.94594595 0.98219667 0.05405405 0.97841738 0.94594595 0.98219667 0.94594595 0.97841738 0.05405405 0.97437746 0.05405405 0.97437746 0.94594595 0.97841738 0.05405405 0.97437746 0.94594595 0.97841738 0.94594595 0.97437746 0.05405405 0.97011412 0.05405405 0.97011412 0.94594595 0.97437746 0.05405405 0.97011412 0.94594595 0.97437746 0.94594595 0.97011412 0.05405405 0.9656327 0.05405405 0.9656327 0.94594595 0.97011412 0.05405405 0.9656327 0.94594595 0.97011412 0.94594595 0.9656327 0.05405405 0.96098905 0.05405405 0.96098905 0.94594595 0.9656327 0.05405405 0.96098905 0.94594595 0.9656327 0.94594595 0.96098905 0.05405405 0.95623103 0.05405405 0.95623103 0.94594595 0.96098905 0.05405405 0.95623103 0.94594595 0.96098905 0.94594595 0.95623103 0.05405405 0.95137195 0.05405405 0.95137195 0.94594595 0.95623103 0.05405405 0.95137195 0.94594595 0.95623103 0.94594595 0.95137195 0.05405405 0.94645968 0.05405405 0.94645968 0.94594595 0.95137195 0.05405405 0.94645968 0.94594595 0.95137195 0.94594595 0.94645968 0.05405405 0.94154475 0.05405405 0.94154475 0.94594595 0.94645968 0.05405405 0.94154475 0.94594595 0.94645968 0.94594595 0.94154475 0.05405405 0.93663779 0.05405405 0.93663779 0.94594595 0.94154475 0.05405405 0.93663779 0.94594595 0.94154475 0.94594595 0.93663779 0.05405405 0.93195424 0.05405405 0.93195424 0.94594595 0.93663779 0.05405405 0.93195424 0.94594595 0.93663779 0.94594595 0.93195424 0.05405405 0.92745687 0.05405405 0.92745687 0.94594595 0.93195424 0.05405405 0.92745687 0.94594595 0.93195424 0.94594595 0.92745687 0.05405405 0.92311641 0.05405405 0.92311641 0.94594595 0.92745687 0.05405405 0.92311641 0.94594595 0.92745687 0.94594595 0.92311641 0.05405405 0.91890361 0.05405405 0.91890361 0.94594595 0.92311641 0.05405405 0.91890361 0.94594595 0.92311641 0.94594595 0.91890361 0.05405405 0.91479187 0.05405405 0.91479187 0.94594595 0.91890361 0.05405405 0.91479187 0.94594595 0.91890361 0.94594595 0.91479187 0.05405405 0.91075993 0.05405405 0.91075993 0.94594595 0.91479187 0.05405405 0.91075993 0.94594595 0.91479187 0.94594595 0.91075993 0.05405405 0.90678649 0.05405405 0.90678649 0.94594595 0.91075993 0.05405405 0.90678649 0.94594595 0.91075993 0.94594595 0.90678649 0.05405405 0.90285295 0.05405405 0.90285295 0.94594595 0.90678649 0.05405405 0.90285295 0.94594595 0.90678649 0.94594595 0.90285295 0.05405405 0.89893536 0.05405405 0.89893536 0.94594595 0.90285295 0.05405405 0.89893536 0.94594595 0.90285295 0.94594595 0.89893536 0.05405405 0.89501778 0.05405405 0.89501778 0.94594595 0.89893536 0.05405405 0.89501778 0.94594595 0.89893536 0.94594595 0.89501778 0.05405405 0.89108424 0.05405405 0.89108424 0.94594595 0.89501778 0.05405405 0.89108424 0.94594595 0.89501778 0.94594595 0.89108424 0.05405405 0.8871108 0.05405405 0.8871108 0.94594595 0.89108424 0.05405405 0.8871108 0.94594595 0.89108424 0.94594595 0.8871108 0.05405405 0.88307885 0.05405405 0.88307885 0.94594595 0.8871108 0.05405405 0.88307885 0.94594595 0.8871108 0.94594595 0.88307885 0.05405405 0.87896712 0.05405405 0.87896712 0.94594595 0.88307885 0.05405405 0.87896712 0.94594595 0.88307885 0.94594595 0.87896712 0.05405405 0.87475166 0.05405405 0.87475166 0.94594595 0.87896712 0.05405405 0.87475166 0.94594595 0.87896712 0.94594595 0.87475166 0.05405405 0.8704112 0.05405405 0.8704112 0.94594595 0.87475166 0.05405405 0.8704112 0.94594595 0.87475166 0.94594595 0.8704112 0.05405405 0.86591382 0.05405405 0.86591382 0.94594595 0.8704112 0.05405405 0.86591382 0.94594595 0.8704112 0.94594595 0.86591382 0.05405405 0.86123028 0.05405405 0.86123028 0.94594595 0.86591382 0.05405405 0.86123028 0.94594595 0.86591382 0.94594595 0.86123028 0.05405405 0.85632332 0.05405405 0.85632332 0.94594595 0.86123028 0.05405405 0.85632332 0.94594595 0.86123028 0.94594595 0.85632332 0.05405405 0.85115307 0.05405405 0.85115307 0.94594595 0.85632332 0.05405405 0.85115307 0.94594595 0.85632332 0.94594595 0.85115307 0.05405405 0.84566632 0.05405405 0.84566632 0.94594595 0.85115307 0.05405405 0.84566632 0.94594595 0.85115307 0.94594595 0.84566632 0.05405405 0.83980989 0.05405405 0.83980989 0.94594595 0.84566632 0.05405405 0.83980989 0.94594595 0.84566632 0.94594595 0.83980989 0.05405405 0.83350931 0.05405405 0.83350931 0.94594595 0.83980989 0.05405405 0.83350931 0.94594595 0.83980989 0.94594595 0.83350931 0.05405405 0.82667681 0.05405405 0.82667681 0.94594595 0.83350931 0.05405405 0.82667681 0.94594595 0.83350931 0.94594595 0.82667681 0.05405405 0.81921132 0.05405405 0.81921132 0.94594595 0.82667681 0.05405405 0.81921132 0.94594595 0.82667681 0.94594595 0.81921132 0.05405405 0.8109719 0.05405405 0.8109719 0.94594595 0.81921132 0.05405405 0.8109719 0.94594595 0.81921132 0.94594595 0.8109719 0.05405405 0.80178831 0.05405405 0.80178831 0.94594595 0.8109719 0.05405405 0.80178831 0.94594595 0.8109719 0.94594595 0.80178831 0.05405405 0.79143717 0.05405405 0.79143717 0.94594595 0.80178831 0.05405405 0.79143717 0.94594595 0.80178831 0.94594595 0.79143717 0.05405405 0.77961526 0.05405405 0.77961526 0.94594595 0.79143717 0.05405405 0.77961526 0.94594595 0.79143717 0.94594595 0.77961526 0.05405405 0.76591569 0.05405405 0.76591569 0.94594595 0.77961526 0.05405405 0.76591569 0.94594595 0.77961526 0.94594595 0.76591569 0.05405405 0.74976928 0.05405405 0.74976928 0.94594595 0.76591569 0.05405405 0.74976928 0.94594595 0.76591569 0.94594595 0.74976928 0.05405405 0.73035689 0.05405405 0.73035689 0.94594595 0.74976928 0.05405405 0.73035689 0.94594595 0.74976928 0.94594595 0.73035689 0.05405405 0.70644181 0.05405405 0.70644181 0.94594595 0.73035689 0.05405405 0.70644181 0.94594595 0.73035689 0.94594595 0.70644181 0.05405405 0.67608784 0.05405405 0.67608784 0.94594595 0.70644181 0.05405405 0.67608784 0.94594595 0.70644181 0.94594595 0.67608784 0.05405405 0.6360689 0.05405405 0.6360689 0.94594595 0.67608784 0.05405405 0.6360689 0.94594595 0.67608784 0.94594595 0.6360689 0.05405405 0.5805791 0.05405405 0.5805791 0.94594595 0.6360689 0.05405405 0.5805791 0.94594595 0.6360689 0.94594595 0.5805791 0.05405405 0.49799865 0.05405405 0.49799865 0.94594595 0.5805791 0.05405405 0.49799865 0.94594595 0.5805791 0.94594595 0.49799865 0.05405405 0.36121831 0.05405405 0.36121831 0.94594595 0.49799865 0.05405405 0.36121831 0.94594595 0.49799865 0.94594595 0.36121831 0.05405405 0.08885975 0.05405405 0.08885975 0.94594595 0.36121831 0.05405405 0.08885975 0.94594595 0.36121831 0.94594595 0.08885975 0.05405405 0.00547611 0.05405405 0.00547611 0.94594595 0.08885975 0.05405405 0.00547611 0.94594595 0.08885975 0.94594595 0.98003692 0.05405405 0.95562265 0.05405405 0.95562265 0.94594595 0.98003692 0.05405405 0.95562265 0.94594595 0.98003692 0.94594595 0.95562265 0.05405405 0.93106045 0.05405405 0.93106045 0.94594595 0.95562265 0.05405405 0.93106045 0.94594595 0.95562265 0.94594595 0.93106045 0.05405405 0.9063799 0.05405405 0.9063799 0.94594595 0.93106045 0.05405405 0.9063799 0.94594595 0.93106045 0.94594595 0.9063799 0.05405405 0.88145971 0.05405405 0.88145971 0.94594595 0.9063799 0.05405405 0.88145971 0.94594595 0.9063799 0.94594595 0.88145971 0.05405405 0.85617265 0.05405405 0.85617265 0.94594595 0.88145971 0.05405405 0.85617265 0.94594595 0.88145971 0.94594595 0.85617265 0.05405405 0.83038707 0.05405405 0.83038707 0.94594595 0.85617265 0.05405405 0.83038707 0.94594595 0.85617265 0.94594595 0.83038707 0.05405405 0.80395948 0.05405405 0.80395948 0.94594595 0.83038707 0.05405405 0.80395948 0.94594595 0.83038707 0.94594595 0.80395948 0.05405405 0.77673159 0.05405405 0.77673159 0.94594595 0.80395948 0.05405405 0.77673159 0.94594595 0.80395948 0.94594595 0.77673159 0.05405405 0.74852884 0.05405405 0.74852884 0.94594595 0.77673159 0.05405405 0.74852884 0.94594595 0.77673159 0.94594595 0.74852884 0.05405405 0.71915449 0.05405405 0.71915449 0.94594595 0.74852884 0.05405405 0.71915449 0.94594595 0.74852884 0.94594595 0.71915449 0.05405405 0.68838221 0.05405405 0.68838221 0.94594595 0.71915449 0.05405405 0.68838221 0.94594595 0.71915449 0.94594595 0.68838221 0.05405405 0.65595017 0.05405405 0.65595017 0.94594595 0.68838221 0.05405405 0.65595017 0.94594595 0.68838221 0.94594595 0.65595017 0.05405405 0.62154918 0.05405405 0.62154918 0.94594595 0.65595017 0.05405405 0.62154918 0.94594595 0.65595017 0.94594595 0.62154918 0.05405405 0.58481386 0.05405405 0.58481386 0.94594595 0.62154918 0.05405405 0.58481386 0.94594595 0.62154918 0.94594595 0.58481386 0.05405405 0.54530043 0.05405405 0.54530043 0.94594595 0.58481386 0.05405405 0.54530043 0.94594595 0.58481386 0.94594595 0.54530043 0.05405405 0.50246598 0.05405405 0.50246598 0.94594595 0.54530043 0.05405405 0.50246598 0.94594595 0.54530043 0.94594595 0.50246598 0.05405405 0.4556404 0.05405405 0.4556404 0.94594595 0.50246598 0.05405405 0.4556404 0.94594595 0.50246598 0.94594595 0.4556404 0.05405405 0.40397457 0.05405405 0.40397457 0.94594595 0.4556404 0.05405405 0.40397457 0.94594595 0.4556404 0.94594595 0.40397457 0.05405405 0.34638564 0.05405405 0.34638564 0.94594595 0.40397457 0.05405405 0.34638564 0.94594595 0.40397457 0.94594595 0.34638564 0.05405405 0.28146385 0.05405405 0.28146385 0.94594595 0.34638564 0.05405405 0.28146385 0.94594595 0.34638564 0.94594595 0.28146385 0.05405405 0.20732902 0.05405405 0.20732902 0.94594595 0.28146385 0.05405405 0.20732902 0.94594595 0.28146385 0.94594595 0.20732902 0.05405405 0.12142639 0.05405405 0.12142639 0.94594595 0.20732902 0.05405405 0.12142639 0.94594595 0.20732902 0.94594595 0.12142639 0.05405405 0.02339208 0.05405405 0.02339208 0.94594595 0.12142639 0.05405405 0.02339208 0.94594595 0.12142639 0.94594595 0.00307449 0.05405405 0.08636771 0.05405405 0.08636771 0.94594595 0.00307449 0.05405405 0.08636771 0.94594595 0.00307449 0.94594595 0.08636771 0.05405405 0.18730203 0.05405405 0.18730203 0.94594595 0.08636771 0.05405405 0.18730203 0.94594595 0.08636771 0.94594595 0.18730203 0.05405405 0.28420971 0.05405405 0.28420971 0.94594595 0.18730203 0.05405405 0.28420971 0.94594595 0.18730203 0.94594595 0.28420971 0.05405405 0.37776897 0.05405405 0.37776897 0.94594595 0.28420971 0.05405405 0.37776897 0.94594595 0.28420971 0.94594595 0.37776897 0.05405405 0.46858353 0.05405405 0.46858353 0.94594595 0.37776897 0.05405405 0.46858353 0.94594595 0.37776897 0.94594595 0.46858353 0.05405405 0.55719062 0.05405405 0.55719062 0.94594595 0.46858353 0.05405405 0.55719062 0.94594595 0.46858353 0.94594595 0.55719062 0.05405405 0.64408227 0.05405405 0.64408227 0.94594595 0.55719062 0.05405405 0.64408227 0.94594595 0.55719062 0.94594595 0.64408227 0.05405405 0.72971859 0.05405405 0.72971859 0.94594595 0.64408227 0.05405405 0.72971859 0.94594595 0.64408227 0.94594595 0.72971859 0.05405405 0.81453044 0.05405405 0.81453044 0.94594595 0.72971859 0.05405405 0.81453044 0.94594595 0.72971859 0.94594595 0.81453044 0.05405405 0.89893536 0.05405405 0.89893536 0.94594595 0.81453044 0.05405405 0.89893536 0.94594595 0.81453044 0.94594595 0.89893536 0.05405405 0.98244135 0.05405405 0.98244135 0.94594595 0.89893536 0.05405405 0.98244135 0.94594595 0.89893536 0.94594595 0.01017311 0.05405405 0.38514019 0.05405405 0.38514019 0.94594595 0.01017311 0.05405405 0.38514019 0.94594595 0.01017311 0.94594595 0.38514019 0.05405405 0.57677981 0.05405405 0.57677981 0.94594595 0.38514019 0.05405405 0.57677981 0.94594595 0.38514019 0.94594595 0.57677981 0.05405405 0.67308483 0.05405405 0.67308483 0.94594595 0.57677981 0.05405405 0.67308483 0.94594595 0.57677981 0.94594595 0.67308483 0.05405405 0.73124773 0.05405405 0.73124773 0.94594595 0.67308483 0.05405405 0.73124773 0.94594595 0.67308483 0.94594595 0.73124773 0.05405405 0.77034104 0.05405405 0.77034104 0.94594595 0.73124773 0.05405405 0.77034104 0.94594595 0.73124773 0.94594595 0.77034104 0.05405405 0.79853787 0.05405405 0.79853787 0.94594595 0.77034104 0.05405405 0.79853787 0.94594595 0.77034104 0.94594595 0.79853787 0.05405405 0.81992698 0.05405405 0.81992698 0.94594595 0.79853787 0.05405405 0.81992698 0.94594595 0.79853787 0.94594595 0.81992698 0.05405405 0.83678206 0.05405405 0.83678206 0.94594595 0.81992698 0.05405405 0.83678206 0.94594595 0.81992698 0.94594595 0.83678206 0.05405405 0.85046405 0.05405405 0.85046405 0.94594595 0.83678206 0.05405405 0.85046405 0.94594595 0.83678206 0.94594595 0.85046405 0.05405405 0.86184427 0.05405405 0.86184427 0.94594595 0.85046405 0.05405405 0.86184427 0.94594595 0.85046405 0.94594595 0.86184427 0.05405405 0.87149962 0.05405405 0.87149962 0.94594595 0.86184427 0.05405405 0.87149962 0.94594595 0.86184427 0.94594595 0.87149962 0.05405405 0.87983248 0.05405405 0.87983248 0.94594595 0.87149962 0.05405405 0.87983248 0.94594595 0.87149962 0.94594595 0.87983248 0.05405405 0.88713132 0.05405405 0.88713132 0.94594595 0.87983248 0.05405405 0.88713132 0.94594595 0.87983248 0.94594595 0.88713132 0.05405405 0.89360471 0.05405405 0.89360471 0.94594595 0.88713132 0.05405405 0.89360471 0.94594595 0.88713132 0.94594595 0.89360471 0.05405405 0.89941242 0.05405405 0.89941242 0.94594595 0.89360471 0.05405405 0.89941242 0.94594595 0.89360471 0.94594595 0.89941242 0.05405405 0.90467575 0.05405405 0.90467575 0.94594595 0.89941242 0.05405405 0.90467575 0.94594595 0.89941242 0.94594595 0.90467575 0.05405405 0.90949234 0.05405405 0.90949234 0.94594595 0.90467575 0.05405405 0.90949234 0.94594595 0.90467575 0.94594595 0.90949234 0.05405405 0.91393318 0.05405405 0.91393318 0.94594595 0.90949234 0.05405405 0.91393318 0.94594595 0.90949234 0.94594595 0.91393318 0.05405405 0.91806337 0.05405405 0.91806337 0.94594595 0.91393318 0.05405405 0.91806337 0.94594595 0.91393318 0.94594595 0.91806337 0.05405405 0.92193024 0.05405405 0.92193024 0.94594595 0.91806337 0.05405405 0.92193024 0.94594595 0.91806337 0.94594595 0.92193024 0.05405405 0.9255767 0.05405405 0.9255767 0.94594595 0.92193024 0.05405405 0.9255767 0.94594595 0.92193024 0.94594595 0.9255767 0.05405405 0.92903677 0.05405405 0.92903677 0.94594595 0.9255767 0.05405405 0.92903677 0.94594595 0.9255767 0.94594595 0.92903677 0.05405405 0.93233856 0.05405405 0.93233856 0.94594595 0.92903677 0.05405405 0.93233856 0.94594595 0.92903677 0.94594595 0.93233856 0.05405405 0.93551016 0.05405405 0.93551016 0.94594595 0.93233856 0.05405405 0.93551016 0.94594595 0.93233856 0.94594595 0.93551016 0.05405405 0.93857082 0.05405405 0.93857082 0.94594595 0.93551016 0.05405405 0.93857082 0.94594595 0.93551016 0.94594595 0.93857082 0.05405405 0.94154273 0.05405405 0.94154273 0.94594595 0.93857082 0.05405405 0.94154273 0.94594595 0.93857082 0.94594595 0.94154273 0.05405405 0.94444066 0.05405405 0.94444066 0.94594595 0.94154273 0.05405405 0.94444066 0.94594595 0.94154273 0.94594595 0.94444066 0.05405405 0.94728387 0.05405405 0.94728387 0.94594595 0.94444066 0.05405405 0.94728387 0.94594595 0.94444066 0.94594595 0.94728387 0.05405405 0.95008565 0.05405405 0.95008565 0.94594595 0.94728387 0.05405405 0.95008565 0.94594595 0.94728387 0.94594595 0.95008565 0.05405405 0.95286081 0.05405405 0.95286081 0.94594595 0.95008565 0.05405405 0.95286081 0.94594595 0.95008565 0.94594595 0.95286081 0.05405405 0.95562265 0.05405405 0.95562265 0.94594595 0.95286081 0.05405405 0.95562265 0.94594595 0.95286081 0.94594595 0.95562265 0.94594595 0.95838449 0.94594595 0.95802059 1 0.95562265 0.94594595 0.95802059 1 0.95562265 1 0.95838449 0.94594595 0.96115965 0.94594595 0.96043036 1 0.95838449 0.94594595 0.96043036 1 0.95802059 1 0.96115965 0.94594595 0.96396143 0.94594595 0.9628638 1 0.96115965 0.94594595 0.9628638 1 0.96043036 1 0.96396143 0.94594595 0.9668002 0.94594595 0.96533274 1 0.96396143 0.94594595 0.96533274 1 0.9628638 1 0.9668002 0.94594595 0.96965228 0.94594595 0.96783275 1 0.9668002 0.94594595 0.96783275 1 0.96533274 1 0.96965228 0.94594595 0.97248365 0.94594595 0.97032092 1 0.96965228 0.94594595 0.97032092 1 0.96783275 1 0.97248365 0.94594595 0.97526916 0.94594595 0.97277211 1 0.97248365 0.94594595 0.97277211 1 0.97032092 1 0.97526916 0.94594595 0.97799402 0.94594595 0.97516413 1 0.97526916 0.94594595 0.97516413 1 0.97277211 1 0.97799402 0.94594595 0.98063752 0.94594595 0.97747479 1 0.97799402 0.94594595 0.97747479 1 0.97516413 1 0.98063752 0.94594595 0.98317155 0.94594595 0.97968485 1 0.98063752 0.94594595 0.97968485 1 0.97747479 1 0.98317155 0.94594595 0.9855828 0.94594595 0.98177066 1 0.98317155 0.94594595 0.98177066 1 0.97968485 1 0.9855828 0.94594595 0.98785499 0.94594595 0.98371445 1 0.9855828 0.94594595 0.98371445 1 0.98177066 1 0.98785499 0.94594595 0.98996891 0.94594595 0.98550144 1 0.98785499 0.94594595 0.98550144 1 0.98371445 1 0.98219667 0.94594595 0.97841738 0.94594595 0.96792528 1 0.98219667 0.94594595 0.96792528 1 0.97136679 1 0.97841738 0.94594595 0.97437746 0.94594595 0.96422844 1 0.97841738 0.94594595 0.96422844 1 0.96792528 1 0.97437746 0.94594595 0.97011412 0.94594595 0.96031617 1 0.97437746 0.94594595 0.96031617 1 0.96422844 1 0.97011412 0.94594595 0.9656327 0.94594595 0.9562204 1 0.97011412 0.94594595 0.9562204 1 0.96031617 1 0.9656327 0.94594595 0.96098905 0.94594595 0.951981 1 0.9656327 0.94594595 0.951981 1 0.9562204 1 0.96098905 0.94594595 0.95623103 0.94594595 0.94763522 1 0.96098905 0.94594595 0.94763522 1 0.951981 1 0.95623103 0.94594595 0.95137195 0.94594595 0.94322295 1 0.95623103 0.94594595 0.94322295 1 0.94763522 1 0.95137195 0.94594595 0.94645968 0.94594595 0.93875217 1 0.95137195 0.94594595 0.93875217 1 0.94322295 1 0.94645968 0.94594595 0.94154475 0.94594595 0.93444363 1 0.94645968 0.94594595 0.93444363 1 0.93875217 1 0.94154475 0.94594595 0.93663779 0.94594595 0.93035583 1 0.94154475 0.94594595 0.93035583 1 0.93444363 1 0.93663779 0.94594595 0.93195424 0.94594595 0.9264542 1 0.93663779 0.94594595 0.9264542 1 0.93035583 1 0.93195424 0.94594595 0.92745687 0.94594595 0.92270683 1 0.93195424 0.94594595 0.92270683 1 0.9264542 1 0.92745687 0.94594595 0.92311641 0.94594595 0.91908712 1 0.92745687 0.94594595 0.91908712 1 0.92270683 1 0.92311641 0.94594595 0.91890361 0.94594595 0.91557645 1 0.92311641 0.94594595 0.91557645 1 0.91908712 1 0.91890361 0.94594595 0.91479187 0.94594595 0.91215089 1 0.91890361 0.94594595 0.91215089 1 0.91557645 1 0.91479187 0.94594595 0.91075993 0.94594595 0.90878917 1 0.91479187 0.94594595 0.90878917 1 0.91215089 1 0.91075993 0.94594595 0.90678649 0.94594595 0.90547797 1 0.91075993 0.94594595 0.90547797 1 0.90878917 1 0.90678649 0.94594595 0.90285295 0.94594595 0.90219869 1 0.90678649 0.94594595 0.90219869 1 0.90547797 1 0.90285295 0.94594595 0.89893536 0.94594595 0.89893536 1 0.90285295 0.94594595 0.89893536 1 0.90219869 1 0.89893536 0.94594595 0.89501778 0.94594595 0.89567204 1 0.89893536 0.94594595 0.89567204 1 0.89893536 1 0.89501778 0.94594595 0.89108424 0.94594595 0.89239276 1 0.89501778 0.94594595 0.89239276 1 0.89567204 1 0.89108424 0.94594595 0.8871108 0.94594595 0.88908156 1 0.89108424 0.94594595 0.88908156 1 0.89239276 1 0.8871108 0.94594595 0.88307885 0.94594595 0.88571983 1 0.8871108 0.94594595 0.88571983 1 0.88908156 1 0.88307885 0.94594595 0.87896712 0.94594595 0.88229427 1 0.88307885 0.94594595 0.88229427 1 0.88571983 1 0.87896712 0.94594595 0.87475166 0.94594595 0.87878095 1 0.87896712 0.94594595 0.87878095 1 0.88229427 1 0.87475166 0.94594595 0.8704112 0.94594595 0.8751639 1 0.87475166 0.94594595 0.8751639 1 0.87878095 1 0.8704112 0.94594595 0.86591382 0.94594595 0.87141653 1 0.8704112 0.94594595 0.87141653 1 0.8751639 1 0.86591382 0.94594595 0.86123028 0.94594595 0.86751224 1 0.86591382 0.94594595 0.86751224 1 0.87141653 1 0.86123028 0.94594595 0.85632332 0.94594595 0.86342444 1 0.86123028 0.94594595 0.86342444 1 0.86751224 1 0.85632332 0.94594595 0.85115307 0.94594595 0.85911324 1 0.85632332 0.94594595 0.85911324 1 0.86342444 1 0.85115307 0.94594595 0.84566632 0.94594595 0.85454405 1 0.85115307 0.94594595 0.85454405 1 0.85911324 1 0.84566632 0.94594595 0.83980989 0.94594595 0.84966103 1 0.84566632 0.94594595 0.84966103 1 0.85454405 1 0.83980989 0.94594595 0.83350931 0.94594595 0.84441099 1 0.83980989 0.94594595 0.84441099 1 0.84966103 1 0.83350931 0.94594595 0.82667681 0.94594595 0.83871946 1 0.83350931 0.94594595 0.83871946 1 0.84441099 1 0.82667681 0.94594595 0.81921132 0.94594595 0.832496 1 0.82667681 0.94594595 0.832496 1 0.83871946 1 0.81921132 0.94594595 0.8109719 0.94594595 0.82563159 1 0.81921132 0.94594595 0.82563159 1 0.832496 1 0.8109719 0.94594595 0.80178831 0.94594595 0.81797727 1 0.8109719 0.94594595 0.81797727 1 0.82563159 1 0.80178831 0.94594595 0.79143717 0.94594595 0.80934954 1 0.80178831 0.94594595 0.80934954 1 0.81797727 1 0.79143717 0.94594595 0.77961526 0.94594595 0.7994984 1 0.79143717 0.94594595 0.7994984 1 0.80934954 1 0.77961526 0.94594595 0.76591569 0.94594595 0.78808342 1 0.77961526 0.94594595 0.78808342 1 0.7994984 1 0.76591569 0.94594595 0.74976928 0.94594595 0.77462852 1 0.76591569 0.94594595 0.77462852 1 0.78808342 1 0.74976928 0.94594595 0.73035689 0.94594595 0.7584502 1 0.74976928 0.94594595 0.7584502 1 0.77462852 1 0.73035689 0.94594595 0.70644181 0.94594595 0.73852185 1 0.73035689 0.94594595 0.73852185 1 0.7584502 1 0.70644181 0.94594595 0.67608784 0.94594595 0.71322909 1 0.70644181 0.94594595 0.71322909 1 0.73852185 1 0.67608784 0.94594595 0.6360689 0.94594595 0.67988042 1 0.67608784 0.94594595 0.67988042 1 0.71322909 1 0.6360689 0.94594595 0.5805791 0.94594595 0.63364335 1 0.6360689 0.94594595 0.63364335 1 0.67988042 1 0.5805791 0.94594595 0.49799865 0.94594595 0.56483429 1 0.5805791 0.94594595 0.56483429 1 0.63364335 1 0.49799865 0.94594595 0.36121831 0.94594595 0.45086796 1 0.49799865 0.94594595 0.45086796 1 0.56483429 1 0.36121831 0.94594595 0.08885975 0.94594595 0.22395923 1 0.36121831 0.94594595 0.22395923 1 0.45086796 1 0.08885975 0.94594595 0.00547611 0.94594595 0.02007197 1 0.08885975 1 0.02007197 0.97963751 0.22395923 0.99259909 0.98003692 0.94594595 0.95562265 0.94594595 0.95562265 1 0.98003692 0.94594595 0.95562265 1 0.97963751 1 0.95562265 0.94594595 0.93106045 0.94594595 0.93142435 1 0.95562265 0.94594595 0.93142435 1 0.95562265 1 0.93106045 0.94594595 0.9063799 0.94594595 0.90710771 1 0.93106045 0.94594595 0.90710771 1 0.93142435 1 0.9063799 0.94594595 0.88145971 0.94594595 0.88255587 1 0.9063799 0.94594595 0.88255587 1 0.90710771 1 0.88145971 0.94594595 0.85617265 0.94594595 0.85764307 1 0.88145971 0.94594595 0.85764307 1 0.88255587 1 0.85617265 0.94594595 0.83038707 0.94594595 0.83223767 1 0.85617265 0.94594595 0.83223767 1 0.85764307 1 0.83038707 0.94594595 0.80395948 0.94594595 0.80620061 1 0.83038707 0.94594595 0.80620061 1 0.83223767 1 0.80395948 0.94594595 0.77673159 0.94594595 0.77937509 1 0.80395948 0.94594595 0.77937509 1 0.80620061 1 0.77673159 0.94594595 0.74852884 0.94594595 0.7515895 1 0.77673159 0.94594595 0.7515895 1 0.77937509 1 0.74852884 0.94594595 0.71915449 0.94594595 0.72264859 1 0.74852884 0.94594595 0.72264859 1 0.7515895 1 0.71915449 0.94594595 0.68838221 0.94594595 0.69233193 1 0.71915449 0.94594595 0.69233193 1 0.72264859 1 0.68838221 0.94594595 0.65595017 0.94594595 0.66037917 1 0.68838221 0.94594595 0.66037917 1 0.69233193 1 0.65595017 0.94594595 0.62154918 0.94594595 0.62648854 1 0.65595017 0.94594595 0.62648854 1 0.66037917 1 0.62154918 0.94594595 0.58481386 0.94594595 0.59029613 1 0.62154918 0.94594595 0.59029613 1 0.62648854 1 0.58481386 0.94594595 0.54530043 0.94594595 0.55136702 1 0.58481386 0.94594595 0.55136702 1 0.59029613 1 0.54530043 0.94594595 0.50246598 0.94594595 0.50916571 1 0.54530043 0.94594595 0.50916571 1 0.55136702 1 0.50246598 0.94594595 0.4556404 0.94594595 0.46303244 1 0.50246598 0.94594595 0.46303244 1 0.50916571 1 0.4556404 0.94594595 0.40397457 0.94594595 0.4121314 1 0.4556404 0.94594595 0.4121314 1 0.46303244 1 0.40397457 0.94594595 0.34638564 0.94594595 0.35539454 1 0.40397457 0.94594595 0.35539454 1 0.4121314 1 0.34638564 0.94594595 0.28146385 0.94594595 0.29143429 1 0.34638564 0.94594595 0.29143429 1 0.35539454 1 0.28146385 0.94594595 0.20732902 0.94594595 0.2183971 1 0.28146385 0.94594595 0.2183971 1 0.29143429 1 0.20732902 0.94594595 0.12142639 0.94594595 0.13376667 1 0.20732902 0.94594595 0.13376667 1 0.2183971 1 0.12142639 0.94594595 0.02339208 0.94594595 0.03402377 1 0.12142639 0.94594595 0.03402377 1 0.13376667 1 0.00307449 0.94594595 0.08636771 0.94594595 0.09264968 1 0.00307449 0.94594595 0.09264968 1 0.01329 1 0.08636771 0.94594595 0.18730203 0.94594595 0.19280473 1 0.08636771 0.94594595 0.19280473 1 0.09264968 1 0.18730203 0.94594595 0.28420971 0.94594595 0.28896241 1 0.18730203 0.94594595 0.28896241 1 0.19280473 1 0.28420971 0.94594595 0.37776897 0.94594595 0.38180092 1 0.28420971 0.94594595 0.38180092 1 0.28896241 1 0.37776897 0.94594595 0.46858353 0.94594595 0.47191334 1 0.37776897 0.94594595 0.47191334 1 0.38180092 1 0.46858353 0.94594595 0.55719062 0.94594595 0.55983425 1 0.46858353 0.94594595 0.55983425 1 0.47191334 1 0.55719062 0.94594595 0.64408227 0.94594595 0.64605569 1 0.55719062 0.94594595 0.64605569 1 0.55983425 1 0.64408227 0.94594595 0.72971859 0.94594595 0.73102977 1 0.64408227 0.94594595 0.73102977 1 0.64605569 1 0.72971859 0.94594595 0.81453044 0.94594595 0.8151847 1 0.72971859 0.94594595 0.8151847 1 0.73102977 1 0.81453044 0.94594595 0.89893536 0.94594595 0.89893536 1 0.81453044 0.94594595 0.89893536 1 0.8151847 1 0.89893536 0.94594595 0.98244135 0.94594595 0.98140943 1 0.89893536 0.94594595 0.98140943 1 0.89893536 1 0.01017311 0.94594595 0.38514019 0.94594595 0.46015521 1 0.01017311 0.94594595 0.46015521 1 0.02186693 1 0.38514019 0.94594595 0.57677981 0.94594595 0.6266054 1 0.38514019 0.94594595 0.6266054 1 0.46015521 1 0.57677981 0.94594595 0.67308483 0.94594595 0.71024914 1 0.57677981 0.94594595 0.71024914 1 0.6266054 1 0.67308483 0.94594595 0.73124773 0.94594595 0.76076409 1 0.67308483 0.94594595 0.76076409 1 0.71024914 1 0.73124773 0.94594595 0.77034104 0.94594595 0.79471537 1 0.73124773 0.94594595 0.79471537 1 0.76076409 1 0.77034104 0.94594595 0.79853787 0.94594595 0.81920361 1 0.77034104 0.94594595 0.81920361 1 0.79471537 1 0.79853787 0.94594595 0.81992698 0.94594595 0.83777911 1 0.79853787 0.94594595 0.83777911 1 0.81920361 1 0.81992698 0.94594595 0.83678206 0.94594595 0.85241672 1 0.81992698 0.94594595 0.85241672 1 0.83777911 1 0.83678206 0.94594595 0.85046405 0.94594595 0.86429989 1 0.83678206 0.94594595 0.86429989 1 0.85241672 1 0.85046405 0.94594595 0.86184427 0.94594595 0.87418158 1 0.85046405 0.94594595 0.87418158 1 0.86429989 1 0.86184427 0.94594595 0.87149962 0.94594595 0.8825677 1 0.86184427 0.94594595 0.8825677 1 0.87418158 1 0.87149962 0.94594595 0.87983248 0.94594595 0.88980441 1 0.87149962 0.94594595 0.88980441 1 0.8825677 1 0.87983248 0.94594595 0.88713132 0.94594595 0.8961417 1 0.87983248 0.94594595 0.8961417 1 0.88980441 1 0.88713132 0.94594595 0.89360471 0.94594595 0.9017645 1 0.88713132 0.94594595 0.9017645 1 0.8961417 1 0.89360471 0.94594595 0.89941242 0.94594595 0.90680742 1 0.89360471 0.94594595 0.90680742 1 0.9017645 1 0.89941242 0.94594595 0.90467575 0.94594595 0.91137992 1 0.89941242 0.94594595 0.91137992 1 0.90680742 1 0.90467575 0.94594595 0.90949234 0.94594595 0.91556188 1 0.90467575 0.94594595 0.91556188 1 0.91137992 1 0.90949234 0.94594595 0.91393318 0.94594595 0.9194184 1 0.90949234 0.94594595 0.9194184 1 0.91556188 1 0.91393318 0.94594595 0.91806337 0.94594595 0.92300569 1 0.91393318 0.94594595 0.92300569 1 0.9194184 1 0.91806337 0.94594595 0.92193024 0.94594595 0.92636369 1 0.91806337 0.94594595 0.92636369 1 0.92300569 1 0.92193024 0.94594595 0.9255767 0.94594595 0.92953086 1 0.92193024 0.94594595 0.92953086 1 0.92636369 1 0.9255767 0.94594595 0.92903677 0.94594595 0.9325353 1 0.9255767 0.94594595 0.9325353 1 0.92953086 1 0.92903677 0.94594595 0.93233856 0.94594595 0.93540218 1 0.92903677 0.94594595 0.93540218 1 0.9325353 1 0.93233856 0.94594595 0.93551016 0.94594595 0.93815662 1 0.93233856 0.94594595 0.93815662 1 0.93540218 1 0.93551016 0.94594595 0.93857082 0.94594595 0.94081491 1 0.93551016 0.94594595 0.94081491 1 0.93815662 1 0.93857082 0.94594595 0.94154273 0.94594595 0.9433948 1 0.93857082 0.94594595 0.9433948 1 0.94081491 1 0.94154273 0.94594595 0.94444066 0.94594595 0.94591256 1 0.94154273 0.94594595 0.94591256 1 0.9433948 1 0.94444066 0.94594595 0.94728387 0.94594595 0.9483815 1 0.94444066 0.94594595 0.9483815 1 0.94591256 1 0.94728387 0.94594595 0.95008565 0.94594595 0.95081494 1 0.94728387 0.94594595 0.95081494 1 0.9483815 1 0.95008565 0.94594595 0.95286081 0.94594595 0.95322471 1 0.95008565 0.94594595 0.95322471 1 0.95081494 1 0.95286081 0.94594595 0.95562265 0.94594595 0.95562265 1 0.95286081 0.94594595 0.95562265 1 0.95322471 1 0.95562265 0 0.95707384 0.05405405 0.95707384 0 0.95562265 0 0.95562265 0.05405405 0.95707384 0.05405405 0.95707384 0 0.95852207 0.05405405 0.95852207 0 0.95707384 0 0.95707384 0.05405405 0.95852207 0.05405405 0.95852207 0 0.95996438 0.05405405 0.95996438 0 0.95852207 0 0.95852207 0.05405405 0.95996438 0.05405405 0.95996438 0 0.96139486 0.05405405 0.96139486 0 0.95996438 0 0.95996438 0.05405405 0.96139486 0.05405405 0.96139486 0 0.96281202 0.05405405 0.96281202 0 0.96139486 0 0.96139486 0.05405405 0.96281202 0.05405405 0.96281202 0 0.96421143 0.05405405 0.96421143 0 0.96281202 0 0.96281202 0.05405405 0.96421143 0.05405405 0.96421143 0 0.96559013 0.05405405 0.96559013 0 0.96421143 0 0.96421143 0.05405405 0.96559013 0.05405405 0.96559013 0 0.96694517 0.05405405 0.96694517 0 0.96559013 0 0.96559013 0.05405405 0.96694517 0.05405405 0.96694517 0 0.9682721 0.05405405 0.9682721 0 0.96694517 0 0.96694517 0.05405405 0.9682721 0.05405405 0.9682721 0 0.96956944 0.05405405 0.96956944 0 0.9682721 0 0.9682721 0.05405405 0.96956944 0.05405405 0.96956944 0 0.97083275 0.05405405 0.97083275 0 0.96956944 0 0.96956944 0.05405405 0.97083275 0.05405405 0.97083275 0 0.97205909 0.05405405 0.97205909 0 0.97083275 0 0.97083275 0.05405405 0.97205909 0.05405405 0.97205909 0 0.97324696 0.05405405 0.97324696 0 0.97205909 0 0.97205909 0.05405405 0.97324696 0.05405405 0.97324696 0 0.97439194 0.05405405 0.97439194 0 0.97324696 0 0.97324696 0.05405405 0.97439194 0.05405405 0.97439194 0 0.97549105 0.05405405 0.97549105 0 0.97439194 0 0.97439194 0.05405405 0.97549105 0.05405405 0.97549105 0 0.97654283 0.05405405 0.97654283 0 0.97549105 0 0.97549105 0.05405405 0.97654283 0.05405405 0.93654737 0 0.93465639 0.05405405 0.93465639 0 0.93654737 0 0.93654737 0.05405405 0.93465639 0.05405405 0.93465639 0 0.93268031 0.05405405 0.93268031 0 0.93465639 0 0.93465639 0.05405405 0.93268031 0.05405405 0.93268031 0 0.93062179 0.05405405 0.93062179 0 0.93268031 0 0.93268031 0.05405405 0.93062179 0.05405405 0.93062179 0 0.92848613 0.05405405 0.92848613 0 0.93062179 0 0.93062179 0.05405405 0.92848613 0.05405405 0.92848613 0 0.92628133 0.05405405 0.92628133 0 0.92848613 0 0.92848613 0.05405405 0.92628133 0.05405405 0.92628133 0 0.92401003 0.05405405 0.92401003 0 0.92628133 0 0.92628133 0.05405405 0.92401003 0.05405405 0.92401003 0 0.92167757 0.05405405 0.92167757 0 0.92401003 0 0.92401003 0.05405405 0.92167757 0.05405405 0.92167757 0 0.91929191 0.05405405 0.91929191 0 0.92167757 0 0.92167757 0.05405405 0.91929191 0.05405405 0.91929191 0 0.91685572 0.05405405 0.91685572 0 0.91929191 0 0.91929191 0.05405405 0.91685572 0.05405405 0.91685572 0 0.91437698 0.05405405 0.91437698 0 0.91685572 0 0.91685572 0.05405405 0.91437698 0.05405405 0.91437698 0 0.911861 0.05405405 0.911861 0 0.91437698 0 0.91437698 0.05405405 0.911861 0.05405405 0.911861 0 0.90931311 0.05405405 0.90931311 0 0.911861 0 0.911861 0.05405405 0.90931311 0.05405405 0.90931311 0 0.90674128 0.05405405 0.90674128 0 0.90931311 0 0.90931311 0.05405405 0.90674128 0.05405405 0.90674128 0 0.90414817 0.05405405 0.90414817 0 0.90674128 0 0.90674128 0.05405405 0.90414817 0.05405405 0.90414817 0 0.90154443 0.05405405 0.90154443 0 0.90414817 0 0.90414817 0.05405405 0.90154443 0.05405405 0.90154443 0 0.89893536 0.05405405 0.89893536 0 0.90154443 0 0.90154443 0.05405405 0.89893536 0.05405405 0.89893536 0 0.8963263 0.05405405 0.8963263 0 0.89893536 0 0.89893536 0.05405405 0.8963263 0.05405405 0.8963263 0 0.89372256 0.05405405 0.89372256 0 0.8963263 0 0.8963263 0.05405405 0.89372256 0.05405405 0.89372256 0 0.89112945 0.05405405 0.89112945 0 0.89372256 0 0.89372256 0.05405405 0.89112945 0.05405405 0.89112945 0 0.88855762 0.05405405 0.88855762 0 0.89112945 0 0.89112945 0.05405405 0.88855762 0.05405405 0.88855762 0 0.88600973 0.05405405 0.88600973 0 0.88855762 0 0.88855762 0.05405405 0.88600973 0.05405405 0.88600973 0 0.88349375 0.05405405 0.88349375 0 0.88600973 0 0.88600973 0.05405405 0.88349375 0.05405405 0.88349375 0 0.88101501 0.05405405 0.88101501 0 0.88349375 0 0.88349375 0.05405405 0.88101501 0.05405405 0.88101501 0 0.87857882 0.05405405 0.87857882 0 0.88101501 0 0.88101501 0.05405405 0.87857882 0.05405405 0.87857882 0 0.87619316 0.05405405 0.87619316 0 0.87857882 0 0.87857882 0.05405405 0.87619316 0.05405405 0.87619316 0 0.8738607 0.05405405 0.8738607 0 0.87619316 0 0.87619316 0.05405405 0.8738607 0.05405405 0.8738607 0 0.8715894 0.05405405 0.8715894 0 0.8738607 0 0.8738607 0.05405405 0.8715894 0.05405405 0.8715894 0 0.8693846 0.05405405 0.8693846 0 0.8715894 0 0.8715894 0.05405405 0.8693846 0.05405405 0.8693846 0 0.86724894 0.05405405 0.86724894 0 0.8693846 0 0.8693846 0.05405405 0.86724894 0.05405405 0.86724894 0 0.86519041 0.05405405 0.86519041 0 0.86724894 0 0.86724894 0.05405405 0.86519041 0.05405405 0.86519041 0 0.86321433 0.05405405 0.86321433 0 0.86519041 0 0.86519041 0.05405405 0.86321433 0.05405405 0.86321433 0 0.86132336 0.05405405 0.86132336 0 0.86321433 0 0.86321433 0.05405405 0.86132336 0.05405405 0.97654283 0 0.97549105 0.05405405 0.97549105 0 0.97654283 0 0.97654283 0.05405405 0.97549105 0.05405405 0.97549105 0 0.97439194 0.05405405 0.97439194 0 0.97549105 0 0.97549105 0.05405405 0.97439194 0.05405405 0.97439194 0 0.97324696 0.05405405 0.97324696 0 0.97439194 0 0.97439194 0.05405405 0.97324696 0.05405405 0.97324696 0 0.97205909 0.05405405 0.97205909 0 0.97324696 0 0.97324696 0.05405405 0.97205909 0.05405405 0.97205909 0 0.97083275 0.05405405 0.97083275 0 0.97205909 0 0.97205909 0.05405405 0.97083275 0.05405405 0.97083275 0 0.96956944 0.05405405 0.96956944 0 0.97083275 0 0.97083275 0.05405405 0.96956944 0.05405405 0.96956944 0 0.9682721 0.05405405 0.9682721 0 0.96956944 0 0.96956944 0.05405405 0.9682721 0.05405405 0.9682721 0 0.96694517 0.05405405 0.96694517 0 0.9682721 0 0.9682721 0.05405405 0.96694517 0.05405405 0.96694517 0 0.96559013 0.05405405 0.96559013 0 0.96694517 0 0.96694517 0.05405405 0.96559013 0.05405405 0.96559013 0 0.96421143 0.05405405 0.96421143 0 0.96559013 0 0.96559013 0.05405405 0.96421143 0.05405405 0.96421143 0 0.96281202 0.05405405 0.96281202 0 0.96421143 0 0.96421143 0.05405405 0.96281202 0.05405405 0.96281202 0 0.96139486 0.05405405 0.96139486 0 0.96281202 0 0.96281202 0.05405405 0.96139486 0.05405405 0.96139486 0 0.95996438 0.05405405 0.95996438 0 0.96139486 0 0.96139486 0.05405405 0.95996438 0.05405405 0.95996438 0 0.95852207 0.05405405 0.95852207 0 0.95996438 0 0.95996438 0.05405405 0.95852207 0.05405405 0.95852207 0 0.95707384 0.05405405 0.95707384 0 0.95852207 0 0.95852207 0.05405405 0.95707384 0.05405405 0.95707384 0 0.95562265 0.05405405 0.95562265 0 0.95707384 0 0.95707384 0.05405405 0.95562265 0.05405405 0.95562265 0 0.95417146 0.05405405 0.95417146 0 0.95562265 0 0.95562265 0.05405405 0.95417146 0.05405405 0.95417146 0 0.95272323 0.05405405 0.95272323 0 0.95417146 0 0.95417146 0.05405405 0.95272323 0.05405405 0.95272323 0 0.95128092 0.05405405 0.95128092 0 0.95272323 0 0.95272323 0.05405405 0.95128092 0.05405405 0.95128092 0 0.94985044 0.05405405 0.94985044 0 0.95128092 0 0.95128092 0.05405405 0.94985044 0.05405405 0.94985044 0 0.94843328 0.05405405 0.94843328 0 0.94985044 0 0.94985044 0.05405405 0.94843328 0.05405405 0.94843328 0 0.94703387 0.05405405 0.94703387 0 0.94843328 0 0.94843328 0.05405405 0.94703387 0.05405405 0.94703387 0 0.94565516 0.05405405 0.94565516 0 0.94703387 0 0.94703387 0.05405405 0.94565516 0.05405405 0.94565516 0 0.94430013 0.05405405 0.94430013 0 0.94565516 0 0.94565516 0.05405405 0.94430013 0.05405405 0.94430013 0 0.9429732 0.05405405 0.9429732 0 0.94430013 0 0.94430013 0.05405405 0.9429732 0.05405405 0.9429732 0 0.94167586 0.05405405 0.94167586 0 0.9429732 0 0.9429732 0.05405405 0.94167586 0.05405405 0.94167586 0 0.94041255 0.05405405 0.94041255 0 0.94167586 0 0.94167586 0.05405405 0.94041255 0.05405405 0.94041255 0 0.93918621 0.05405405 0.93918621 0 0.94041255 0 0.94041255 0.05405405 0.93918621 0.05405405 0.93918621 0 0.93799834 0.05405405 0.93799834 0 0.93918621 0 0.93918621 0.05405405 0.93799834 0.05405405 0.93799834 0 0.93685336 0.05405405 0.93685336 0 0.93799834 0 0.93799834 0.05405405 0.93685336 0.05405405 0.93685336 0 0.93575425 0.05405405 0.93575425 0 0.93685336 0 0.93685336 0.05405405 0.93575425 0.05405405 0.93575425 0 0.93470247 0.05405405 0.93470247 0 0.93575425 0 0.93575425 0.05405405 0.93470247 0.05405405 0.86132336 0 0.86321433 0.05405405 0.86321433 0 0.86132336 0 0.86132336 0.05405405 0.86321433 0.05405405 0.86321433 0 0.86519041 0.05405405 0.86519041 0 0.86321433 0 0.86321433 0.05405405 0.86519041 0.05405405 0.86519041 0 0.86724894 0.05405405 0.86724894 0 0.86519041 0 0.86519041 0.05405405 0.86724894 0.05405405 0.86724894 0 0.8693846 0.05405405 0.8693846 0 0.86724894 0 0.86724894 0.05405405 0.8693846 0.05405405 0.8693846 0 0.8715894 0.05405405 0.8715894 0 0.8693846 0 0.8693846 0.05405405 0.8715894 0.05405405 0.8715894 0 0.8738607 0.05405405 0.8738607 0 0.8715894 0 0.8715894 0.05405405 0.8738607 0.05405405 0.8738607 0 0.87619316 0.05405405 0.87619316 0 0.8738607 0 0.8738607 0.05405405 0.87619316 0.05405405 0.87619316 0 0.87857882 0.05405405 0.87857882 0 0.87619316 0 0.87619316 0.05405405 0.87857882 0.05405405 0.87857882 0 0.88101501 0.05405405 0.88101501 0 0.87857882 0 0.87857882 0.05405405 0.88101501 0.05405405 0.88101501 0 0.88349375 0.05405405 0.88349375 0 0.88101501 0 0.88101501 0.05405405 0.88349375 0.05405405 0.88349375 0 0.88600973 0.05405405 0.88600973 0 0.88349375 0 0.88349375 0.05405405 0.88600973 0.05405405 0.88600973 0 0.88855762 0.05405405 0.88855762 0 0.88600973 0 0.88600973 0.05405405 0.88855762 0.05405405 0.88855762 0 0.89112945 0.05405405 0.89112945 0 0.88855762 0 0.88855762 0.05405405 0.89112945 0.05405405 0.89112945 0 0.89372256 0.05405405 0.89372256 0 0.89112945 0 0.89112945 0.05405405 0.89372256 0.05405405 0.89372256 0 0.8963263 0.05405405 0.8963263 0 0.89372256 0 0.89372256 0.05405405 0.8963263 0.05405405 0.8963263 0 0.89893536 0.05405405 0.89893536 0 0.8963263 0 0.8963263 0.05405405 0.89893536 0.05405405 0.89893536 0 0.90154443 0.05405405 0.90154443 0 0.89893536 0 0.89893536 0.05405405 0.90154443 0.05405405 0.90154443 0 0.90414817 0.05405405 0.90414817 0 0.90154443 0 0.90154443 0.05405405 0.90414817 0.05405405 0.90414817 0 0.90674128 0.05405405 0.90674128 0 0.90414817 0 0.90414817 0.05405405 0.90674128 0.05405405 0.90674128 0 0.90931311 0.05405405 0.90931311 0 0.90674128 0 0.90674128 0.05405405 0.90931311 0.05405405 0.90931311 0 0.911861 0.05405405 0.911861 0 0.90931311 0 0.90931311 0.05405405 0.911861 0.05405405 0.911861 0 0.91437698 0.05405405 0.91437698 0 0.911861 0 0.911861 0.05405405 0.91437698 0.05405405 0.91437698 0 0.91685572 0.05405405 0.91685572 0 0.91437698 0 0.91437698 0.05405405 0.91685572 0.05405405 0.91685572 0 0.91929191 0.05405405 0.91929191 0 0.91685572 0 0.91685572 0.05405405 0.91929191 0.05405405 0.91929191 0 0.92167757 0.05405405 0.92167757 0 0.91929191 0 0.91929191 0.05405405 0.92167757 0.05405405 0.92167757 0 0.92401003 0.05405405 0.92401003 0 0.92167757 0 0.92167757 0.05405405 0.92401003 0.05405405 0.92401003 0 0.92628133 0.05405405 0.92628133 0 0.92401003 0 0.92401003 0.05405405 0.92628133 0.05405405 0.92628133 0 0.92848613 0.05405405 0.92848613 0 0.92628133 0 0.92628133 0.05405405 0.92848613 0.05405405 0.92848613 0 0.93062179 0.05405405 0.93062179 0 0.92848613 0 0.92848613 0.05405405 0.93062179 0.05405405 0.93062179 0 0.93268031 0.05405405 0.93268031 0 0.93062179 0 0.93062179 0.05405405 0.93268031 0.05405405 0.93268031 0 0.93465639 0.05405405 0.93465639 0 0.93268031 0 0.93268031 0.05405405 0.93465639 0.05405405 0.93465639 0 0.93654737 0.05405405 0.93654737 0 0.93465639 0 0.93465639 0.05405405 0.93654737 0.05405405 0.93470247 0 0.93575425 0.05405405 0.93575425 0 0.93470247 0 0.93470247 0.05405405 0.93575425 0.05405405 0.93575425 0 0.93685336 0.05405405 0.93685336 0 0.93575425 0 0.93575425 0.05405405 0.93685336 0.05405405 0.93685336 0 0.93799834 0.05405405 0.93799834 0 0.93685336 0 0.93685336 0.05405405 0.93799834 0.05405405 0.93799834 0 0.93918621 0.05405405 0.93918621 0 0.93799834 0 0.93799834 0.05405405 0.93918621 0.05405405 0.93918621 0 0.94041255 0.05405405 0.94041255 0 0.93918621 0 0.93918621 0.05405405 0.94041255 0.05405405 0.94041255 0 0.94167586 0.05405405 0.94167586 0 0.94041255 0 0.94041255 0.05405405 0.94167586 0.05405405 0.94167586 0 0.9429732 0.05405405 0.9429732 0 0.94167586 0 0.94167586 0.05405405 0.9429732 0.05405405 0.9429732 0 0.94430013 0.05405405 0.94430013 0 0.9429732 0 0.9429732 0.05405405 0.94430013 0.05405405 0.94430013 0 0.94565516 0.05405405 0.94565516 0 0.94430013 0 0.94430013 0.05405405 0.94565516 0.05405405 0.94565516 0 0.94703387 0.05405405 0.94703387 0 0.94565516 0 0.94565516 0.05405405 0.94703387 0.05405405 0.94703387 0 0.94843328 0.05405405 0.94843328 0 0.94703387 0 0.94703387 0.05405405 0.94843328 0.05405405 0.94843328 0 0.94985044 0.05405405 0.94985044 0 0.94843328 0 0.94843328 0.05405405 0.94985044 0.05405405 0.94985044 0 0.95128092 0.05405405 0.95128092 0 0.94985044 0 0.94985044 0.05405405 0.95128092 0.05405405 0.95128092 0 0.95272323 0.05405405 0.95272323 0 0.95128092 0 0.95128092 0.05405405 0.95272323 0.05405405 0.95272323 0 0.95417146 0.05405405 0.95417146 0 0.95272323 0 0.95272323 0.05405405 0.95417146 0.05405405 0.95417146 0 0.95562265 0.05405405 0.95562265 0 0.95417146 0 0.95417146 0.05405405 0.95562265 0.05405405 0.95562265 0.05405405 0.95707384 0.94594595 0.95707384 0.05405405 0.95562265 0.05405405 0.95562265 0.94594595 0.95707384 0.94594595 0.95707384 0.05405405 0.95852207 0.94594595 0.95852207 0.05405405 0.95707384 0.05405405 0.95707384 0.94594595 0.95852207 0.94594595 0.95852207 0.05405405 0.95996438 0.94594595 0.95996438 0.05405405 0.95852207 0.05405405 0.95852207 0.94594595 0.95996438 0.94594595 0.95996438 0.05405405 0.96139486 0.94594595 0.96139486 0.05405405 0.95996438 0.05405405 0.95996438 0.94594595 0.96139486 0.94594595 0.96139486 0.05405405 0.96281202 0.94594595 0.96281202 0.05405405 0.96139486 0.05405405 0.96139486 0.94594595 0.96281202 0.94594595 0.96281202 0.05405405 0.96421143 0.94594595 0.96421143 0.05405405 0.96281202 0.05405405 0.96281202 0.94594595 0.96421143 0.94594595 0.96421143 0.05405405 0.96559013 0.94594595 0.96559013 0.05405405 0.96421143 0.05405405 0.96421143 0.94594595 0.96559013 0.94594595 0.96559013 0.05405405 0.96694517 0.94594595 0.96694517 0.05405405 0.96559013 0.05405405 0.96559013 0.94594595 0.96694517 0.94594595 0.96694517 0.05405405 0.9682721 0.94594595 0.9682721 0.05405405 0.96694517 0.05405405 0.96694517 0.94594595 0.9682721 0.94594595 0.9682721 0.05405405 0.96956944 0.94594595 0.96956944 0.05405405 0.9682721 0.05405405 0.9682721 0.94594595 0.96956944 0.94594595 0.96956944 0.05405405 0.97083275 0.94594595 0.97083275 0.05405405 0.96956944 0.05405405 0.96956944 0.94594595 0.97083275 0.94594595 0.97083275 0.05405405 0.97205909 0.94594595 0.97205909 0.05405405 0.97083275 0.05405405 0.97083275 0.94594595 0.97205909 0.94594595 0.97205909 0.05405405 0.97324696 0.94594595 0.97324696 0.05405405 0.97205909 0.05405405 0.97205909 0.94594595 0.97324696 0.94594595 0.97324696 0.05405405 0.97439194 0.94594595 0.97439194 0.05405405 0.97324696 0.05405405 0.97324696 0.94594595 0.97439194 0.94594595 0.97439194 0.05405405 0.97549105 0.94594595 0.97549105 0.05405405 0.97439194 0.05405405 0.97439194 0.94594595 0.97549105 0.94594595 0.97549105 0.05405405 0.97654283 0.94594595 0.97654283 0.05405405 0.97549105 0.05405405 0.97549105 0.94594595 0.97654283 0.94594595 0.93654737 0.05405405 0.93465639 0.94594595 0.93465639 0.05405405 0.93654737 0.05405405 0.93654737 0.94594595 0.93465639 0.94594595 0.93465639 0.05405405 0.93268031 0.94594595 0.93268031 0.05405405 0.93465639 0.05405405 0.93465639 0.94594595 0.93268031 0.94594595 0.93268031 0.05405405 0.93062179 0.94594595 0.93062179 0.05405405 0.93268031 0.05405405 0.93268031 0.94594595 0.93062179 0.94594595 0.93062179 0.05405405 0.92848613 0.94594595 0.92848613 0.05405405 0.93062179 0.05405405 0.93062179 0.94594595 0.92848613 0.94594595 0.92848613 0.05405405 0.92628133 0.94594595 0.92628133 0.05405405 0.92848613 0.05405405 0.92848613 0.94594595 0.92628133 0.94594595 0.92628133 0.05405405 0.92401003 0.94594595 0.92401003 0.05405405 0.92628133 0.05405405 0.92628133 0.94594595 0.92401003 0.94594595 0.92401003 0.05405405 0.92167757 0.94594595 0.92167757 0.05405405 0.92401003 0.05405405 0.92401003 0.94594595 0.92167757 0.94594595 0.92167757 0.05405405 0.91929191 0.94594595 0.91929191 0.05405405 0.92167757 0.05405405 0.92167757 0.94594595 0.91929191 0.94594595 0.91929191 0.05405405 0.91685572 0.94594595 0.91685572 0.05405405 0.91929191 0.05405405 0.91929191 0.94594595 0.91685572 0.94594595 0.91685572 0.05405405 0.91437698 0.94594595 0.91437698 0.05405405 0.91685572 0.05405405 0.91685572 0.94594595 0.91437698 0.94594595 0.91437698 0.05405405 0.911861 0.94594595 0.911861 0.05405405 0.91437698 0.05405405 0.91437698 0.94594595 0.911861 0.94594595 0.911861 0.05405405 0.90931311 0.94594595 0.90931311 0.05405405 0.911861 0.05405405 0.911861 0.94594595 0.90931311 0.94594595 0.90931311 0.05405405 0.90674128 0.94594595 0.90674128 0.05405405 0.90931311 0.05405405 0.90931311 0.94594595 0.90674128 0.94594595 0.90674128 0.05405405 0.90414817 0.94594595 0.90414817 0.05405405 0.90674128 0.05405405 0.90674128 0.94594595 0.90414817 0.94594595 0.90414817 0.05405405 0.90154443 0.94594595 0.90154443 0.05405405 0.90414817 0.05405405 0.90414817 0.94594595 0.90154443 0.94594595 0.90154443 0.05405405 0.89893536 0.94594595 0.89893536 0.05405405 0.90154443 0.05405405 0.90154443 0.94594595 0.89893536 0.94594595 0.89893536 0.05405405 0.8963263 0.94594595 0.8963263 0.05405405 0.89893536 0.05405405 0.89893536 0.94594595 0.8963263 0.94594595 0.8963263 0.05405405 0.89372256 0.94594595 0.89372256 0.05405405 0.8963263 0.05405405 0.8963263 0.94594595 0.89372256 0.94594595 0.89372256 0.05405405 0.89112945 0.94594595 0.89112945 0.05405405 0.89372256 0.05405405 0.89372256 0.94594595 0.89112945 0.94594595 0.89112945 0.05405405 0.88855762 0.94594595 0.88855762 0.05405405 0.89112945 0.05405405 0.89112945 0.94594595 0.88855762 0.94594595 0.88855762 0.05405405 0.88600973 0.94594595 0.88600973 0.05405405 0.88855762 0.05405405 0.88855762 0.94594595 0.88600973 0.94594595 0.88600973 0.05405405 0.88349375 0.94594595 0.88349375 0.05405405 0.88600973 0.05405405 0.88600973 0.94594595 0.88349375 0.94594595 0.88349375 0.05405405 0.88101501 0.94594595 0.88101501 0.05405405 0.88349375 0.05405405 0.88349375 0.94594595 0.88101501 0.94594595 0.88101501 0.05405405 0.87857882 0.94594595 0.87857882 0.05405405 0.88101501 0.05405405 0.88101501 0.94594595 0.87857882 0.94594595 0.87857882 0.05405405 0.87619316 0.94594595 0.87619316 0.05405405 0.87857882 0.05405405 0.87857882 0.94594595 0.87619316 0.94594595 0.87619316 0.05405405 0.8738607 0.94594595 0.8738607 0.05405405 0.87619316 0.05405405 0.87619316 0.94594595 0.8738607 0.94594595 0.8738607 0.05405405 0.8715894 0.94594595 0.8715894 0.05405405 0.8738607 0.05405405 0.8738607 0.94594595 0.8715894 0.94594595 0.8715894 0.05405405 0.8693846 0.94594595 0.8693846 0.05405405 0.8715894 0.05405405 0.8715894 0.94594595 0.8693846 0.94594595 0.8693846 0.05405405 0.86724894 0.94594595 0.86724894 0.05405405 0.8693846 0.05405405 0.8693846 0.94594595 0.86724894 0.94594595 0.86724894 0.05405405 0.86519041 0.94594595 0.86519041 0.05405405 0.86724894 0.05405405 0.86724894 0.94594595 0.86519041 0.94594595 0.86519041 0.05405405 0.86321433 0.94594595 0.86321433 0.05405405 0.86519041 0.05405405 0.86519041 0.94594595 0.86321433 0.94594595 0.86321433 0.05405405 0.86132336 0.94594595 0.86132336 0.05405405 0.86321433 0.05405405 0.86321433 0.94594595 0.86132336 0.94594595 0.97654283 0.05405405 0.97549105 0.94594595 0.97549105 0.05405405 0.97654283 0.05405405 0.97654283 0.94594595 0.97549105 0.94594595 0.97549105 0.05405405 0.97439194 0.94594595 0.97439194 0.05405405 0.97549105 0.05405405 0.97549105 0.94594595 0.97439194 0.94594595 0.97439194 0.05405405 0.97324696 0.94594595 0.97324696 0.05405405 0.97439194 0.05405405 0.97439194 0.94594595 0.97324696 0.94594595 0.97324696 0.05405405 0.97205909 0.94594595 0.97205909 0.05405405 0.97324696 0.05405405 0.97324696 0.94594595 0.97205909 0.94594595 0.97205909 0.05405405 0.97083275 0.94594595 0.97083275 0.05405405 0.97205909 0.05405405 0.97205909 0.94594595 0.97083275 0.94594595 0.97083275 0.05405405 0.96956944 0.94594595 0.96956944 0.05405405 0.97083275 0.05405405 0.97083275 0.94594595 0.96956944 0.94594595 0.96956944 0.05405405 0.9682721 0.94594595 0.9682721 0.05405405 0.96956944 0.05405405 0.96956944 0.94594595 0.9682721 0.94594595 0.9682721 0.05405405 0.96694517 0.94594595 0.96694517 0.05405405 0.9682721 0.05405405 0.9682721 0.94594595 0.96694517 0.94594595 0.96694517 0.05405405 0.96559013 0.94594595 0.96559013 0.05405405 0.96694517 0.05405405 0.96694517 0.94594595 0.96559013 0.94594595 0.96559013 0.05405405 0.96421143 0.94594595 0.96421143 0.05405405 0.96559013 0.05405405 0.96559013 0.94594595 0.96421143 0.94594595 0.96421143 0.05405405 0.96281202 0.94594595 0.96281202 0.05405405 0.96421143 0.05405405 0.96421143 0.94594595 0.96281202 0.94594595 0.96281202 0.05405405 0.96139486 0.94594595 0.96139486 0.05405405 0.96281202 0.05405405 0.96281202 0.94594595 0.96139486 0.94594595 0.96139486 0.05405405 0.95996438 0.94594595 0.95996438 0.05405405 0.96139486 0.05405405 0.96139486 0.94594595 0.95996438 0.94594595 0.95996438 0.05405405 0.95852207 0.94594595 0.95852207 0.05405405 0.95996438 0.05405405 0.95996438 0.94594595 0.95852207 0.94594595 0.95852207 0.05405405 0.95707384 0.94594595 0.95707384 0.05405405 0.95852207 0.05405405 0.95852207 0.94594595 0.95707384 0.94594595 0.95707384 0.05405405 0.95562265 0.94594595 0.95562265 0.05405405 0.95707384 0.05405405 0.95707384 0.94594595 0.95562265 0.94594595 0.95562265 0.05405405 0.95417146 0.94594595 0.95417146 0.05405405 0.95562265 0.05405405 0.95562265 0.94594595 0.95417146 0.94594595 0.95417146 0.05405405 0.95272323 0.94594595 0.95272323 0.05405405 0.95417146 0.05405405 0.95417146 0.94594595 0.95272323 0.94594595 0.95272323 0.05405405 0.95128092 0.94594595 0.95128092 0.05405405 0.95272323 0.05405405 0.95272323 0.94594595 0.95128092 0.94594595 0.95128092 0.05405405 0.94985044 0.94594595 0.94985044 0.05405405 0.95128092 0.05405405 0.95128092 0.94594595 0.94985044 0.94594595 0.94985044 0.05405405 0.94843328 0.94594595 0.94843328 0.05405405 0.94985044 0.05405405 0.94985044 0.94594595 0.94843328 0.94594595 0.94843328 0.05405405 0.94703387 0.94594595 0.94703387 0.05405405 0.94843328 0.05405405 0.94843328 0.94594595 0.94703387 0.94594595 0.94703387 0.05405405 0.94565516 0.94594595 0.94565516 0.05405405 0.94703387 0.05405405 0.94703387 0.94594595 0.94565516 0.94594595 0.94565516 0.05405405 0.94430013 0.94594595 0.94430013 0.05405405 0.94565516 0.05405405 0.94565516 0.94594595 0.94430013 0.94594595 0.94430013 0.05405405 0.9429732 0.94594595 0.9429732 0.05405405 0.94430013 0.05405405 0.94430013 0.94594595 0.9429732 0.94594595 0.9429732 0.05405405 0.94167586 0.94594595 0.94167586 0.05405405 0.9429732 0.05405405 0.9429732 0.94594595 0.94167586 0.94594595 0.94167586 0.05405405 0.94041255 0.94594595 0.94041255 0.05405405 0.94167586 0.05405405 0.94167586 0.94594595 0.94041255 0.94594595 0.94041255 0.05405405 0.93918621 0.94594595 0.93918621 0.05405405 0.94041255 0.05405405 0.94041255 0.94594595 0.93918621 0.94594595 0.93918621 0.05405405 0.93799834 0.94594595 0.93799834 0.05405405 0.93918621 0.05405405 0.93918621 0.94594595 0.93799834 0.94594595 0.93799834 0.05405405 0.93685336 0.94594595 0.93685336 0.05405405 0.93799834 0.05405405 0.93799834 0.94594595 0.93685336 0.94594595 0.93685336 0.05405405 0.93575425 0.94594595 0.93575425 0.05405405 0.93685336 0.05405405 0.93685336 0.94594595 0.93575425 0.94594595 0.93575425 0.05405405 0.93470247 0.94594595 0.93470247 0.05405405 0.93575425 0.05405405 0.93575425 0.94594595 0.93470247 0.94594595 0.86132336 0.05405405 0.86321433 0.94594595 0.86321433 0.05405405 0.86132336 0.05405405 0.86132336 0.94594595 0.86321433 0.94594595 0.86321433 0.05405405 0.86519041 0.94594595 0.86519041 0.05405405 0.86321433 0.05405405 0.86321433 0.94594595 0.86519041 0.94594595 0.86519041 0.05405405 0.86724894 0.94594595 0.86724894 0.05405405 0.86519041 0.05405405 0.86519041 0.94594595 0.86724894 0.94594595 0.86724894 0.05405405 0.8693846 0.94594595 0.8693846 0.05405405 0.86724894 0.05405405 0.86724894 0.94594595 0.8693846 0.94594595 0.8693846 0.05405405 0.8715894 0.94594595 0.8715894 0.05405405 0.8693846 0.05405405 0.8693846 0.94594595 0.8715894 0.94594595 0.8715894 0.05405405 0.8738607 0.94594595 0.8738607 0.05405405 0.8715894 0.05405405 0.8715894 0.94594595 0.8738607 0.94594595 0.8738607 0.05405405 0.87619316 0.94594595 0.87619316 0.05405405 0.8738607 0.05405405 0.8738607 0.94594595 0.87619316 0.94594595 0.87619316 0.05405405 0.87857882 0.94594595 0.87857882 0.05405405 0.87619316 0.05405405 0.87619316 0.94594595 0.87857882 0.94594595 0.87857882 0.05405405 0.88101501 0.94594595 0.88101501 0.05405405 0.87857882 0.05405405 0.87857882 0.94594595 0.88101501 0.94594595 0.88101501 0.05405405 0.88349375 0.94594595 0.88349375 0.05405405 0.88101501 0.05405405 0.88101501 0.94594595 0.88349375 0.94594595 0.88349375 0.05405405 0.88600973 0.94594595 0.88600973 0.05405405 0.88349375 0.05405405 0.88349375 0.94594595 0.88600973 0.94594595 0.88600973 0.05405405 0.88855762 0.94594595 0.88855762 0.05405405 0.88600973 0.05405405 0.88600973 0.94594595 0.88855762 0.94594595 0.88855762 0.05405405 0.89112945 0.94594595 0.89112945 0.05405405 0.88855762 0.05405405 0.88855762 0.94594595 0.89112945 0.94594595 0.89112945 0.05405405 0.89372256 0.94594595 0.89372256 0.05405405 0.89112945 0.05405405 0.89112945 0.94594595 0.89372256 0.94594595 0.89372256 0.05405405 0.8963263 0.94594595 0.8963263 0.05405405 0.89372256 0.05405405 0.89372256 0.94594595 0.8963263 0.94594595 0.8963263 0.05405405 0.89893536 0.94594595 0.89893536 0.05405405 0.8963263 0.05405405 0.8963263 0.94594595 0.89893536 0.94594595 0.89893536 0.05405405 0.90154443 0.94594595 0.90154443 0.05405405 0.89893536 0.05405405 0.89893536 0.94594595 0.90154443 0.94594595 0.90154443 0.05405405 0.90414817 0.94594595 0.90414817 0.05405405 0.90154443 0.05405405 0.90154443 0.94594595 0.90414817 0.94594595 0.90414817 0.05405405 0.90674128 0.94594595 0.90674128 0.05405405 0.90414817 0.05405405 0.90414817 0.94594595 0.90674128 0.94594595 0.90674128 0.05405405 0.90931311 0.94594595 0.90931311 0.05405405 0.90674128 0.05405405 0.90674128 0.94594595 0.90931311 0.94594595 0.90931311 0.05405405 0.911861 0.94594595 0.911861 0.05405405 0.90931311 0.05405405 0.90931311 0.94594595 0.911861 0.94594595 0.911861 0.05405405 0.91437698 0.94594595 0.91437698 0.05405405 0.911861 0.05405405 0.911861 0.94594595 0.91437698 0.94594595 0.91437698 0.05405405 0.91685572 0.94594595 0.91685572 0.05405405 0.91437698 0.05405405 0.91437698 0.94594595 0.91685572 0.94594595 0.91685572 0.05405405 0.91929191 0.94594595 0.91929191 0.05405405 0.91685572 0.05405405 0.91685572 0.94594595 0.91929191 0.94594595 0.91929191 0.05405405 0.92167757 0.94594595 0.92167757 0.05405405 0.91929191 0.05405405 0.91929191 0.94594595 0.92167757 0.94594595 0.92167757 0.05405405 0.92401003 0.94594595 0.92401003 0.05405405 0.92167757 0.05405405 0.92167757 0.94594595 0.92401003 0.94594595 0.92401003 0.05405405 0.92628133 0.94594595 0.92628133 0.05405405 0.92401003 0.05405405 0.92401003 0.94594595 0.92628133 0.94594595 0.92628133 0.05405405 0.92848613 0.94594595 0.92848613 0.05405405 0.92628133 0.05405405 0.92628133 0.94594595 0.92848613 0.94594595 0.92848613 0.05405405 0.93062179 0.94594595 0.93062179 0.05405405 0.92848613 0.05405405 0.92848613 0.94594595 0.93062179 0.94594595 0.93062179 0.05405405 0.93268031 0.94594595 0.93268031 0.05405405 0.93062179 0.05405405 0.93062179 0.94594595 0.93268031 0.94594595 0.93268031 0.05405405 0.93465639 0.94594595 0.93465639 0.05405405 0.93268031 0.05405405 0.93268031 0.94594595 0.93465639 0.94594595 0.93465639 0.05405405 0.93654737 0.94594595 0.93654737 0.05405405 0.93465639 0.05405405 0.93465639 0.94594595 0.93654737 0.94594595 0.93470247 0.05405405 0.93575425 0.94594595 0.93575425 0.05405405 0.93470247 0.05405405 0.93470247 0.94594595 0.93575425 0.94594595 0.93575425 0.05405405 0.93685336 0.94594595 0.93685336 0.05405405 0.93575425 0.05405405 0.93575425 0.94594595 0.93685336 0.94594595 0.93685336 0.05405405 0.93799834 0.94594595 0.93799834 0.05405405 0.93685336 0.05405405 0.93685336 0.94594595 0.93799834 0.94594595 0.93799834 0.05405405 0.93918621 0.94594595 0.93918621 0.05405405 0.93799834 0.05405405 0.93799834 0.94594595 0.93918621 0.94594595 0.93918621 0.05405405 0.94041255 0.94594595 0.94041255 0.05405405 0.93918621 0.05405405 0.93918621 0.94594595 0.94041255 0.94594595 0.94041255 0.05405405 0.94167586 0.94594595 0.94167586 0.05405405 0.94041255 0.05405405 0.94041255 0.94594595 0.94167586 0.94594595 0.94167586 0.05405405 0.9429732 0.94594595 0.9429732 0.05405405 0.94167586 0.05405405 0.94167586 0.94594595 0.9429732 0.94594595 0.9429732 0.05405405 0.94430013 0.94594595 0.94430013 0.05405405 0.9429732 0.05405405 0.9429732 0.94594595 0.94430013 0.94594595 0.94430013 0.05405405 0.94565516 0.94594595 0.94565516 0.05405405 0.94430013 0.05405405 0.94430013 0.94594595 0.94565516 0.94594595 0.94565516 0.05405405 0.94703387 0.94594595 0.94703387 0.05405405 0.94565516 0.05405405 0.94565516 0.94594595 0.94703387 0.94594595 0.94703387 0.05405405 0.94843328 0.94594595 0.94843328 0.05405405 0.94703387 0.05405405 0.94703387 0.94594595 0.94843328 0.94594595 0.94843328 0.05405405 0.94985044 0.94594595 0.94985044 0.05405405 0.94843328 0.05405405 0.94843328 0.94594595 0.94985044 0.94594595 0.94985044 0.05405405 0.95128092 0.94594595 0.95128092 0.05405405 0.94985044 0.05405405 0.94985044 0.94594595 0.95128092 0.94594595 0.95128092 0.05405405 0.95272323 0.94594595 0.95272323 0.05405405 0.95128092 0.05405405 0.95128092 0.94594595 0.95272323 0.94594595 0.95272323 0.05405405 0.95417146 0.94594595 0.95417146 0.05405405 0.95272323 0.05405405 0.95272323 0.94594595 0.95417146 0.94594595 0.95417146 0.05405405 0.95562265 0.94594595 0.95562265 0.05405405 0.95417146 0.05405405 0.95417146 0.94594595 0.95562265 0.94594595 0.95562265 0.94594595 0.95707384 1 0.95707384 0.94594595 0.95562265 0.94594595 0.95562265 1 0.95707384 1 0.95707384 0.94594595 0.95852207 1 0.95852207 0.94594595 0.95707384 0.94594595 0.95707384 1 0.95852207 1 0.95852207 0.94594595 0.95996438 1 0.95996438 0.94594595 0.95852207 0.94594595 0.95852207 1 0.95996438 1 0.95996438 0.94594595 0.96139486 1 0.96139486 0.94594595 0.95996438 0.94594595 0.95996438 1 0.96139486 1 0.96139486 0.94594595 0.96281202 1 0.96281202 0.94594595 0.96139486 0.94594595 0.96139486 1 0.96281202 1 0.96281202 0.94594595 0.96421143 1 0.96421143 0.94594595 0.96281202 0.94594595 0.96281202 1 0.96421143 1 0.96421143 0.94594595 0.96559013 1 0.96559013 0.94594595 0.96421143 0.94594595 0.96421143 1 0.96559013 1 0.96559013 0.94594595 0.96694517 1 0.96694517 0.94594595 0.96559013 0.94594595 0.96559013 1 0.96694517 1 0.96694517 0.94594595 0.9682721 1 0.9682721 0.94594595 0.96694517 0.94594595 0.96694517 1 0.9682721 1 0.9682721 0.94594595 0.96956944 1 0.96956944 0.94594595 0.9682721 0.94594595 0.9682721 1 0.96956944 1 0.96956944 0.94594595 0.97083275 1 0.97083275 0.94594595 0.96956944 0.94594595 0.96956944 1 0.97083275 1 0.97083275 0.94594595 0.97205909 1 0.97205909 0.94594595 0.97083275 0.94594595 0.97083275 1 0.97205909 1 0.97205909 0.94594595 0.97324696 1 0.97324696 0.94594595 0.97205909 0.94594595 0.97205909 1 0.97324696 1 0.97324696 0.94594595 0.97439194 1 0.97439194 0.94594595 0.97324696 0.94594595 0.97324696 1 0.97439194 1 0.97439194 0.94594595 0.97549105 1 0.97549105 0.94594595 0.97439194 0.94594595 0.97439194 1 0.97549105 1 0.97549105 0.94594595 0.97654283 1 0.97654283 0.94594595 0.97549105 0.94594595 0.97549105 1 0.97654283 1 0.93654737 0.94594595 0.93465639 1 0.93465639 0.94594595 0.93654737 0.94594595 0.93654737 1 0.93465639 1 0.93465639 0.94594595 0.93268031 1 0.93268031 0.94594595 0.93465639 0.94594595 0.93465639 1 0.93268031 1 0.93268031 0.94594595 0.93062179 1 0.93062179 0.94594595 0.93268031 0.94594595 0.93268031 1 0.93062179 1 0.93062179 0.94594595 0.92848613 1 0.92848613 0.94594595 0.93062179 0.94594595 0.93062179 1 0.92848613 1 0.92848613 0.94594595 0.92628133 1 0.92628133 0.94594595 0.92848613 0.94594595 0.92848613 1 0.92628133 1 0.92628133 0.94594595 0.92401003 1 0.92401003 0.94594595 0.92628133 0.94594595 0.92628133 1 0.92401003 1 0.92401003 0.94594595 0.92167757 1 0.92167757 0.94594595 0.92401003 0.94594595 0.92401003 1 0.92167757 1 0.92167757 0.94594595 0.91929191 1 0.91929191 0.94594595 0.92167757 0.94594595 0.92167757 1 0.91929191 1 0.91929191 0.94594595 0.91685572 1 0.91685572 0.94594595 0.91929191 0.94594595 0.91929191 1 0.91685572 1 0.91685572 0.94594595 0.91437698 1 0.91437698 0.94594595 0.91685572 0.94594595 0.91685572 1 0.91437698 1 0.91437698 0.94594595 0.911861 1 0.911861 0.94594595 0.91437698 0.94594595 0.91437698 1 0.911861 1 0.911861 0.94594595 0.90931311 1 0.90931311 0.94594595 0.911861 0.94594595 0.911861 1 0.90931311 1 0.90931311 0.94594595 0.90674128 1 0.90674128 0.94594595 0.90931311 0.94594595 0.90931311 1 0.90674128 1 0.90674128 0.94594595 0.90414817 1 0.90414817 0.94594595 0.90674128 0.94594595 0.90674128 1 0.90414817 1 0.90414817 0.94594595 0.90154443 1 0.90154443 0.94594595 0.90414817 0.94594595 0.90414817 1 0.90154443 1 0.90154443 0.94594595 0.89893536 1 0.89893536 0.94594595 0.90154443 0.94594595 0.90154443 1 0.89893536 1 0.89893536 0.94594595 0.8963263 1 0.8963263 0.94594595 0.89893536 0.94594595 0.89893536 1 0.8963263 1 0.8963263 0.94594595 0.89372256 1 0.89372256 0.94594595 0.8963263 0.94594595 0.8963263 1 0.89372256 1 0.89372256 0.94594595 0.89112945 1 0.89112945 0.94594595 0.89372256 0.94594595 0.89372256 1 0.89112945 1 0.89112945 0.94594595 0.88855762 1 0.88855762 0.94594595 0.89112945 0.94594595 0.89112945 1 0.88855762 1 0.88855762 0.94594595 0.88600973 1 0.88600973 0.94594595 0.88855762 0.94594595 0.88855762 1 0.88600973 1 0.88600973 0.94594595 0.88349375 1 0.88349375 0.94594595 0.88600973 0.94594595 0.88600973 1 0.88349375 1 0.88349375 0.94594595 0.88101501 1 0.88101501 0.94594595 0.88349375 0.94594595 0.88349375 1 0.88101501 1 0.88101501 0.94594595 0.87857882 1 0.87857882 0.94594595 0.88101501 0.94594595 0.88101501 1 0.87857882 1 0.87857882 0.94594595 0.87619316 1 0.87619316 0.94594595 0.87857882 0.94594595 0.87857882 1 0.87619316 1 0.87619316 0.94594595 0.8738607 1 0.8738607 0.94594595 0.87619316 0.94594595 0.87619316 1 0.8738607 1 0.8738607 0.94594595 0.8715894 1 0.8715894 0.94594595 0.8738607 0.94594595 0.8738607 1 0.8715894 1 0.8715894 0.94594595 0.8693846 1 0.8693846 0.94594595 0.8715894 0.94594595 0.8715894 1 0.8693846 1 0.8693846 0.94594595 0.86724894 1 0.86724894 0.94594595 0.8693846 0.94594595 0.8693846 1 0.86724894 1 0.86724894 0.94594595 0.86519041 1 0.86519041 0.94594595 0.86724894 0.94594595 0.86724894 1 0.86519041 1 0.86519041 0.94594595 0.86321433 1 0.86321433 0.94594595 0.86519041 0.94594595 0.86519041 1 0.86321433 1 0.86321433 0.94594595 0.86132336 1 0.86132336 0.94594595 0.86321433 0.94594595 0.86321433 1 0.86132336 1 0.97654283 0.94594595 0.97549105 1 0.97549105 0.94594595 0.97654283 0.94594595 0.97654283 1 0.97549105 1 0.97549105 0.94594595 0.97439194 1 0.97439194 0.94594595 0.97549105 0.94594595 0.97549105 1 0.97439194 1 0.97439194 0.94594595 0.97324696 1 0.97324696 0.94594595 0.97439194 0.94594595 0.97439194 1 0.97324696 1 0.97324696 0.94594595 0.97205909 1 0.97205909 0.94594595 0.97324696 0.94594595 0.97324696 1 0.97205909 1 0.97205909 0.94594595 0.97083275 1 0.97083275 0.94594595 0.97205909 0.94594595 0.97205909 1 0.97083275 1 0.97083275 0.94594595 0.96956944 1 0.96956944 0.94594595 0.97083275 0.94594595 0.97083275 1 0.96956944 1 0.96956944 0.94594595 0.9682721 1 0.9682721 0.94594595 0.96956944 0.94594595 0.96956944 1 0.9682721 1 0.9682721 0.94594595 0.96694517 1 0.96694517 0.94594595 0.9682721 0.94594595 0.9682721 1 0.96694517 1 0.96694517 0.94594595 0.96559013 1 0.96559013 0.94594595 0.96694517 0.94594595 0.96694517 1 0.96559013 1 0.96559013 0.94594595 0.96421143 1 0.96421143 0.94594595 0.96559013 0.94594595 0.96559013 1 0.96421143 1 0.96421143 0.94594595 0.96281202 1 0.96281202 0.94594595 0.96421143 0.94594595 0.96421143 1 0.96281202 1 0.96281202 0.94594595 0.96139486 1 0.96139486 0.94594595 0.96281202 0.94594595 0.96281202 1 0.96139486 1 0.96139486 0.94594595 0.95996438 1 0.95996438 0.94594595 0.96139486 0.94594595 0.96139486 1 0.95996438 1 0.95996438 0.94594595 0.95852207 1 0.95852207 0.94594595 0.95996438 0.94594595 0.95996438 1 0.95852207 1 0.95852207 0.94594595 0.95707384 1 0.95707384 0.94594595 0.95852207 0.94594595 0.95852207 1 0.95707384 1 0.95707384 0.94594595 0.95562265 1 0.95562265 0.94594595 0.95707384 0.94594595 0.95707384 1 0.95562265 1 0.95562265 0.94594595 0.95417146 1 0.95417146 0.94594595 0.95562265 0.94594595 0.95562265 1 0.95417146 1 0.95417146 0.94594595 0.95272323 1 0.95272323 0.94594595 0.95417146 0.94594595 0.95417146 1 0.95272323 1 0.95272323 0.94594595 0.95128092 1 0.95128092 0.94594595 0.95272323 0.94594595 0.95272323 1 0.95128092 1 0.95128092 0.94594595 0.94985044 1 0.94985044 0.94594595 0.95128092 0.94594595 0.95128092 1 0.94985044 1 0.94985044 0.94594595 0.94843328 1 0.94843328 0.94594595 0.94985044 0.94594595 0.94985044 1 0.94843328 1 0.94843328 0.94594595 0.94703387 1 0.94703387 0.94594595 0.94843328 0.94594595 0.94843328 1 0.94703387 1 0.94703387 0.94594595 0.94565516 1 0.94565516 0.94594595 0.94703387 0.94594595 0.94703387 1 0.94565516 1 0.94565516 0.94594595 0.94430013 1 0.94430013 0.94594595 0.94565516 0.94594595 0.94565516 1 0.94430013 1 0.94430013 0.94594595 0.9429732 1 0.9429732 0.94594595 0.94430013 0.94594595 0.94430013 1 0.9429732 1 0.9429732 0.94594595 0.94167586 1 0.94167586 0.94594595 0.9429732 0.94594595 0.9429732 1 0.94167586 1 0.94167586 0.94594595 0.94041255 1 0.94041255 0.94594595 0.94167586 0.94594595 0.94167586 1 0.94041255 1 0.94041255 0.94594595 0.93918621 1 0.93918621 0.94594595 0.94041255 0.94594595 0.94041255 1 0.93918621 1 0.93918621 0.94594595 0.93799834 1 0.93799834 0.94594595 0.93918621 0.94594595 0.93918621 1 0.93799834 1 0.93799834 0.94594595 0.93685336 1 0.93685336 0.94594595 0.93799834 0.94594595 0.93799834 1 0.93685336 1 0.93685336 0.94594595 0.93575425 1 0.93575425 0.94594595 0.93685336 0.94594595 0.93685336 1 0.93575425 1 0.93575425 0.94594595 0.93470247 1 0.93470247 0.94594595 0.93575425 0.94594595 0.93575425 1 0.93470247 1 0.86132336 0.94594595 0.86321433 1 0.86321433 0.94594595 0.86132336 0.94594595 0.86132336 1 0.86321433 1 0.86321433 0.94594595 0.86519041 1 0.86519041 0.94594595 0.86321433 0.94594595 0.86321433 1 0.86519041 1 0.86519041 0.94594595 0.86724894 1 0.86724894 0.94594595 0.86519041 0.94594595 0.86519041 1 0.86724894 1 0.86724894 0.94594595 0.8693846 1 0.8693846 0.94594595 0.86724894 0.94594595 0.86724894 1 0.8693846 1 0.8693846 0.94594595 0.8715894 1 0.8715894 0.94594595 0.8693846 0.94594595 0.8693846 1 0.8715894 1 0.8715894 0.94594595 0.8738607 1 0.8738607 0.94594595 0.8715894 0.94594595 0.8715894 1 0.8738607 1 0.8738607 0.94594595 0.87619316 1 0.87619316 0.94594595 0.8738607 0.94594595 0.8738607 1 0.87619316 1 0.87619316 0.94594595 0.87857882 1 0.87857882 0.94594595 0.87619316 0.94594595 0.87619316 1 0.87857882 1 0.87857882 0.94594595 0.88101501 1 0.88101501 0.94594595 0.87857882 0.94594595 0.87857882 1 0.88101501 1 0.88101501 0.94594595 0.88349375 1 0.88349375 0.94594595 0.88101501 0.94594595 0.88101501 1 0.88349375 1 0.88349375 0.94594595 0.88600973 1 0.88600973 0.94594595 0.88349375 0.94594595 0.88349375 1 0.88600973 1 0.88600973 0.94594595 0.88855762 1 0.88855762 0.94594595 0.88600973 0.94594595 0.88600973 1 0.88855762 1 0.88855762 0.94594595 0.89112945 1 0.89112945 0.94594595 0.88855762 0.94594595 0.88855762 1 0.89112945 1 0.89112945 0.94594595 0.89372256 1 0.89372256 0.94594595 0.89112945 0.94594595 0.89112945 1 0.89372256 1 0.89372256 0.94594595 0.8963263 1 0.8963263 0.94594595 0.89372256 0.94594595 0.89372256 1 0.8963263 1 0.8963263 0.94594595 0.89893536 1 0.89893536 0.94594595 0.8963263 0.94594595 0.8963263 1 0.89893536 1 0.89893536 0.94594595 0.90154443 1 0.90154443 0.94594595 0.89893536 0.94594595 0.89893536 1 0.90154443 1 0.90154443 0.94594595 0.90414817 1 0.90414817 0.94594595 0.90154443 0.94594595 0.90154443 1 0.90414817 1 0.90414817 0.94594595 0.90674128 1 0.90674128 0.94594595 0.90414817 0.94594595 0.90414817 1 0.90674128 1 0.90674128 0.94594595 0.90931311 1 0.90931311 0.94594595 0.90674128 0.94594595 0.90674128 1 0.90931311 1 0.90931311 0.94594595 0.911861 1 0.911861 0.94594595 0.90931311 0.94594595 0.90931311 1 0.911861 1 0.911861 0.94594595 0.91437698 1 0.91437698 0.94594595 0.911861 0.94594595 0.911861 1 0.91437698 1 0.91437698 0.94594595 0.91685572 1 0.91685572 0.94594595 0.91437698 0.94594595 0.91437698 1 0.91685572 1 0.91685572 0.94594595 0.91929191 1 0.91929191 0.94594595 0.91685572 0.94594595 0.91685572 1 0.91929191 1 0.91929191 0.94594595 0.92167757 1 0.92167757 0.94594595 0.91929191 0.94594595 0.91929191 1 0.92167757 1 0.92167757 0.94594595 0.92401003 1 0.92401003 0.94594595 0.92167757 0.94594595 0.92167757 1 0.92401003 1 0.92401003 0.94594595 0.92628133 1 0.92628133 0.94594595 0.92401003 0.94594595 0.92401003 1 0.92628133 1 0.92628133 0.94594595 0.92848613 1 0.92848613 0.94594595 0.92628133 0.94594595 0.92628133 1 0.92848613 1 0.92848613 0.94594595 0.93062179 1 0.93062179 0.94594595 0.92848613 0.94594595 0.92848613 1 0.93062179 1 0.93062179 0.94594595 0.93268031 1 0.93268031 0.94594595 0.93062179 0.94594595 0.93062179 1 0.93268031 1 0.93268031 0.94594595 0.93465639 1 0.93465639 0.94594595 0.93268031 0.94594595 0.93268031 1 0.93465639 1 0.93465639 0.94594595 0.93654737 1 0.93654737 0.94594595 0.93465639 0.94594595 0.93465639 1 0.93654737 1 0.93470247 0.94594595 0.93575425 1 0.93575425 0.94594595 0.93470247 0.94594595 0.93470247 1 0.93575425 1 0.93575425 0.94594595 0.93685336 1 0.93685336 0.94594595 0.93575425 0.94594595 0.93575425 1 0.93685336 1 0.93685336 0.94594595 0.93799834 1 0.93799834 0.94594595 0.93685336 0.94594595 0.93685336 1 0.93799834 1 0.93799834 0.94594595 0.93918621 1 0.93918621 0.94594595 0.93799834 0.94594595 0.93799834 1 0.93918621 1 0.93918621 0.94594595 0.94041255 1 0.94041255 0.94594595 0.93918621 0.94594595 0.93918621 1 0.94041255 1 0.94041255 0.94594595 0.94167586 1 0.94167586 0.94594595 0.94041255 0.94594595 0.94041255 1 0.94167586 1 0.94167586 0.94594595 0.9429732 1 0.9429732 0.94594595 0.94167586 0.94594595 0.94167586 1 0.9429732 1 0.9429732 0.94594595 0.94430013 1 0.94430013 0.94594595 0.9429732 0.94594595 0.9429732 1 0.94430013 1 0.94430013 0.94594595 0.94565516 1 0.94565516 0.94594595 0.94430013 0.94594595 0.94430013 1 0.94565516 1 0.94565516 0.94594595 0.94703387 1 0.94703387 0.94594595 0.94565516 0.94594595 0.94565516 1 0.94703387 1 0.94703387 0.94594595 0.94843328 1 0.94843328 0.94594595 0.94703387 0.94594595 0.94703387 1 0.94843328 1 0.94843328 0.94594595 0.94985044 1 0.94985044 0.94594595 0.94843328 0.94594595 0.94843328 1 0.94985044 1 0.94985044 0.94594595 0.95128092 1 0.95128092 0.94594595 0.94985044 0.94594595 0.94985044 1 0.95128092 1 0.95128092 0.94594595 0.95272323 1 0.95272323 0.94594595 0.95128092 0.94594595 0.95128092 1 0.95272323 1 0.95272323 0.94594595 0.95417146 1 0.95417146 0.94594595 0.95272323 0.94594595 0.95272323 1 0.95417146 1 0.95417146 0.94594595 0.95562265 1 0.95562265 0.94594595 0.95417146 0.94594595 0.95417146 1 0.95562265 1 0.98670202 0.95562265 0.98670202 0.95802059 0.95206345 0.95707384 0.98670202 0.95562265 0.95206345 0.95707384 0.95212728 0.95562265 0.98670202 0.95562265 0.95206345 0.95707384 0.98670202 0.95802059 0.98670202 0.95562265 0.95212728 0.95562265 0.95206345 0.95707384 0.98670202 0.95802059 0.98670202 0.96043036 0.95187196 0.95852207 0.98670202 0.95802059 0.95187196 0.95852207 0.95206345 0.95707384 0.98670202 0.95802059 0.95187196 0.95852207 0.98670202 0.96043036 0.98670202 0.95802059 0.95206345 0.95707384 0.95187196 0.95852207 0.98670202 0.96043036 0.98670202 0.9628638 0.9515528 0.95996438 0.98670202 0.96043036 0.9515528 0.95996438 0.95187196 0.95852207 0.98670202 0.96043036 0.9515528 0.95996438 0.98670202 0.9628638 0.98670202 0.96043036 0.95187196 0.95852207 0.9515528 0.95996438 0.98670202 0.9628638 0.98670202 0.96533274 0.95110599 0.96139486 0.98670202 0.9628638 0.95110599 0.96139486 0.9515528 0.95996438 0.98670202 0.9628638 0.95110599 0.96139486 0.98670202 0.96533274 0.98670202 0.9628638 0.9515528 0.95996438 0.95110599 0.96139486 0.98670202 0.96533274 0.9865717 0.96783275 0.95053418 0.96281202 0.98670202 0.96533274 0.95053418 0.96281202 0.95110599 0.96139486 0.98670202 0.96533274 0.95053418 0.96281202 0.9865717 0.96783275 0.98670202 0.96533274 0.95110599 0.96139486 0.95053418 0.96281202 0.9865717 0.96783275 0.98604776 0.97032092 0.94983737 0.96421143 0.9865717 0.96783275 0.94983737 0.96421143 0.95053418 0.96281202 0.9865717 0.96783275 0.94983737 0.96421143 0.98604776 0.97032092 0.9865717 0.96783275 0.95053418 0.96281202 0.94983737 0.96421143 0.98604776 0.97032092 0.98510626 0.97277211 0.94901821 0.96559013 0.98604776 0.97032092 0.94901821 0.96559013 0.94983737 0.96421143 0.98604776 0.97032092 0.94901821 0.96559013 0.98510626 0.97277211 0.98604776 0.97032092 0.94983737 0.96421143 0.94901821 0.96559013 0.98510626 0.97277211 0.98375519 0.97516413 0.94807937 0.96694517 0.98510626 0.97277211 0.94807937 0.96694517 0.94901821 0.96559013 0.98510626 0.97277211 0.94807937 0.96694517 0.98375519 0.97516413 0.98510626 0.97277211 0.94901821 0.96559013 0.94807937 0.96694517 0.98375519 0.97516413 0.98200252 0.97747479 0.94702085 0.9682721 0.98375519 0.97516413 0.94702085 0.9682721 0.94807937 0.96694517 0.98375519 0.97516413 0.94702085 0.9682721 0.98200252 0.97747479 0.98375519 0.97516413 0.94807937 0.96694517 0.94702085 0.9682721 0.98200252 0.97747479 0.97986952 0.97968485 0.94584531 0.96956944 0.98200252 0.97747479 0.94584531 0.96956944 0.94702085 0.9682721 0.98200252 0.97747479 0.94584531 0.96956944 0.97986952 0.97968485 0.98200252 0.97747479 0.94702085 0.9682721 0.94584531 0.96956944 0.97986952 0.97968485 0.9773695 0.98177066 0.94456073 0.97083275 0.97986952 0.97968485 0.94456073 0.97083275 0.94584531 0.96956944 0.97986952 0.97968485 0.94456073 0.97083275 0.9773695 0.98177066 0.97986952 0.97968485 0.94584531 0.96956944 0.94456073 0.97083275 0.9773695 0.98177066 0.97452373 0.98371445 0.94316178 0.97205909 0.9773695 0.98177066 0.94316178 0.97205909 0.94456073 0.97083275 0.9773695 0.98177066 0.94316178 0.97205909 0.97452373 0.98371445 0.9773695 0.98177066 0.94456073 0.97083275 0.94316178 0.97205909 0.97452373 0.98371445 0.97136679 0.98550144 0.94165911 0.97324696 0.97452373 0.98371445 0.94165911 0.97324696 0.94316178 0.97205909 0.97452373 0.98371445 0.94165911 0.97324696 0.97136679 0.98550144 0.97452373 0.98371445 0.94316178 0.97205909 0.94165911 0.97324696 0.97136679 0.98550144 0.96792528 0.98711387 0.94005271 0.97439194 0.97136679 0.98550144 0.94005271 0.97439194 0.94165911 0.97324696 0.97136679 0.98550144 0.94005271 0.97439194 0.96792528 0.98711387 0.97136679 0.98550144 0.94165911 0.97324696 0.94005271 0.97439194 0.96792528 0.98711387 0.96422844 0.98853843 0.93834791 0.97549105 0.96792528 0.98711387 0.93834791 0.97549105 0.94005271 0.97439194 0.96792528 0.98711387 0.93834791 0.97549105 0.96422844 0.98853843 0.96792528 0.98711387 0.94005271 0.97439194 0.93834791 0.97549105 0.96422844 0.98853843 0.96031617 0.98976328 0.93654737 0.97654283 0.96422844 0.98853843 0.93654737 0.97654283 0.93834791 0.97549105 0.96422844 0.98853843 0.93654737 0.97654283 0.96031617 0.98976328 0.96422844 0.98853843 0.93834791 0.97549105 0.93654737 0.97654283 0.96031617 0.98976328 0.9562204 0.99077808 0.93465639 0.97754431 0.96031617 0.98976328 0.93465639 0.97754431 0.93654737 0.97654283 0.96031617 0.98976328 0.93465639 0.97754431 0.9562204 0.99077808 0.96031617 0.98976328 0.93654737 0.97654283 0.93465639 0.97754431 0.9562204 0.99077808 0.951981 0.99157394 0.93268031 0.97849254 0.9562204 0.99077808 0.93268031 0.97849254 0.93465639 0.97754431 0.9562204 0.99077808 0.93268031 0.97849254 0.951981 0.99157394 0.9562204 0.99077808 0.93465639 0.97754431 0.93268031 0.97849254 0.951981 0.99157394 0.94763522 0.99214495 0.93062179 0.97938603 0.951981 0.99157394 0.93062179 0.97938603 0.93268031 0.97849254 0.951981 0.99157394 0.93062179 0.97938603 0.94763522 0.99214495 0.951981 0.99157394 0.93268031 0.97849254 0.93062179 0.97938603 0.94763522 0.99214495 0.94322295 0.99248962 0.92848613 0.98022183 0.94763522 0.99214495 0.92848613 0.98022183 0.93062179 0.97938603 0.94763522 0.99214495 0.92848613 0.98022183 0.94322295 0.99248962 0.94763522 0.99214495 0.93062179 0.97938603 0.92848613 0.98022183 0.94322295 0.99248962 0.93875217 0.99257246 0.92628133 0.98099994 0.94322295 0.99248962 0.92628133 0.98099994 0.92848613 0.98022183 0.94322295 0.99248962 0.92628133 0.98099994 0.93875217 0.99257246 0.94322295 0.99248962 0.92848613 0.98022183 0.92628133 0.98099994 0.93875217 0.99257246 0.93444363 0.99257246 0.92401003 0.98171444 0.93875217 0.99257246 0.92401003 0.98171444 0.92628133 0.98099994 0.93875217 0.99257246 0.92401003 0.98171444 0.93444363 0.99257246 0.93875217 0.99257246 0.92628133 0.98099994 0.92401003 0.98171444 0.93444363 0.99257246 0.93035583 0.99257394 0.92167757 0.98236829 0.93444363 0.99257246 0.92167757 0.98236829 0.92401003 0.98171444 0.93444363 0.99257246 0.92167757 0.98236829 0.93035583 0.99257394 0.93444363 0.99257246 0.92401003 0.98171444 0.92167757 0.98236829 0.93035583 0.99257394 0.9264542 0.99257394 0.91929191 0.98295705 0.93035583 0.99257394 0.91929191 0.98295705 0.92167757 0.98236829 0.93035583 0.99257394 0.91929191 0.98295705 0.9264542 0.99257394 0.93035583 0.99257394 0.92167757 0.98236829 0.91929191 0.98295705 0.9264542 0.99257394 0.92270683 0.99257394 0.91685572 0.98347924 0.9264542 0.99257394 0.91685572 0.98347924 0.91929191 0.98295705 0.9264542 0.99257394 0.91685572 0.98347924 0.92270683 0.99257394 0.9264542 0.99257394 0.91929191 0.98295705 0.91685572 0.98347924 0.92270683 0.99257394 0.91908712 0.99257394 0.91437698 0.98393486 0.92270683 0.99257394 0.91437698 0.98393486 0.91685572 0.98347924 0.92270683 0.99257394 0.91437698 0.98393486 0.91908712 0.99257394 0.92270683 0.99257394 0.91685572 0.98347924 0.91437698 0.98393486 0.91908712 0.99257394 0.91557645 0.99257394 0.911861 0.98432244 0.91908712 0.99257394 0.911861 0.98432244 0.91437698 0.98393486 0.91908712 0.99257394 0.911861 0.98432244 0.91557645 0.99257394 0.91908712 0.99257394 0.91437698 0.98393486 0.911861 0.98432244 0.91557645 0.99257394 0.91215089 0.99257394 0.90931311 0.98464049 0.91557645 0.99257394 0.90931311 0.98464049 0.911861 0.98432244 0.91557645 0.99257394 0.90931311 0.98464049 0.91215089 0.99257394 0.91557645 0.99257394 0.911861 0.98432244 0.90931311 0.98464049 0.91215089 0.99257394 0.90878917 0.99257394 0.90674128 0.98488901 0.91215089 0.99257394 0.90674128 0.98488901 0.90931311 0.98464049 0.91215089 0.99257394 0.90674128 0.98488901 0.90878917 0.99257394 0.91215089 0.99257394 0.90931311 0.98464049 0.90674128 0.98488901 0.90878917 0.99257394 0.90547797 0.99257394 0.90414817 0.98506652 0.90878917 0.99257394 0.90414817 0.98506652 0.90674128 0.98488901 0.90878917 0.99257394 0.90414817 0.98506652 0.90547797 0.99257394 0.90878917 0.99257394 0.90674128 0.98488901 0.90414817 0.98506652 0.90547797 0.99257394 0.90219869 0.99257394 0.90154443 0.98517303 0.90547797 0.99257394 0.90154443 0.98517303 0.90414817 0.98506652 0.90547797 0.99257394 0.90154443 0.98517303 0.90219869 0.99257394 0.90547797 0.99257394 0.90414817 0.98506652 0.90154443 0.98517303 0.90219869 0.99257394 0.89893536 0.99257394 0.89893536 0.98520854 0.90219869 0.99257394 0.89893536 0.98520854 0.90154443 0.98517303 0.90219869 0.99257394 0.89893536 0.98520854 0.89893536 0.99257394 0.90219869 0.99257394 0.90154443 0.98517303 0.89893536 0.98520854 0.89893536 0.99257394 0.89567204 0.99257394 0.8963263 0.98517303 0.89893536 0.99257394 0.8963263 0.98517303 0.89893536 0.98520854 0.89893536 0.99257394 0.8963263 0.98517303 0.89567204 0.99257394 0.89893536 0.99257394 0.89893536 0.98520854 0.8963263 0.98517303 0.89567204 0.99257394 0.89239276 0.99257542 0.89372256 0.98506652 0.89567204 0.99257394 0.89372256 0.98506652 0.8963263 0.98517303 0.89567204 0.99257394 0.89372256 0.98506652 0.89239276 0.99257542 0.89567204 0.99257394 0.8963263 0.98517303 0.89372256 0.98506652 0.89239276 0.99257542 0.88908156 0.99257542 0.89112945 0.98488901 0.89239276 0.99257542 0.89112945 0.98488901 0.89372256 0.98506652 0.89239276 0.99257542 0.89112945 0.98488901 0.88908156 0.99257542 0.89239276 0.99257542 0.89372256 0.98506652 0.89112945 0.98488901 0.88908156 0.99257542 0.88571983 0.99257542 0.88855762 0.98464049 0.88908156 0.99257542 0.88855762 0.98464049 0.89112945 0.98488901 0.88908156 0.99257542 0.88855762 0.98464049 0.88571983 0.99257542 0.88908156 0.99257542 0.89112945 0.98488901 0.88855762 0.98464049 0.88571983 0.99257542 0.88229427 0.99257542 0.88600973 0.98432244 0.88571983 0.99257542 0.88600973 0.98432244 0.88855762 0.98464049 0.88571983 0.99257542 0.88600973 0.98432244 0.88229427 0.99257542 0.88571983 0.99257542 0.88855762 0.98464049 0.88600973 0.98432244 0.88229427 0.99257542 0.87878095 0.99257542 0.88349375 0.98393486 0.88229427 0.99257542 0.88349375 0.98393486 0.88600973 0.98432244 0.88229427 0.99257542 0.88349375 0.98393486 0.87878095 0.99257542 0.88229427 0.99257542 0.88600973 0.98432244 0.88349375 0.98393486 0.87878095 0.99257542 0.8751639 0.99257542 0.88101501 0.98347924 0.87878095 0.99257542 0.88101501 0.98347924 0.88349375 0.98393486 0.87878095 0.99257542 0.88101501 0.98347924 0.8751639 0.99257542 0.87878095 0.99257542 0.88349375 0.98393486 0.88101501 0.98347924 0.8751639 0.99257542 0.87141653 0.99257542 0.87857882 0.98295705 0.8751639 0.99257542 0.87857882 0.98295705 0.88101501 0.98347924 0.8751639 0.99257542 0.87857882 0.98295705 0.87141653 0.99257542 0.8751639 0.99257542 0.88101501 0.98347924 0.87857882 0.98295705 0.87141653 0.99257542 0.86751224 0.99257542 0.87619316 0.98236829 0.87141653 0.99257542 0.87619316 0.98236829 0.87857882 0.98295705 0.87141653 0.99257542 0.87619316 0.98236829 0.86751224 0.99257542 0.87141653 0.99257542 0.87857882 0.98295705 0.87619316 0.98236829 0.86751224 0.99257542 0.86342444 0.99257542 0.8738607 0.98171444 0.86751224 0.99257542 0.8738607 0.98171444 0.87619316 0.98236829 0.86751224 0.99257542 0.8738607 0.98171444 0.86342444 0.99257542 0.86751224 0.99257542 0.87619316 0.98236829 0.8738607 0.98171444 0.86342444 0.99257542 0.85911324 0.99257542 0.8715894 0.98099994 0.86342444 0.99257542 0.8715894 0.98099994 0.8738607 0.98171444 0.86342444 0.99257542 0.8715894 0.98099994 0.85911324 0.99257542 0.86342444 0.99257542 0.8738607 0.98171444 0.8715894 0.98099994 0.85911324 0.99257542 0.85454405 0.99257542 0.8693846 0.98022183 0.85911324 0.99257542 0.8693846 0.98022183 0.8715894 0.98099994 0.85911324 0.99257542 0.8693846 0.98022183 0.85454405 0.99257542 0.85911324 0.99257542 0.8715894 0.98099994 0.8693846 0.98022183 0.85454405 0.99257542 0.84966103 0.9925769 0.86724894 0.97938603 0.85454405 0.99257542 0.86724894 0.97938603 0.8693846 0.98022183 0.85454405 0.99257542 0.86724894 0.97938603 0.84966103 0.9925769 0.85454405 0.99257542 0.8693846 0.98022183 0.86724894 0.97938603 0.84966103 0.9925769 0.84441099 0.9925769 0.86519041 0.97849254 0.84966103 0.9925769 0.86519041 0.97849254 0.86724894 0.97938603 0.84966103 0.9925769 0.86519041 0.97849254 0.84441099 0.9925769 0.84966103 0.9925769 0.86724894 0.97938603 0.86519041 0.97849254 0.84441099 0.9925769 0.83871946 0.9925769 0.86321433 0.97754431 0.84441099 0.9925769 0.86321433 0.97754431 0.86519041 0.97849254 0.84441099 0.9925769 0.86321433 0.97754431 0.83871946 0.9925769 0.84441099 0.9925769 0.86519041 0.97849254 0.86321433 0.97754431 0.83871946 0.9925769 0.832496 0.9925769 0.86132336 0.97654283 0.83871946 0.9925769 0.86132336 0.97654283 0.86321433 0.97754431 0.83871946 0.9925769 0.86132336 0.97654283 0.832496 0.9925769 0.83871946 0.9925769 0.86321433 0.97754431 0.86132336 0.97654283 0.832496 0.9925769 0.82563159 0.9925769 0.85952282 0.97549105 0.832496 0.9925769 0.85952282 0.97549105 0.86132336 0.97654283 0.832496 0.9925769 0.85952282 0.97549105 0.82563159 0.9925769 0.832496 0.9925769 0.86132336 0.97654283 0.85952282 0.97549105 0.82563159 0.9925769 0.81797727 0.9925769 0.85781801 0.97439194 0.82563159 0.9925769 0.85781801 0.97439194 0.85952282 0.97549105 0.82563159 0.9925769 0.85781801 0.97439194 0.81797727 0.9925769 0.82563159 0.9925769 0.85952282 0.97549105 0.85781801 0.97439194 0.81797727 0.9925769 0.80934954 0.99257838 0.85621162 0.97324696 0.81797727 0.9925769 0.85621162 0.97324696 0.85781801 0.97439194 0.81797727 0.9925769 0.85621162 0.97324696 0.80934954 0.99257838 0.81797727 0.9925769 0.85781801 0.97439194 0.85621162 0.97324696 0.80934954 0.99257838 0.7994984 0.99257838 0.85470895 0.97205909 0.80934954 0.99257838 0.85470895 0.97205909 0.85621162 0.97324696 0.80934954 0.99257838 0.85470895 0.97205909 0.7994984 0.99257838 0.80934954 0.99257838 0.85621162 0.97324696 0.85470895 0.97205909 0.7994984 0.99257838 0.78808342 0.99257838 0.85331 0.97083275 0.7994984 0.99257838 0.85331 0.97083275 0.85470895 0.97205909 0.7994984 0.99257838 0.85331 0.97083275 0.78808342 0.99257838 0.7994984 0.99257838 0.85470895 0.97205909 0.85331 0.97083275 0.78808342 0.99257838 0.77462852 0.99257838 0.85202542 0.96956944 0.78808342 0.99257838 0.85202542 0.96956944 0.85331 0.97083275 0.78808342 0.99257838 0.85202542 0.96956944 0.77462852 0.99257838 0.78808342 0.99257838 0.85331 0.97083275 0.85202542 0.96956944 0.77462852 0.99257838 0.7584502 0.99257986 0.85084987 0.9682721 0.77462852 0.99257838 0.85084987 0.9682721 0.85202542 0.96956944 0.77462852 0.99257838 0.85084987 0.9682721 0.7584502 0.99257986 0.77462852 0.99257838 0.85202542 0.96956944 0.85084987 0.9682721 0.7584502 0.99257986 0.73852185 0.99257986 0.84979135 0.96694517 0.7584502 0.99257986 0.84979135 0.96694517 0.85084987 0.9682721 0.7584502 0.99257986 0.84979135 0.96694517 0.73852185 0.99257986 0.7584502 0.99257986 0.85084987 0.9682721 0.84979135 0.96694517 0.73852185 0.99257986 0.71322909 0.99258134 0.84885252 0.96559013 0.73852185 0.99257986 0.84885252 0.96559013 0.84979135 0.96694517 0.73852185 0.99257986 0.84885252 0.96559013 0.71322909 0.99258134 0.73852185 0.99257986 0.84979135 0.96694517 0.84885252 0.96559013 0.71322909 0.99258134 0.67988042 0.99258282 0.84803336 0.96421143 0.71322909 0.99258134 0.84803336 0.96421143 0.84885252 0.96559013 0.71322909 0.99258134 0.84803336 0.96421143 0.67988042 0.99258282 0.71322909 0.99258134 0.84885252 0.96559013 0.84803336 0.96421143 0.67988042 0.99258282 0.63364335 0.9925843 0.84733655 0.96281202 0.67988042 0.99258282 0.84733655 0.96281202 0.84803336 0.96421143 0.67988042 0.99258282 0.84733655 0.96281202 0.63364335 0.9925843 0.67988042 0.99258282 0.84803336 0.96421143 0.84733655 0.96281202 0.63364335 0.9925843 0.56483429 0.99258726 0.84676473 0.96139486 0.63364335 0.9925843 0.84676473 0.96139486 0.84733655 0.96281202 0.63364335 0.9925843 0.84676473 0.96139486 0.56483429 0.99258726 0.63364335 0.9925843 0.84733655 0.96281202 0.84676473 0.96139486 0.56483429 0.99258726 0.45086796 0.99259021 0.84631792 0.95996438 0.56483429 0.99258726 0.84631792 0.95996438 0.84676473 0.96139486 0.56483429 0.99258726 0.84631792 0.95996438 0.45086796 0.99259021 0.56483429 0.99258726 0.84676473 0.96139486 0.84631792 0.95996438 0.45086796 0.99259021 0.22395923 0.99259909 0.84599877 0.95852207 0.45086796 0.99259021 0.84599877 0.95852207 0.84631792 0.95996438 0.45086796 0.99259021 0.84599877 0.95852207 0.22395923 0.99259909 0.45086796 0.99259021 0.84631792 0.95996438 0.84599877 0.95852207 0.22395923 0.99259909 0.02007197 0.97963751 0.84580728 0.95707384 0.22395923 0.99259909 0.84580728 0.95707384 0.84599877 0.95852207 0.22395923 0.99259909 0.84580728 0.95707384 0.02007197 0.97963751 0.22395923 0.99259909 0.84599877 0.95852207 0.84580728 0.95707384 0.02007197 0.97963751 0.01334585 0.95562265 0.84574345 0.95562265 0.02007197 0.97963751 0.84574345 0.95562265 0.84580728 0.95707384 0.02007197 0.97963751 0.84574345 0.95562265 0.01334585 0.95562265 0.02007197 0.97963751 0.84580728 0.95707384 0.84574345 0.95562265 0.01334585 0.95562265 0.01334585 0.93142435 0.84580728 0.95417146 0.01334585 0.95562265 0.84580728 0.95417146 0.84574345 0.95562265 0.01334585 0.95562265 0.84580728 0.95417146 0.01334585 0.93142435 0.01334585 0.95562265 0.84574345 0.95562265 0.84580728 0.95417146 0.01334585 0.93142435 0.01334319 0.90710771 0.84599877 0.95272323 0.01334585 0.93142435 0.84599877 0.95272323 0.84580728 0.95417146 0.01334585 0.93142435 0.84599877 0.95272323 0.01334319 0.90710771 0.01334585 0.93142435 0.84580728 0.95417146 0.84599877 0.95272323 0.01334319 0.90710771 0.01334319 0.88255587 0.84631792 0.95128092 0.01334319 0.90710771 0.84631792 0.95128092 0.84599877 0.95272323 0.01334319 0.90710771 0.84631792 0.95128092 0.01334319 0.88255587 0.01334319 0.90710771 0.84599877 0.95272323 0.84631792 0.95128092 0.01334319 0.88255587 0.01334053 0.85764307 0.84676473 0.94985044 0.01334319 0.88255587 0.84676473 0.94985044 0.84631792 0.95128092 0.01334319 0.88255587 0.84676473 0.94985044 0.01334053 0.85764307 0.01334319 0.88255587 0.84631792 0.95128092 0.84676473 0.94985044 0.01334053 0.85764307 0.01334053 0.83223767 0.84733655 0.94843328 0.01334053 0.85764307 0.84733655 0.94843328 0.84676473 0.94985044 0.01334053 0.85764307 0.84733655 0.94843328 0.01334053 0.83223767 0.01334053 0.85764307 0.84676473 0.94985044 0.84733655 0.94843328 0.01334053 0.83223767 0.01333787 0.80620061 0.84803336 0.94703387 0.01334053 0.83223767 0.84803336 0.94703387 0.84733655 0.94843328 0.01334053 0.83223767 0.84803336 0.94703387 0.01333787 0.80620061 0.01334053 0.83223767 0.84733655 0.94843328 0.84803336 0.94703387 0.01333787 0.80620061 0.01333521 0.77937509 0.84885252 0.94565516 0.01333787 0.80620061 0.84885252 0.94565516 0.84803336 0.94703387 0.01333787 0.80620061 0.84885252 0.94565516 0.01333521 0.77937509 0.01333787 0.80620061 0.84803336 0.94703387 0.84885252 0.94565516 0.01333521 0.77937509 0.01333521 0.7515895 0.84979135 0.94430013 0.01333521 0.77937509 0.84979135 0.94430013 0.84885252 0.94565516 0.01333521 0.77937509 0.84979135 0.94430013 0.01333521 0.7515895 0.01333521 0.77937509 0.84885252 0.94565516 0.84979135 0.94430013 0.01333521 0.7515895 0.01333255 0.72264859 0.85084987 0.9429732 0.01333521 0.7515895 0.85084987 0.9429732 0.84979135 0.94430013 0.01333521 0.7515895 0.85084987 0.9429732 0.01333255 0.72264859 0.01333521 0.7515895 0.84979135 0.94430013 0.85084987 0.9429732 0.01333255 0.72264859 0.01332989 0.69233193 0.85202542 0.94167586 0.01333255 0.72264859 0.85202542 0.94167586 0.85084987 0.9429732 0.01333255 0.72264859 0.85202542 0.94167586 0.01332989 0.69233193 0.01333255 0.72264859 0.85084987 0.9429732 0.85202542 0.94167586 0.01332989 0.69233193 0.01332989 0.66037917 0.85331 0.94041255 0.01332989 0.69233193 0.85331 0.94041255 0.85202542 0.94167586 0.01332989 0.69233193 0.85331 0.94041255 0.01332989 0.66037917 0.01332989 0.69233193 0.85202542 0.94167586 0.85331 0.94041255 0.01332989 0.66037917 0.01332723 0.62648854 0.85470895 0.93918621 0.01332989 0.66037917 0.85470895 0.93918621 0.85331 0.94041255 0.01332989 0.66037917 0.85470895 0.93918621 0.01332723 0.62648854 0.01332989 0.66037917 0.85331 0.94041255 0.85470895 0.93918621 0.01332723 0.62648854 0.01332457 0.59029613 0.85621162 0.93799834 0.01332723 0.62648854 0.85621162 0.93799834 0.85470895 0.93918621 0.01332723 0.62648854 0.85621162 0.93799834 0.01332457 0.59029613 0.01332723 0.62648854 0.85470895 0.93918621 0.85621162 0.93799834 0.01332457 0.59029613 0.01332191 0.55136702 0.85781801 0.93685336 0.01332457 0.59029613 0.85781801 0.93685336 0.85621162 0.93799834 0.01332457 0.59029613 0.85781801 0.93685336 0.01332191 0.55136702 0.01332457 0.59029613 0.85621162 0.93799834 0.85781801 0.93685336 0.01332191 0.55136702 0.01331926 0.50916571 0.85952282 0.93575425 0.01332191 0.55136702 0.85952282 0.93575425 0.85781801 0.93685336 0.01332191 0.55136702 0.85952282 0.93575425 0.01331926 0.50916571 0.01332191 0.55136702 0.85781801 0.93685336 0.85952282 0.93575425 0.01331926 0.50916571 0.0133166 0.46303244 0.86132336 0.93470247 0.01331926 0.50916571 0.86132336 0.93470247 0.85952282 0.93575425 0.01331926 0.50916571 0.86132336 0.93470247 0.0133166 0.46303244 0.01331926 0.50916571 0.85952282 0.93575425 0.86132336 0.93470247 0.0133166 0.46303244 0.01331394 0.4121314 0.86321433 0.93370099 0.0133166 0.46303244 0.86321433 0.93370099 0.86132336 0.93470247 0.0133166 0.46303244 0.86321433 0.93370099 0.01331394 0.4121314 0.0133166 0.46303244 0.86132336 0.93470247 0.86321433 0.93370099 0.01331394 0.4121314 0.01330862 0.35539454 0.86519041 0.93275276 0.01331394 0.4121314 0.86519041 0.93275276 0.86321433 0.93370099 0.01331394 0.4121314 0.86519041 0.93275276 0.01330862 0.35539454 0.01331394 0.4121314 0.86321433 0.93370099 0.86519041 0.93275276 0.01330862 0.35539454 0.01330596 0.29143429 0.86724894 0.93185927 0.01330862 0.35539454 0.86724894 0.93185927 0.86519041 0.93275276 0.01330862 0.35539454 0.86724894 0.93185927 0.01330596 0.29143429 0.01330862 0.35539454 0.86519041 0.93275276 0.86724894 0.93185927 0.01330596 0.29143429 0.01330064 0.2183971 0.8693846 0.93102346 0.01330596 0.29143429 0.8693846 0.93102346 0.86724894 0.93185927 0.01330596 0.29143429 0.8693846 0.93102346 0.01330064 0.2183971 0.01330596 0.29143429 0.86724894 0.93185927 0.8693846 0.93102346 0.01330064 0.2183971 0.01329532 0.13376667 0.8715894 0.93024536 0.01330064 0.2183971 0.8715894 0.93024536 0.8693846 0.93102346 0.01330064 0.2183971 0.8715894 0.93024536 0.01329532 0.13376667 0.01330064 0.2183971 0.8693846 0.93102346 0.8715894 0.93024536 0.01329532 0.13376667 0.01329 0.03402377 0.8738607 0.92953086 0.01329532 0.13376667 0.8738607 0.92953086 0.8715894 0.93024536 0.01329532 0.13376667 0.8738607 0.92953086 0.01329 0.03402377 0.01329532 0.13376667 0.8715894 0.93024536 0.8738607 0.92953086 0.01329 0.03402377 0.09264968 0.00742606 0.87619316 0.92887701 0.01329 0.03402377 0.87619316 0.92887701 0.8738607 0.92953086 0.01329 0.03402377 0.87619316 0.92887701 0.09264968 0.00742606 0.01329 0.03402377 0.8738607 0.92953086 0.87619316 0.92887701 0.09264968 0.00742606 0.19280473 0.00742162 0.87857882 0.92828825 0.09264968 0.00742606 0.87857882 0.92828825 0.87619316 0.92887701 0.09264968 0.00742606 0.87857882 0.92828825 0.19280473 0.00742162 0.09264968 0.00742606 0.87619316 0.92887701 0.87857882 0.92828825 0.19280473 0.00742162 0.28896241 0.00741866 0.88101501 0.92776606 0.19280473 0.00742162 0.88101501 0.92776606 0.87857882 0.92828825 0.19280473 0.00742162 0.88101501 0.92776606 0.28896241 0.00741866 0.19280473 0.00742162 0.87857882 0.92828825 0.88101501 0.92776606 0.28896241 0.00741866 0.38180092 0.0074157 0.88349375 0.92731044 0.28896241 0.00741866 0.88349375 0.92731044 0.88101501 0.92776606 0.28896241 0.00741866 0.88349375 0.92731044 0.38180092 0.0074157 0.28896241 0.00741866 0.88101501 0.92776606 0.88349375 0.92731044 0.38180092 0.0074157 0.47191334 0.00741274 0.88600973 0.92692286 0.38180092 0.0074157 0.88600973 0.92692286 0.88349375 0.92731044 0.38180092 0.0074157 0.88600973 0.92692286 0.47191334 0.00741274 0.38180092 0.0074157 0.88349375 0.92731044 0.88600973 0.92692286 0.47191334 0.00741274 0.55983425 0.00740831 0.88855762 0.92660481 0.47191334 0.00741274 0.88855762 0.92660481 0.88600973 0.92692286 0.47191334 0.00741274 0.88855762 0.92660481 0.55983425 0.00740831 0.47191334 0.00741274 0.88600973 0.92692286 0.88855762 0.92660481 0.55983425 0.00740831 0.64605569 0.00740535 0.89112945 0.92635629 0.55983425 0.00740831 0.89112945 0.92635629 0.88855762 0.92660481 0.55983425 0.00740831 0.89112945 0.92635629 0.64605569 0.00740535 0.55983425 0.00740831 0.88855762 0.92660481 0.89112945 0.92635629 0.64605569 0.00740535 0.73102977 0.00740239 0.89372256 0.92617878 0.64605569 0.00740535 0.89372256 0.92617878 0.89112945 0.92635629 0.64605569 0.00740535 0.89372256 0.92617878 0.73102977 0.00740239 0.64605569 0.00740535 0.89112945 0.92635629 0.89372256 0.92617878 0.73102977 0.00740239 0.8151847 0.00739943 0.8963263 0.92607227 0.73102977 0.00740239 0.8963263 0.92607227 0.89372256 0.92617878 0.73102977 0.00740239 0.8963263 0.92607227 0.8151847 0.00739943 0.73102977 0.00740239 0.89372256 0.92617878 0.8963263 0.92607227 0.8151847 0.00739943 0.89893536 0.00739647 0.89893536 0.92603676 0.8151847 0.00739943 0.89893536 0.92603676 0.8963263 0.92607227 0.8151847 0.00739943 0.89893536 0.92603676 0.89893536 0.00739647 0.8151847 0.00739943 0.8963263 0.92607227 0.89893536 0.92603676 0.89893536 0.00739647 0.98140943 0.02186693 0.90154443 0.92607227 0.89893536 0.00739647 0.90154443 0.92607227 0.89893536 0.92603676 0.89893536 0.00739647 0.90154443 0.92607227 0.98140943 0.02186693 0.89893536 0.00739647 0.89893536 0.92603676 0.90154443 0.92607227 0.98140943 0.02186693 0.98667011 0.46015521 0.90414817 0.92617878 0.98140943 0.02186693 0.90414817 0.92617878 0.90154443 0.92607227 0.98140943 0.02186693 0.90414817 0.92617878 0.98667011 0.46015521 0.98140943 0.02186693 0.90154443 0.92607227 0.90414817 0.92617878 0.98667011 0.46015521 0.98668074 0.6266054 0.90674128 0.92635629 0.98667011 0.46015521 0.90674128 0.92635629 0.90414817 0.92617878 0.98667011 0.46015521 0.90674128 0.92635629 0.98668074 0.6266054 0.98667011 0.46015521 0.90414817 0.92617878 0.90674128 0.92635629 0.98668074 0.6266054 0.98668606 0.71024914 0.90931311 0.92660481 0.98668074 0.6266054 0.90931311 0.92660481 0.90674128 0.92635629 0.98668074 0.6266054 0.90931311 0.92660481 0.98668606 0.71024914 0.98668074 0.6266054 0.90674128 0.92635629 0.90931311 0.92660481 0.98668606 0.71024914 0.98668872 0.76076409 0.911861 0.92692286 0.98668606 0.71024914 0.911861 0.92692286 0.90931311 0.92660481 0.98668606 0.71024914 0.911861 0.92692286 0.98668872 0.76076409 0.98668606 0.71024914 0.90931311 0.92660481 0.911861 0.92692286 0.98668872 0.76076409 0.98669138 0.79471537 0.91437698 0.92731044 0.98668872 0.76076409 0.91437698 0.92731044 0.911861 0.92692286 0.98668872 0.76076409 0.91437698 0.92731044 0.98669138 0.79471537 0.98668872 0.76076409 0.911861 0.92692286 0.91437698 0.92731044 0.98669138 0.79471537 0.98669404 0.81920361 0.91685572 0.92776606 0.98669138 0.79471537 0.91685572 0.92776606 0.91437698 0.92731044 0.98669138 0.79471537 0.91685572 0.92776606 0.98669404 0.81920361 0.98669138 0.79471537 0.91437698 0.92731044 0.91685572 0.92776606 0.98669404 0.81920361 0.98669404 0.83777911 0.91929191 0.92828825 0.98669404 0.81920361 0.91929191 0.92828825 0.91685572 0.92776606 0.98669404 0.81920361 0.91929191 0.92828825 0.98669404 0.83777911 0.98669404 0.81920361 0.91685572 0.92776606 0.91929191 0.92828825 0.98669404 0.83777911 0.98669404 0.85241672 0.92167757 0.92887701 0.98669404 0.83777911 0.92167757 0.92887701 0.91929191 0.92828825 0.98669404 0.83777911 0.92167757 0.92887701 0.98669404 0.85241672 0.98669404 0.83777911 0.91929191 0.92828825 0.92167757 0.92887701 0.98669404 0.85241672 0.9866967 0.86429989 0.92401003 0.92953086 0.98669404 0.85241672 0.92401003 0.92953086 0.92167757 0.92887701 0.98669404 0.85241672 0.92401003 0.92953086 0.9866967 0.86429989 0.98669404 0.85241672 0.92167757 0.92887701 0.92401003 0.92953086 0.9866967 0.86429989 0.9866967 0.87418158 0.92628133 0.93024536 0.9866967 0.86429989 0.92628133 0.93024536 0.92401003 0.92953086 0.9866967 0.86429989 0.92628133 0.93024536 0.9866967 0.87418158 0.9866967 0.86429989 0.92401003 0.92953086 0.92628133 0.93024536 0.9866967 0.87418158 0.9866967 0.8825677 0.92848613 0.93102346 0.9866967 0.87418158 0.92848613 0.93102346 0.92628133 0.93024536 0.9866967 0.87418158 0.92848613 0.93102346 0.9866967 0.8825677 0.9866967 0.87418158 0.92628133 0.93024536 0.92848613 0.93102346 0.9866967 0.8825677 0.9866967 0.88980441 0.93062179 0.93185927 0.9866967 0.8825677 0.93062179 0.93185927 0.92848613 0.93102346 0.9866967 0.8825677 0.93062179 0.93185927 0.9866967 0.88980441 0.9866967 0.8825677 0.92848613 0.93102346 0.93062179 0.93185927 0.9866967 0.88980441 0.9866967 0.8961417 0.93268031 0.93275276 0.9866967 0.88980441 0.93268031 0.93275276 0.93062179 0.93185927 0.9866967 0.88980441 0.93268031 0.93275276 0.9866967 0.8961417 0.9866967 0.88980441 0.93062179 0.93185927 0.93268031 0.93275276 0.9866967 0.8961417 0.98669936 0.9017645 0.93465639 0.93370099 0.9866967 0.8961417 0.93465639 0.93370099 0.93268031 0.93275276 0.9866967 0.8961417 0.93465639 0.93370099 0.98669936 0.9017645 0.9866967 0.8961417 0.93268031 0.93275276 0.93465639 0.93370099 0.98669936 0.9017645 0.98669936 0.90680742 0.93654737 0.93470247 0.98669936 0.9017645 0.93654737 0.93470247 0.93465639 0.93370099 0.98669936 0.9017645 0.93654737 0.93470247 0.98669936 0.90680742 0.98669936 0.9017645 0.93465639 0.93370099 0.93654737 0.93470247 0.98669936 0.90680742 0.98669936 0.91137992 0.93834791 0.93575425 0.98669936 0.90680742 0.93834791 0.93575425 0.93654737 0.93470247 0.98669936 0.90680742 0.93834791 0.93575425 0.98669936 0.91137992 0.98669936 0.90680742 0.93654737 0.93470247 0.93834791 0.93575425 0.98669936 0.91137992 0.98669936 0.91556188 0.94005271 0.93685336 0.98669936 0.91137992 0.94005271 0.93685336 0.93834791 0.93575425 0.98669936 0.91137992 0.94005271 0.93685336 0.98669936 0.91556188 0.98669936 0.91137992 0.93834791 0.93575425 0.94005271 0.93685336 0.98669936 0.91556188 0.98669936 0.9194184 0.94165911 0.93799834 0.98669936 0.91556188 0.94165911 0.93799834 0.94005271 0.93685336 0.98669936 0.91556188 0.94165911 0.93799834 0.98669936 0.9194184 0.98669936 0.91556188 0.94005271 0.93685336 0.94165911 0.93799834 0.98669936 0.9194184 0.98669936 0.92300569 0.94316178 0.93918621 0.98669936 0.9194184 0.94316178 0.93918621 0.94165911 0.93799834 0.98669936 0.9194184 0.94316178 0.93918621 0.98669936 0.92300569 0.98669936 0.9194184 0.94165911 0.93799834 0.94316178 0.93918621 0.98669936 0.92300569 0.98669936 0.92636369 0.94456073 0.94041255 0.98669936 0.92300569 0.94456073 0.94041255 0.94316178 0.93918621 0.98669936 0.92300569 0.94456073 0.94041255 0.98669936 0.92636369 0.98669936 0.92300569 0.94316178 0.93918621 0.94456073 0.94041255 0.98669936 0.92636369 0.98669936 0.92953086 0.94584531 0.94167586 0.98669936 0.92636369 0.94584531 0.94167586 0.94456073 0.94041255 0.98669936 0.92636369 0.94584531 0.94167586 0.98669936 0.92953086 0.98669936 0.92636369 0.94456073 0.94041255 0.94584531 0.94167586 0.98669936 0.92953086 0.98669936 0.9325353 0.94702085 0.9429732 0.98669936 0.92953086 0.94702085 0.9429732 0.94584531 0.94167586 0.98669936 0.92953086 0.94702085 0.9429732 0.98669936 0.9325353 0.98669936 0.92953086 0.94584531 0.94167586 0.94702085 0.9429732 0.98669936 0.9325353 0.98669936 0.93540218 0.94807937 0.94430013 0.98669936 0.9325353 0.94807937 0.94430013 0.94702085 0.9429732 0.98669936 0.9325353 0.94807937 0.94430013 0.98669936 0.93540218 0.98669936 0.9325353 0.94702085 0.9429732 0.94807937 0.94430013 0.98669936 0.93540218 0.98669936 0.93815662 0.94901821 0.94565516 0.98669936 0.93540218 0.94901821 0.94565516 0.94807937 0.94430013 0.98669936 0.93540218 0.94901821 0.94565516 0.98669936 0.93815662 0.98669936 0.93540218 0.94807937 0.94430013 0.94901821 0.94565516 0.98669936 0.93815662 0.98669936 0.94081491 0.94983737 0.94703387 0.98669936 0.93815662 0.94983737 0.94703387 0.94901821 0.94565516 0.98669936 0.93815662 0.94983737 0.94703387 0.98669936 0.94081491 0.98669936 0.93815662 0.94901821 0.94565516 0.94983737 0.94703387 0.98669936 0.94081491 0.98669936 0.9433948 0.95053418 0.94843328 0.98669936 0.94081491 0.95053418 0.94843328 0.94983737 0.94703387 0.98669936 0.94081491 0.95053418 0.94843328 0.98669936 0.9433948 0.98669936 0.94081491 0.94983737 0.94703387 0.95053418 0.94843328 0.98669936 0.9433948 0.98670202 0.94591256 0.95110599 0.94985044 0.98669936 0.9433948 0.95110599 0.94985044 0.95053418 0.94843328 0.98669936 0.9433948 0.95110599 0.94985044 0.98670202 0.94591256 0.98669936 0.9433948 0.95053418 0.94843328 0.95110599 0.94985044 0.98670202 0.94591256 0.98670202 0.9483815 0.9515528 0.95128092 0.98670202 0.94591256 0.9515528 0.95128092 0.95110599 0.94985044 0.98670202 0.94591256 0.9515528 0.95128092 0.98670202 0.9483815 0.98670202 0.94591256 0.95110599 0.94985044 0.9515528 0.95128092 0.98670202 0.9483815 0.98670202 0.95081494 0.95187196 0.95272323 0.98670202 0.9483815 0.95187196 0.95272323 0.9515528 0.95128092 0.98670202 0.9483815 0.95187196 0.95272323 0.98670202 0.95081494 0.98670202 0.9483815 0.9515528 0.95128092 0.95187196 0.95272323 0.98670202 0.95081494 0.98670202 0.95322471 0.95206345 0.95417146 0.98670202 0.95081494 0.95206345 0.95417146 0.95187196 0.95272323 0.98670202 0.95081494 0.95206345 0.95417146 0.98670202 0.95322471 0.98670202 0.95081494 0.95187196 0.95272323 0.95206345 0.95417146 0.98670202 0.95322471 0.98670202 0.95562265 0.95212728 0.95562265 0.98670202 0.95322471 0.95212728 0.95562265 0.95206345 0.95417146 0.98670202 0.95322471 0.95212728 0.95562265 0.98670202 0.95562265 0.98670202 0.95322471 0.95206345 0.95417146 0.95212728 0.95562265</float_array><technique_common><accessor source="#uvs_arr" count="6144" stride="2"><param name="S" type="float" /><param name="T" type="float" /></accessor></technique_common></source><source id="normals"><float_array id="normals_arr" count="6144">0.894427191 0 -0.447213595 0.894427191 0 -0.447213595 0.894427191 0 -0.447213595 0.894427191 0 -0.447213595 0.894427191 0 -0.447213595 0.894427191 0 -0.447213595 0.894927789 0 -0.446210996 0.89421445 0.00652371147 -0.447591285 0.896064379 0.0259805648 -0.44316322 0.89113242 0.0577757015 -0.450049974 0.889867887 0.104223528 -0.444153801 0.883187866 0.132432036 -0.449934383 0.875823524 0.187110155 -0.444885315 0.868411874 0.209839301 -0.449253029 0.853989667 0.268291126 -0.44578192 0.849004828 0.280236121 -0.447949236 0.824231895 0.347739321 -0.446899483 0.823436789 0.349280966 -0.447162902 0.788019949 0.42302008 -0.447301432 0.789867069 0.420063573 -0.446829507 0.744016453 0.496010969 -0.4476747 0.751975328 0.485323954 -0.446087173 0.693150438 0.564437571 -0.44827748 0.70966413 0.545646704 -0.445697765 0.637436855 0.626355586 -0.448723674 0.661435447 0.603114337 -0.445820868 0.575814298 0.683581378 -0.448502391 0.606238991 0.658612849 -0.445761597 0.509028786 0.734735216 -0.448390296 0.550323777 0.706031941 -0.445715873 0.438423555 0.778890156 -0.448458371 0.49134138 0.747977428 -0.446221263 0.363859559 0.816827581 -0.447659385 0.423754321 0.788108201 -0.446450153 0.286105939 0.847681907 -0.446742405 0.357471866 0.820165412 -0.446701871 0.205759913 0.871014762 -0.446089837 0.291551183 0.845356671 -0.447627084 0.124563937 0.886916613 -0.444817657 0.218249214 0.866828944 -0.4483022 0.029864542 0.896469557 -0.442097775 0.146049355 0.881546268 -0.448938486 0 0.894641802 -0.446784116 0.0764705295 0.888789551 -0.451890907 0.000582057551 0.894622456 -0.446822474 0 0.894641802 -0.446784116 0 0.894641802 -0.446784116 0.000508023556 0.894629482 -0.446808496 0 0.894641802 -0.446784116 0 0.894641802 -0.446784116 0 0.894641802 -0.446784116 0 0.894641802 -0.446784116 0 0.894641802 -0.446784116 0 0.894641802 -0.446784116 0 0.894641802 -0.446784116 0 0.894641802 -0.446784116 0 0.894641802 -0.446784116 0 0.894641802 -0.446784116 0 0.894641802 -0.446784116 0 0.894641802 -0.446784116 0 0.894606041 -0.446855717 0.000604888264 0.894629742 -0.446807854 0 0.894606041 -0.446855717 0 0.894606041 -0.446855717 0 0.894606041 -0.446855717 0 0.894606041 -0.446855717 0.000725592729 0.894655835 -0.446755425 0 0.894606041 -0.446855717 0 0.894641802 -0.446784116 0 0.894641802 -0.446784116 0 0.894641802 -0.446784116 0 0.894641802 -0.446784116 0 0.894641802 -0.446784116 0 0.894641802 -0.446784116 0 0.894641802 -0.446784116 0 0.894641802 -0.446784116 0 0.894606041 -0.446855717 0.000548207636 0.894674862 -0.446717573 0 0.894606041 -0.446855717 0 0.894606041 -0.446855717 0 0.894606041 -0.446855717 0 0.894606041 -0.446855717 0 0.894606041 -0.446855717 0 0.894606041 -0.446855717 0 0.894606041 -0.446855717 0 0.894606041 -0.446855717 0 0.894606041 -0.446855717 0 0.894606041 -0.446855717 0.000487297428 0.894678077 -0.446711205 0.000406294358 0.894660176 -0.446747137 0 0.894606041 -0.446855717 0 0.894606041 -0.446855717 0 0.894606041 -0.446855717 0 0.894606041 -0.446855717 0 0.894606041 -0.446855717 0 0.894606041 -0.446855717 0 0.894606041 -0.446855717 0 0.894606041 -0.446855717 0 0.894570276 -0.44692731 0.000259097334 0.894663095 -0.446741401 0.000275795391 0.894680249 -0.446707036 0 0.894570276 -0.44692731 0 0.894606041 -0.446855717 0 0.894606041 -0.446855717 0 0.894570276 -0.44692731 0.000173686261 0.894657929 -0.446751788 0 0.894570276 -0.44692731 0 0.894570276 -0.44692731 0.000147070914 0.894632369 -0.44680298 0.000122566936 0.894616068 -0.446835624 0 0.894534509 -0.446998894 9.94898003e-05 0.894612284 -0.446843206 9.40680365e-05 0.894587027 -0.446893771 7.83818722e-05 0.894572307 -0.446923238 7.13439266e-05 0.894581495 -0.446904848 5.94515653e-05 0.894567703 -0.446932457 5.14546902e-05 0.89453979 -0.446988324 8.57545038e-05 0.894590984 -0.446885851 6.91533877e-05 0.894568223 -0.446931415 5.76196269e-05 0.894544707 -0.446978482 4.17468764e-05 0.8944477 -0.447172574 8.69729261e-05 0.894586123 -0.446895581 6.29028915e-05 0.894447666 -0.447172639 6.98775946e-05 0.894485619 -0.447096715 -0.113107561 0.989607252 -0.0887928254 -0.148478271 0.344949297 -0.926803208 -0.886077482 0.138036833 -0.442507094 -0.870371669 0.107319822 -0.480557607 -0.894641802 -0 -0.446784116 -0.894641802 0 -0.446784116 -0.894642871 5.44252872e-05 -0.446781972 -0.894642328 5.3622772e-05 -0.446783059 -0.894606041 -0 -0.446855717 -0.894642845 5.31071379e-05 -0.446782024 -0.89460815 5.3120845e-05 -0.446851491 -0.89460759 5.23345963e-05 -0.446852613 -0.894606041 -0 -0.446855717 -0.894606041 0 -0.446855717 -0.894609118 5.08271756e-05 -0.446849554 -0.894608544 5.0076045e-05 -0.446850703 -0.894609564 4.93332725e-05 -0.446848661 -0.894608983 4.86042042e-05 -0.446849824 -0.894570276 -0 -0.44692731 -0.894609392 4.69241748e-05 -0.446849006 -0.894574594 4.57255466e-05 -0.446918667 -0.894574002 4.50508134e-05 -0.44691985 -0.894574935 4.36505775e-05 -0.446917983 -0.894574337 4.30042465e-05 -0.446919181 -0.894534509 -0 -0.446998894 -0.894574631 4.08034406e-05 -0.446918591 -0.894539722 3.90458194e-05 -0.446988462 -0.894539114 3.84665282e-05 -0.446989678 -0.894539927 3.65625736e-05 -0.446988051 -0.894539318 3.6022201e-05 -0.446989269 -0.894540083 3.39922512e-05 -0.446987739 -0.894539472 3.34895538e-05 -0.446988963 -0.894540187 3.13565685e-05 -0.44698753 -0.894539575 3.08930645e-05 -0.446988756 -0.89454024 2.86840326e-05 -0.446987425 -0.894539627 2.82599238e-05 -0.446988653 -0.894504471 2.59962356e-05 -0.447059 -0.894544743 5.12251471e-05 -0.446978411 -0.894510098 4.66449444e-05 -0.44704774 -0.894508872 4.59547327e-05 -0.447050195 -0.894468543 2.06875718e-05 -0.447130881 -0.894508666 4.07641746e-05 -0.447050606 -0.894473808 3.62333181e-05 -0.447120347 -0.894472589 3.56968009e-05 -0.447122787 -0.894473399 3.12698269e-05 -0.447121167 -0.894472185 3.0806688e-05 -0.447123596 -0.933513371 2.76900119e-05 -0.358542585 -0.889120921 -0.0155094051 -0.457409494 -0.452291576 -0.750607805 -0.481684808 -0.348982413 -0.692305771 -0.631604302 -7.12705857e-05 -0.894635905 -0.446795917 -7.07202806e-05 -0.894635123 -0.446797484 -4.94870698e-05 -0.894602504 -0.446862794 -7.36588392e-05 -0.894635708 -0.446796313 -5.1254314e-05 -0.894567169 -0.446933528 -7.62920508e-05 -0.894600588 -0.446866627 -5.28027782e-05 -0.894531865 -0.447004184 -7.85947558e-05 -0.89456551 -0.446936844 -8.11783484e-05 -0.89453128 -0.44700535 -8.05496285e-05 -0.894530474 -0.447006963 -5.51835097e-05 -0.894497101 -0.447073746 -8.21399322e-05 -0.894531242 -0.447005426 -5.59935921e-05 -0.894497634 -0.447072678 -5.55605509e-05 -0.894497089 -0.447073768 -5.65364016e-05 -0.894462409 -0.447143149 -8.41509998e-05 -0.894497077 -0.447073788 -5.68070619e-05 -0.89442719 -0.447213595 -8.45533903e-05 -0.894462132 -0.4471437 0.238872127 -0.757250526 -0.60787478 0.192249076 -0.877742692 -0.438871346 0.882329929 -0.00589049824 -0.470594516 0.997908743 -0.0259243603 -0.059212066 0.894527449 -3.17997671e-05 -0.447013022 0.89453604 -3.4525274e-05 -0.44699583 0.894502723 -3.16397334e-05 -0.447062499 0.89451476 -4.1220612e-05 -0.447038413 0.894477837 -2.61941501e-05 -0.447112288 0.894488796 -4.55002185e-05 -0.447090362 0.894473057 -3.89731627e-05 -0.44712185 0.89447173 -3.38468888e-05 -0.447124505 0.89446855 -5.40333786e-05 -0.447130866 0.894467815 -4.69265944e-05 -0.447132335 0.894462967 0 -0.447142037 0.894464175 -6.18621049e-05 -0.447139616 0.894462967 0 -0.447142037 0.894462967 0 -0.447142037 0.894421306 -0.000111343372 -0.447225351 0.894422081 -9.67047336e-05 -0.447223805 0.894462967 0 -0.447142037 0.894462967 0 -0.447142037 0.894462967 0 -0.447142037 0.894462967 0 -0.447142037 0.894462967 0 -0.447142037 0.894462967 0 -0.447142037 0.894427191 0 -0.447213595 0.894414073 -0.000181275653 -0.447239793 0.894411023 -0.000235309398 -0.447245867 0.894427191 0 -0.447213595 0.894462967 0 -0.447142037 0.894462967 0 -0.447142037 0.894462967 0 -0.447142037 0.894462967 0 -0.447142037 0.894462967 0 -0.447142037 0.894462967 0 -0.447142037 0.894462967 0 -0.447142037 0.894462967 0 -0.447142037 0.894427191 0 -0.447213595 0.894415407 -0.000320349358 -0.447237048 0.894427191 0 -0.447213595 0.894427191 0 -0.447213595 0.894427191 0 -0.447213595 0.894427191 0 -0.447213595 0.894427191 0 -0.447213595 0.894427191 0 -0.447213595 0.894427191 0 -0.447213595 0.894427191 0 -0.447213595 0.894427191 0 -0.447213595 0.894427191 0 -0.447213595 0.894427191 0 -0.447213595 0.894427191 0 -0.447213595 0.894427191 0 -0.447213595 0.894427191 0 -0.447213595 0.894441929 -0.000525524047 -0.44718381 0.894427191 0 -0.447213595 0.894462967 0 -0.447142037 0.894462967 0 -0.447142037 0.894427191 0 -0.447213595 0.894448852 -0.000472253882 -0.447170022 0.894427191 0 -0.447213595 0.894427191 0 -0.447213595 0.894427191 0 -0.447213595 0.894427191 0 -0.447213595 1 0 0 1 0 0 1 0 0 1 0 0 1 0 0 1 0 0 0.999973389 0.00729527225 0 0.999973389 0.00729527225 -0 0.997904877 0.0646981897 0 0.997904877 0.0646981897 -0 0.988943931 0.148289921 0 0.988943931 0.148289921 -0 0.972025339 0.234876011 0 0.972025339 0.234876011 -0 0.949607168 0.31344254 0 0.949607168 0.31344254 -0 0.920604231 0.390496926 0 0.920604231 0.390496926 -0 0.88290876 0.469544589 0 0.88290876 0.469544589 -0 0.840205739 0.542267753 0 0.840205739 0.542267753 -0 0.792758276 0.609536148 0 0.792758276 0.609536148 -0 0.738933127 0.673778772 0 0.738933127 0.673778772 -0 0.677247196 0.735755554 0 0.677247196 0.735755554 -0 0.614767049 0.788708739 0 0.614767049 0.788708739 -0 0.54903222 0.835801185 0 0.54903222 0.835801185 -0 0.47356984 0.88075627 0 0.47356984 0.88075627 -0 0.399551482 0.916710758 0 0.399551482 0.916710758 -0 0.326039539 0.945356134 0 0.326039539 0.945356134 -0 0.244158848 0.969735251 0 0.244158848 0.969735251 -0 0.163446125 0.986552261 0 0.163446125 0.986552261 -0 0.0857222579 0.996319073 0 0.0857222579 0.996319073 -0 0 1 0 0 1 -0 0.000567859079 0.999999839 0 0.000567859079 0.999999839 -0 0 1 0 0 1 -0 0 1 0 0 1 -0 0 1 0 0 1 -0 0 1 0 0 1 -0 0 1 0 0 1 -0 0 1 0 0 1 -0 0.000676132367 0.999999771 0 0.000676132367 0.999999771 -0 0 1 0 0 1 -0 0 1 0 0 1 -0 0 1 0 0 1 -0 0 1 0 0 1 -0 0 1 0 0 1 -0 0 1 0 0 1 -0 0 1 0 0 1 -0 0.000612744983 0.999999812 0 0.000612744983 0.999999812 -0 0 1 0 0 1 -0 0 1 0 0 1 -0 0 1 0 0 1 -0 0 1 0 0 1 -0 0 1 0 0 1 -0 0.00045413256 0.999999897 0 0.00045413256 0.999999897 -0 0 1 0 0 1 -0 0 1 0 0 1 -0 0 1 0 0 1 -0 0 1 0 0 1 -0 0.000289603231 0.999999958 0 0.000289603231 0.999999958 -0 0 1 0 0 1 -0 0 1 0 0 1 -0 0.000194137057 0.999999981 0 0.000194137057 0.999999981 -0 0 1 0 0 1 -0 0.000137005068 0.999999991 0 0.000137005068 0.999999991 -0 0.000111209964 0.999999994 0 0.000111209964 0.999999994 -0 8.76193811e-05 0.999999996 0 8.76193811e-05 0.999999996 -0 6.64584301e-05 0.999999998 0 6.64584301e-05 0.999999998 -0 9.58588953e-05 0.999999995 0 9.58588953e-05 0.999999995 -0 6.44122382e-05 0.999999998 0 6.44122382e-05 0.999999998 -0 9.72214116e-05 0.999999995 0 9.72214116e-05 0.999999995 -0 7.81204224e-05 0.999999997 0 7.81204224e-05 0.999999997 -0 -0.395364979 0.918524106 0 -0.395364979 0.918524106 0 -0.992483729 0.12237666 0 -0.992483729 0.12237666 0 -1 0 0 -1 0 0 -0.999999998 5.99376647e-05 0 -0.999999998 5.99376647e-05 0 -0.999999998 5.93612726e-05 0 -0.999999998 5.93612726e-05 0 -0.999999998 5.85000584e-05 0 -0.999999998 5.85000584e-05 0 -1 0 0 -1 0 0 -0.999999998 5.59753708e-05 0 -0.999999998 5.59753708e-05 0 -0.999999999 5.43301097e-05 0 -0.999999999 5.43301097e-05 0 -0.999999999 5.24521374e-05 0 -0.999999999 5.24521374e-05 0 -0.999999999 5.03600745e-05 0 -0.999999999 5.03600745e-05 0 -0.999999999 4.80723007e-05 0 -0.999999999 4.80723007e-05 0 -0.999999999 4.56121145e-05 0 -0.999999999 4.56121145e-05 0 -0.999999999 4.3001505e-05 0 -0.999999999 4.3001505e-05 0 -0.999999999 4.02689969e-05 0 -0.999999999 4.02689969e-05 0 -0.999999999 3.74377597e-05 0 -0.999999999 3.74377597e-05 0 -0.999999999 3.45351568e-05 0 -0.999999999 3.45351568e-05 0 -1 3.1591584e-05 0 -1 3.1591584e-05 0 -0.999999998 5.72639294e-05 0 -0.999999998 5.72639294e-05 0 -0.999999999 5.13742614e-05 0 -0.999999999 5.13742614e-05 0 -0.999999999 4.55715815e-05 0 -0.999999999 4.55715815e-05 0 -0.999999999 3.99082111e-05 0 -0.999999999 3.99082111e-05 0 -0.999999999 3.44411916e-05 0 -0.999999999 3.44411916e-05 0 -0.999847896 -0.0174408741 0 -0.999847896 -0.0174408741 0 -0.450130919 -0.892962572 0 -0.450130919 -0.892962572 0 -7.90493002e-05 -0.999999997 0 -7.90493002e-05 -0.999999997 0 -8.23338911e-05 -0.999999997 0 -8.23338911e-05 -0.999999997 0 -8.52805728e-05 -0.999999996 0 -8.52805728e-05 -0.999999996 0 -8.78580211e-05 -0.999999996 0 -8.78580211e-05 -0.999999996 0 -9.0046824e-05 -0.999999996 0 -9.0046824e-05 -0.999999996 0 -9.18245535e-05 -0.999999996 0 -9.18245535e-05 -0.999999996 0 -6.21137301e-05 -0.999999998 0 -6.21137301e-05 -0.999999998 0 -9.40763268e-05 -0.999999996 0 -9.40763268e-05 -0.999999996 0 -9.4529871e-05 -0.999999996 0 -9.4529871e-05 -0.999999996 0 0.213954811 -0.976843559 0 0.213954811 -0.976843559 0 0.999662725 -0.0259699264 0 0.999662725 -0.0259699264 0 0.999999999 -3.85957328e-05 0 0.999999999 -3.85957328e-05 0 0.999999999 -4.60815335e-05 0 0.999999999 -4.60815335e-05 0 0.999999999 -5.08672872e-05 0 0.999999999 -5.08672872e-05 0 0.999999999 -3.78400878e-05 0 0.999999999 -3.78400878e-05 0 0.999999999 -5.24631446e-05 0 0.999999999 -5.24631446e-05 0 0.999999998 -6.9161076e-05 0 0.999999998 -6.9161076e-05 0 1 0 0 1 0 0 0.999999994 -0.000108119796 0 0.999999994 -0.000108119796 0 1 0 0 1 0 0 1 0 0 1 0 0 1 0 0 1 0 0 0.999999979 -0.00020267531 0 0.999999979 -0.00020267531 0 1 0 0 1 0 0 1 0 0 1 0 0 1 0 0 1 0 0 1 0 0 1 0 0 1 0 0 1 0 0 0.999999936 -0.000358166166 0 0.999999936 -0.000358166166 0 1 0 0 1 0 0 1 0 0 1 0 0 1 0 0 1 0 0 1 0 0 1 0 0 1 0 0 1 0 0 1 0 0 1 0 0 1 0 0 1 0 0 1 0 0 1 0 0 1 0 0 1 0 0 0.999999861 -0.000527983031 0 0.999999861 -0.000527983031 0 1 0 0 1 0 0 1 0 0 1 0 0 0.894427191 -0 0.447213595 0.894427191 0 0.447213595 0.894427191 -0 0.447213595 0.894427191 0 0.447213595 0.894427191 -0 0.447213595 0.894427191 0 0.447213595 0.894650025 0.00652688919 0.44671997 0.894427191 0 0.447213595 0.893291971 0.0579157139 0.445729991 0.893598655 0.0259090734 0.44811847 0.885121412 0.132721967 0.446032472 0.887652572 0.103964065 0.448624993 0.86998077 0.210218402 0.446028792 0.874020748 0.186725012 0.448577197 0.849834897 0.280510107 0.446200322 0.853035586 0.26799139 0.44778444 0.823544735 0.349326754 0.44692828 0.824108199 0.347687134 0.447168126 0.789658838 0.419952832 0.447301396 0.788257705 0.423147711 0.446761463 0.751218128 0.484835258 0.447890719 0.744874552 0.496583035 0.445608786 0.708321725 0.544614556 0.449082753 0.694650012 0.565658686 0.444400284 0.659763326 0.601589653 0.450335701 0.639275927 0.628162687 0.443551494 0.604434256 0.6566522 0.451073296 0.57776756 0.685900204 0.442408812 0.548229927 0.703345658 0.452491803 0.511226517 0.737907433 0.440613288 0.489063194 0.744509307 0.454448109 0.440719088 0.782968331 0.43900715 0.421626183 0.784150241 0.45534576 0.365915236 0.821442366 0.437422541 0.355407439 0.815428895 0.456904005 0.287953674 0.853156426 0.434979074 0.289579794 0.839640603 0.459507564 0.207301645 0.877541161 0.432374304 0.216672018 0.860564734 0.460957237 0.125554952 0.893972814 0.430172713 0.144752685 0.873719641 0.464392775 0.0301507913 0.905062146 0.424209196 0.0760402293 0.883788326 0.461666631 0 0.900290155 0.43529029 0 0.89467756 0.446712506 0.00058202962 0.894579526 0.446908417 0.000508006639 0.894599691 0.446868141 0 0.89467756 0.446712506 0 0.894641802 0.446784116 0 0.894641802 0.446784116 0 0.894641802 0.446784116 0 0.894641802 0.446784116 0 0.894641802 0.446784116 0 0.894641802 0.446784116 0 0.894641802 0.446784116 0 0.894641802 0.446784116 0 0.894641802 0.446784116 0 0.894641802 0.446784116 0 0.894641802 0.446784116 0 0.894641802 0.446784116 0.000604868106 0.894599929 0.446867544 0 0.894641802 0.446784116 0 0.894606041 0.446855717 0 0.894606041 0.446855717 0 0.894606041 0.446855717 0 0.894606041 0.446855717 0 0.894641802 0.446784116 0.00072555794 0.89461294 0.446841315 0 0.894641802 0.446784116 0 0.894641802 0.446784116 0 0.894641802 0.446784116 0 0.894641802 0.446784116 0 0.894641802 0.446784116 0 0.894641802 0.446784116 0 0.894641802 0.446784116 0 0.894641802 0.446784116 0.000548189377 0.894645064 0.446777248 0 0.894641802 0.446784116 0 0.894606041 0.446855717 0 0.894606041 0.446855717 0 0.894606041 0.446855717 0 0.894606041 0.446855717 0 0.894606041 0.446855717 0 0.894606041 0.446855717 0 0.894606041 0.446855717 0 0.894606041 0.446855717 0 0.894606041 0.446855717 0 0.894606041 0.446855717 0.000406297057 0.89466612 0.446735234 0.000487293545 0.894670949 0.446725481 0 0.894606041 0.446855717 0 0.894606041 0.446855717 0 0.894606041 0.446855717 0 0.894606041 0.446855717 0 0.894606041 0.446855717 0 0.894606041 0.446855717 0 0.894606041 0.446855717 0 0.894606041 0.446855717 0.000259088703 0.89463329 0.446801084 0 0.894606041 0.446855717 0 0.894606041 0.446855717 0.000275782166 0.894637348 0.44679295 0 0.894606041 0.446855717 0 0.894606041 0.446855717 0.000173680476 0.894628133 0.446811452 0 0.894606041 0.446855717 0 0.894570276 0.44692731 0 0.894570276 0.44692731 0.000122567753 0.894622026 0.446823696 0.000147069739 0.89462522 0.446817294 9.94864861e-05 0.894582483 0.446902866 0 0.894570276 0.44692731 7.83823947e-05 0.894578271 0.446911301 9.40672839e-05 0.89457987 0.446908097 5.94519615e-05 0.894573664 0.446920525 7.13433561e-05 0.894574342 0.446919167 8.57522188e-05 0.894567146 0.446933567 5.14563359e-05 0.894568399 0.446931065 5.76203953e-05 0.894556637 0.446954607 6.91522809e-05 0.894553906 0.44696007 8.6965394e-05 0.89450865 0.447050633 4.17512167e-05 0.894540693 0.446986518 6.98757362e-05 0.89446183 0.447144306 6.29048997e-05 0.894476221 0.447115518 -0.384292424 0.892800006 0.235005282 -0.0773861476 0.677071383 0.731837227 -0.889247612 0.109647291 0.444090257 -0.867082416 0.135077703 0.479501928 -0.894641802 0 0.446784116 -0.894641802 0 0.446784116 -0.894642855 5.36228036e-05 0.446782004 -0.894642336 5.44252546e-05 0.446783044 -0.894607612 5.31050464e-05 0.446852567 -0.894641802 0 0.446784116 -0.894608119 5.23346273e-05 0.446851553 -0.894607613 5.31208131e-05 0.446852566 -0.894606041 0 0.446855717 -0.894606041 0 0.446855717 -0.894609072 5.00760746e-05 0.446849645 -0.894608581 5.08271451e-05 0.446850628 -0.894609512 4.8604233e-05 0.446848766 -0.894609027 4.93332429e-05 0.446849735 -0.894574157 4.69223266e-05 0.446919541 -0.894606041 0 0.446855717 -0.89457453 4.505084e-05 0.446918794 -0.894574058 4.57255192e-05 0.446919739 -0.894574866 4.3004272e-05 0.446918121 -0.894574398 4.36505513e-05 0.446919059 -0.894539393 4.08018333e-05 0.446989119 -0.894570276 0 0.44692731 -0.894539644 3.8466551e-05 0.446988616 -0.894539183 3.90457959e-05 0.446989539 -0.894539847 3.60222223e-05 0.446988212 -0.89453939 3.65625517e-05 0.446989125 -0.89454 3.34895736e-05 0.446987904 -0.894539546 3.39922308e-05 0.446988814 -0.894540103 3.08930827e-05 0.446987698 -0.894539651 3.13565497e-05 0.446988604 -0.894540156 2.82599405e-05 0.446987594 -0.894539703 2.86840154e-05 0.446988499 -0.894510033 5.12231594e-05 0.44704787 -0.894539703 2.59972595e-05 0.446988499 -0.89450993 4.59547871e-05 0.447048077 -0.894509024 4.66448883e-05 0.44704989 -0.894473954 4.07625927e-05 0.447120056 -0.894503778 2.06883867e-05 0.447060389 -0.894473648 3.56968432e-05 0.447120668 -0.894472733 3.62332746e-05 0.447122498 -0.894473244 3.08067244e-05 0.447121476 -0.894472323 3.12697893e-05 0.447123318 -0.929428673 -0.0162125145 0.368645488 -0.894471818 2.65319556e-05 0.447124329 -0.394034172 -0.781678736 0.483441232 -0.400302633 -0.664328713 0.631209287 -7.07203461e-05 -0.894635951 0.446795826 -7.12705192e-05 -0.894635071 0.446797588 -7.36559631e-05 -0.894600776 0.44686625 -4.94890172e-05 -0.894637708 0.446792311 -7.62890713e-05 -0.89456565 0.446936564 -5.12563313e-05 -0.894602378 0.446863047 -7.85916862e-05 -0.894530572 0.447006767 -5.28048565e-05 -0.894567075 0.446933716 -8.05497033e-05 -0.894531305 0.4470053 -8.11782724e-05 -0.894530442 0.447007026 -8.21367236e-05 -0.894496299 0.447075345 -5.51856821e-05 -0.894532315 0.447003283 -5.55605853e-05 -0.894497643 0.447072661 -5.59935572e-05 -0.894497077 0.447073794 -8.41477126e-05 -0.894462136 0.447143692 -5.65386274e-05 -0.894497623 0.4470727 -8.45500871e-05 -0.894427188 0.447213594 -5.68092986e-05 -0.894462406 0.447143154 0.168663261 -0.77005803 0.615275007 0.271542861 -0.860820295 0.430410147 0.845415101 -0.0219627755 0.533658077 0.999007784 -0.00666944801 0.0440337007 0.894523779 -3.45248008e-05 0.447020366 0.894541566 -3.1800269e-05 0.446984771 0.894493097 -4.12196137e-05 0.447081757 0.894527664 -3.16406156e-05 0.447012593 0.894462431 -4.54988774e-05 0.447143107 0.894508193 -2.6195039e-05 0.447051554 0.894476435 -3.38470668e-05 0.447115092 0.894467639 -3.89729266e-05 0.447132689 0.894472521 -4.69268412e-05 0.447122923 0.894463132 -5.40330513e-05 0.447141704 0.894433105 -6.18599561e-05 0.447201762 0.894498739 0 0.44707047 0.894462967 -0 0.447142037 0.894462967 0 0.447142037 0.894426785 -9.67052421e-05 0.447214398 0.894415891 -0.000111342698 0.447236182 0.894462967 -0 0.447142037 0.894462967 0 0.447142037 0.894462967 -0 0.447142037 0.894462967 0 0.447142037 0.894462967 -0 0.447142037 0.894462967 0 0.447142037 0.894383007 -0.000181269357 0.447301915 0.894462967 0 0.447142037 0.894462967 -0 0.447142037 0.894369831 -0.000235298561 0.447328236 0.894462967 -0 0.447142037 0.894462967 0 0.447142037 0.894462967 -0 0.447142037 0.894462967 0 0.447142037 0.894462967 -0 0.447142037 0.894462967 0 0.447142037 0.894462967 -0 0.447142037 0.894462967 0 0.447142037 0.894384331 -0.000320338227 0.447299191 0.894462967 0 0.447142037 0.894427191 -0 0.447213595 0.894427191 0 0.447213595 0.894427191 -0 0.447213595 0.894427191 0 0.447213595 0.894427191 -0 0.447213595 0.894427191 0 0.447213595 0.894427191 -0 0.447213595 0.894427191 0 0.447213595 0.894427191 -0 0.447213595 0.894427191 0 0.447213595 0.894427191 -0 0.447213595 0.894427191 0 0.447213595 0.894427191 -0 0.447213595 0.894427191 0 0.447213595 0.894462967 -0 0.447142037 0.894400749 -0.000525499852 0.447266167 0.894462967 -0 0.447142037 0.894462967 0 0.447142037 0.894417779 -0.000472237475 0.447232171 0.894462967 0 0.447142037 0.894427191 -0 0.447213595 0.894427191 0 0.447213595 0.894427191 -0 0.447213595 0.894427191 0 0.447213595 -0.99970087 -0.0244575136 0 -0.99970087 -0.0244575136 0 -0.99730653 -0.0733463433 0 -0.99730653 -0.0733463433 0 -0.992511011 -0.122155201 0 -0.992511011 -0.122155201 0 -0.985241651 -0.17116918 0 -0.985241651 -0.17116918 0 -0.975729577 -0.218978976 0 -0.975729577 -0.218978976 0 -0.963721959 -0.266908196 0 -0.963721959 -0.266908196 0 -0.949495165 -0.313781664 0 -0.949495165 -0.313781664 0 -0.933109113 -0.359593359 0 -0.933109113 -0.359593359 0 -0.914063502 -0.405571097 0 -0.914063502 -0.405571097 0 -0.89299711 -0.450062397 0 -0.89299711 -0.450062397 0 -0.870429926 -0.492292335 0 -0.870429926 -0.492292335 0 -0.844373725 -0.535754619 0 -0.844373725 -0.535754619 0 -0.817841924 -0.575442948 0 -0.817841924 -0.575442948 0 -0.788363979 -0.6152091 0 -0.788363979 -0.6152091 0 -0.757166612 -0.653221801 0 -0.757166612 -0.653221801 0 -0.724210596 -0.689578866 0 -0.724210596 -0.689578866 0 -0.689578866 -0.724210596 0 -0.689578866 -0.724210596 0 -0.653221801 -0.757166612 0 -0.653221801 -0.757166612 0 -0.6152091 -0.788363979 0 -0.6152091 -0.788363979 0 -0.575442948 -0.817841924 0 -0.575442948 -0.817841924 0 -0.535754619 -0.844373725 0 -0.535754619 -0.844373725 0 -0.492292335 -0.870429926 0 -0.492292335 -0.870429926 0 -0.450062397 -0.89299711 0 -0.450062397 -0.89299711 0 -0.405571097 -0.914063502 0 -0.405571097 -0.914063502 0 -0.359593359 -0.933109113 0 -0.359593359 -0.933109113 0 -0.313781664 -0.949495165 0 -0.313781664 -0.949495165 0 -0.266908196 -0.963721959 0 -0.266908196 -0.963721959 0 -0.218978976 -0.975729577 0 -0.218978976 -0.975729577 0 -0.17116918 -0.985241651 0 -0.17116918 -0.985241651 0 -0.122155201 -0.992511011 0 -0.122155201 -0.992511011 0 -0.0733463433 -0.99730653 0 -0.0733463433 -0.99730653 0 -0.0244575136 -0.99970087 0 -0.0244575136 -0.99970087 0 0.0244575136 -0.99970087 0 0.0244575136 -0.99970087 0 0.0733463433 -0.99730653 0 0.0733463433 -0.99730653 0 0.122155201 -0.992511011 0 0.122155201 -0.992511011 0 0.17116918 -0.985241651 0 0.17116918 -0.985241651 0 0.218978976 -0.975729577 0 0.218978976 -0.975729577 0 0.266908196 -0.963721959 0 0.266908196 -0.963721959 0 0.313781664 -0.949495165 0 0.313781664 -0.949495165 0 0.359593359 -0.933109113 0 0.359593359 -0.933109113 0 0.405571097 -0.914063502 0 0.405571097 -0.914063502 0 0.450062397 -0.89299711 0 0.450062397 -0.89299711 0 0.492292335 -0.870429926 0 0.492292335 -0.870429926 0 0.535754619 -0.844373725 0 0.535754619 -0.844373725 0 0.575442948 -0.817841924 0 0.575442948 -0.817841924 0 0.6152091 -0.788363979 0 0.6152091 -0.788363979 0 0.653221801 -0.757166612 0 0.653221801 -0.757166612 0 0.689578866 -0.724210596 0 0.689578866 -0.724210596 0 0.724210596 -0.689578866 0 0.724210596 -0.689578866 0 0.757166612 -0.653221801 0 0.757166612 -0.653221801 0 0.788363979 -0.6152091 0 0.788363979 -0.6152091 0 0.817841924 -0.575442948 0 0.817841924 -0.575442948 0 0.844373725 -0.535754619 0 0.844373725 -0.535754619 0 0.870429926 -0.492292335 0 0.870429926 -0.492292335 0 0.89299711 -0.450062397 0 0.89299711 -0.450062397 0 0.914063502 -0.405571097 0 0.914063502 -0.405571097 0 0.933109113 -0.359593359 0 0.933109113 -0.359593359 0 0.949495165 -0.313781664 0 0.949495165 -0.313781664 0 0.963721959 -0.266908196 0 0.963721959 -0.266908196 0 0.975729577 -0.218978976 0 0.975729577 -0.218978976 0 0.985241651 -0.17116918 0 0.985241651 -0.17116918 0 0.992511011 -0.122155201 0 0.992511011 -0.122155201 0 0.99730653 -0.0733463433 0 0.99730653 -0.0733463433 0 0.99970087 -0.0244575136 0 0.99970087 -0.0244575136 0 0.99970087 0.0244575136 0 0.99970087 0.0244575136 -0 0.99730653 0.0733463433 0 0.99730653 0.0733463433 -0 0.992511011 0.122155201 0 0.992511011 0.122155201 -0 0.985241651 0.17116918 0 0.985241651 0.17116918 -0 0.975729577 0.218978976 0 0.975729577 0.218978976 -0 0.963721959 0.266908196 0 0.963721959 0.266908196 -0 0.949495165 0.313781664 0 0.949495165 0.313781664 -0 0.933109113 0.359593359 0 0.933109113 0.359593359 -0 0.914063502 0.405571097 0 0.914063502 0.405571097 -0 0.89299711 0.450062397 0 0.89299711 0.450062397 -0 0.870429926 0.492292335 0 0.870429926 0.492292335 -0 0.844373725 0.535754619 0 0.844373725 0.535754619 -0 0.817841924 0.575442948 0 0.817841924 0.575442948 -0 0.788363979 0.6152091 0 0.788363979 0.6152091 -0 0.757166612 0.653221801 0 0.757166612 0.653221801 -0 0.724210596 0.689578866 0 0.724210596 0.689578866 -0 0.689578866 0.724210596 0 0.689578866 0.724210596 -0 0.653221801 0.757166612 0 0.653221801 0.757166612 -0 0.6152091 0.788363979 0 0.6152091 0.788363979 -0 0.575442948 0.817841924 0 0.575442948 0.817841924 -0 0.535754619 0.844373725 0 0.535754619 0.844373725 -0 0.492292335 0.870429926 0 0.492292335 0.870429926 -0 0.450062397 0.89299711 0 0.450062397 0.89299711 -0 0.405571097 0.914063502 0 0.405571097 0.914063502 -0 0.359593359 0.933109113 0 0.359593359 0.933109113 -0 0.313781664 0.949495165 0 0.313781664 0.949495165 -0 0.266908196 0.963721959 0 0.266908196 0.963721959 -0 0.218978976 0.975729577 0 0.218978976 0.975729577 -0 0.17116918 0.985241651 0 0.17116918 0.985241651 -0 0.122155201 0.992511011 0 0.122155201 0.992511011 -0 0.0733463433 0.99730653 0 0.0733463433 0.99730653 -0 0.0244575136 0.99970087 0 0.0244575136 0.99970087 -0 -0.0244575136 0.99970087 0 -0.0244575136 0.99970087 0 -0.0733463433 0.99730653 0 -0.0733463433 0.99730653 0 -0.122155201 0.992511011 0 -0.122155201 0.992511011 0 -0.17116918 0.985241651 0 -0.17116918 0.985241651 0 -0.218978976 0.975729577 0 -0.218978976 0.975729577 0 -0.266908196 0.963721959 0 -0.266908196 0.963721959 0 -0.313781664 0.949495165 0 -0.313781664 0.949495165 0 -0.359593359 0.933109113 0 -0.359593359 0.933109113 0 -0.405571097 0.914063502 0 -0.405571097 0.914063502 0 -0.450062397 0.89299711 0 -0.450062397 0.89299711 0 -0.492292335 0.870429926 0 -0.492292335 0.870429926 0 -0.535754619 0.844373725 0 -0.535754619 0.844373725 0 -0.575442948 0.817841924 0 -0.575442948 0.817841924 0 -0.6152091 0.788363979 0 -0.6152091 0.788363979 0 -0.653221801 0.757166612 0 -0.653221801 0.757166612 0 -0.689578866 0.724210596 0 -0.689578866 0.724210596 0 -0.724210596 0.689578866 0 -0.724210596 0.689578866 0 -0.757166612 0.653221801 0 -0.757166612 0.653221801 0 -0.788363979 0.6152091 0 -0.788363979 0.6152091 0 -0.817841924 0.575442948 0 -0.817841924 0.575442948 0 -0.844373725 0.535754619 0 -0.844373725 0.535754619 0 -0.870429926 0.492292335 0 -0.870429926 0.492292335 0 -0.89299711 0.450062397 0 -0.89299711 0.450062397 0 -0.914063502 0.405571097 0 -0.914063502 0.405571097 0 -0.933109113 0.359593359 0 -0.933109113 0.359593359 0 -0.949495165 0.313781664 0 -0.949495165 0.313781664 0 -0.963721959 0.266908196 0 -0.963721959 0.266908196 0 -0.975729577 0.218978976 0 -0.975729577 0.218978976 0 -0.985241651 0.17116918 0 -0.985241651 0.17116918 0 -0.992511011 0.122155201 0 -0.992511011 0.122155201 0 -0.99730653 0.0733463433 0 -0.99730653 0.0733463433 0 -0.99970087 0.0244575136 0 -0.99970087 0.0244575136 0 -0.99970087 -0.0244575136 0 -0.99970087 -0.0244575136 0 -0.99730653 -0.0733463433 0 -0.99730653 -0.0733463433 0 -0.992511011 -0.122155201 0 -0.992511011 -0.122155201 0 -0.985241651 -0.17116918 0 -0.985241651 -0.17116918 0 -0.975729577 -0.218978976 0 -0.975729577 -0.218978976 0 -0.963721959 -0.266908196 0 -0.963721959 -0.266908196 0 -0.949495165 -0.313781664 0 -0.949495165 -0.313781664 0 -0.933109113 -0.359593359 0 -0.933109113 -0.359593359 0 -0.914063502 -0.405571097 0 -0.914063502 -0.405571097 0 -0.89299711 -0.450062397 0 -0.89299711 -0.450062397 0 -0.870429926 -0.492292335 0 -0.870429926 -0.492292335 0 -0.844373725 -0.535754619 0 -0.844373725 -0.535754619 0 -0.817841924 -0.575442948 0 -0.817841924 -0.575442948 0 -0.788363979 -0.6152091 0 -0.788363979 -0.6152091 0 -0.757166612 -0.653221801 0 -0.757166612 -0.653221801 0 -0.724210596 -0.689578866 0 -0.724210596 -0.689578866 0 -0.689578866 -0.724210596 0 -0.689578866 -0.724210596 0 -0.653221801 -0.757166612 0 -0.653221801 -0.757166612 0 -0.6152091 -0.788363979 0 -0.6152091 -0.788363979 0 -0.575442948 -0.817841924 0 -0.575442948 -0.817841924 0 -0.535754619 -0.844373725 0 -0.535754619 -0.844373725 0 -0.492292335 -0.870429926 0 -0.492292335 -0.870429926 0 -0.450062397 -0.89299711 0 -0.450062397 -0.89299711 0 -0.405571097 -0.914063502 0 -0.405571097 -0.914063502 0 -0.359593359 -0.933109113 0 -0.359593359 -0.933109113 0 -0.313781664 -0.949495165 0 -0.313781664 -0.949495165 0 -0.266908196 -0.963721959 0 -0.266908196 -0.963721959 0 -0.218978976 -0.975729577 0 -0.218978976 -0.975729577 0 -0.17116918 -0.985241651 0 -0.17116918 -0.985241651 0 -0.122155201 -0.992511011 0 -0.122155201 -0.992511011 0 -0.0733463433 -0.99730653 0 -0.0733463433 -0.99730653 0 -0.0244575136 -0.99970087 0 -0.0244575136 -0.99970087 0 0.0244575136 -0.99970087 0 0.0244575136 -0.99970087 0 0.0733463433 -0.99730653 0 0.0733463433 -0.99730653 0 0.122155201 -0.992511011 0 0.122155201 -0.992511011 0 0.17116918 -0.985241651 0 0.17116918 -0.985241651 0 0.218978976 -0.975729577 0 0.218978976 -0.975729577 0 0.266908196 -0.963721959 0 0.266908196 -0.963721959 0 0.313781664 -0.949495165 0 0.313781664 -0.949495165 0 0.359593359 -0.933109113 0 0.359593359 -0.933109113 0 0.405571097 -0.914063502 0 0.405571097 -0.914063502 0 0.450062397 -0.89299711 0 0.450062397 -0.89299711 0 0.492292335 -0.870429926 0 0.492292335 -0.870429926 0 0.535754619 -0.844373725 0 0.535754619 -0.844373725 0 0.575442948 -0.817841924 0 0.575442948 -0.817841924 0 0.6152091 -0.788363979 0 0.6152091 -0.788363979 0 0.653221801 -0.757166612 0 0.653221801 -0.757166612 0 0.689578866 -0.724210596 0 0.689578866 -0.724210596 0 0.724210596 -0.689578866 0 0.724210596 -0.689578866 0 0.757166612 -0.653221801 0 0.757166612 -0.653221801 0 0.788363979 -0.6152091 0 0.788363979 -0.6152091 0 0.817841924 -0.575442948 0 0.817841924 -0.575442948 0 0.844373725 -0.535754619 0 0.844373725 -0.535754619 0 0.870429926 -0.492292335 0 0.870429926 -0.492292335 0 0.89299711 -0.450062397 0 0.89299711 -0.450062397 0 0.914063502 -0.405571097 0 0.914063502 -0.405571097 0 0.933109113 -0.359593359 0 0.933109113 -0.359593359 0 0.949495165 -0.313781664 0 0.949495165 -0.313781664 0 0.963721959 -0.266908196 0 0.963721959 -0.266908196 0 0.975729577 -0.218978976 0 0.975729577 -0.218978976 0 0.985241651 -0.17116918 0 0.985241651 -0.17116918 0 0.992511011 -0.122155201 0 0.992511011 -0.122155201 0 0.99730653 -0.0733463433 0 0.99730653 -0.0733463433 0 0.99970087 -0.0244575136 0 0.99970087 -0.0244575136 0 0.99970087 0.0244575136 0 0.99970087 0.0244575136 -0 0.99730653 0.0733463433 0 0.99730653 0.0733463433 -0 0.992511011 0.122155201 0 0.992511011 0.122155201 -0 0.985241651 0.17116918 0 0.985241651 0.17116918 -0 0.975729577 0.218978976 0 0.975729577 0.218978976 -0 0.963721959 0.266908196 0 0.963721959 0.266908196 -0 0.949495165 0.313781664 0 0.949495165 0.313781664 -0 0.933109113 0.359593359 0 0.933109113 0.359593359 -0 0.914063502 0.405571097 0 0.914063502 0.405571097 -0 0.89299711 0.450062397 0 0.89299711 0.450062397 -0 0.870429926 0.492292335 0 0.870429926 0.492292335 -0 0.844373725 0.535754619 0 0.844373725 0.535754619 -0 0.817841924 0.575442948 0 0.817841924 0.575442948 -0 0.788363979 0.6152091 0 0.788363979 0.6152091 -0 0.757166612 0.653221801 0 0.757166612 0.653221801 -0 0.724210596 0.689578866 0 0.724210596 0.689578866 -0 0.689578866 0.724210596 0 0.689578866 0.724210596 -0 0.653221801 0.757166612 0 0.653221801 0.757166612 -0 0.6152091 0.788363979 0 0.6152091 0.788363979 -0 0.575442948 0.817841924 0 0.575442948 0.817841924 -0 0.535754619 0.844373725 0 0.535754619 0.844373725 -0 0.492292335 0.870429926 0 0.492292335 0.870429926 -0 0.450062397 0.89299711 0 0.450062397 0.89299711 -0 0.405571097 0.914063502 0 0.405571097 0.914063502 -0 0.359593359 0.933109113 0 0.359593359 0.933109113 -0 0.313781664 0.949495165 0 0.313781664 0.949495165 -0 0.266908196 0.963721959 0 0.266908196 0.963721959 -0 0.218978976 0.975729577 0 0.218978976 0.975729577 -0 0.17116918 0.985241651 0 0.17116918 0.985241651 -0 0.122155201 0.992511011 0 0.122155201 0.992511011 -0 0.0733463433 0.99730653 0 0.0733463433 0.99730653 -0 0.0244575136 0.99970087 0 0.0244575136 0.99970087 -0 -0.0244575136 0.99970087 0 -0.0244575136 0.99970087 0 -0.0733463433 0.99730653 0 -0.0733463433 0.99730653 0 -0.122155201 0.992511011 0 -0.122155201 0.992511011 0 -0.17116918 0.985241651 0 -0.17116918 0.985241651 0 -0.218978976 0.975729577 0 -0.218978976 0.975729577 0 -0.266908196 0.963721959 0 -0.266908196 0.963721959 0 -0.313781664 0.949495165 0 -0.313781664 0.949495165 0 -0.359593359 0.933109113 0 -0.359593359 0.933109113 0 -0.405571097 0.914063502 0 -0.405571097 0.914063502 0 -0.450062397 0.89299711 0 -0.450062397 0.89299711 0 -0.492292335 0.870429926 0 -0.492292335 0.870429926 0 -0.535754619 0.844373725 0 -0.535754619 0.844373725 0 -0.575442948 0.817841924 0 -0.575442948 0.817841924 0 -0.6152091 0.788363979 0 -0.6152091 0.788363979 0 -0.653221801 0.757166612 0 -0.653221801 0.757166612 0 -0.689578866 0.724210596 0 -0.689578866 0.724210596 0 -0.724210596 0.689578866 0 -0.724210596 0.689578866 0 -0.757166612 0.653221801 0 -0.757166612 0.653221801 0 -0.788363979 0.6152091 0 -0.788363979 0.6152091 0 -0.817841924 0.575442948 0 -0.817841924 0.575442948 0 -0.844373725 0.535754619 0 -0.844373725 0.535754619 0 -0.870429926 0.492292335 0 -0.870429926 0.492292335 0 -0.89299711 0.450062397 0 -0.89299711 0.450062397 0 -0.914063502 0.405571097 0 -0.914063502 0.405571097 0 -0.933109113 0.359593359 0 -0.933109113 0.359593359 0 -0.949495165 0.313781664 0 -0.949495165 0.313781664 0 -0.963721959 0.266908196 0 -0.963721959 0.266908196 0 -0.975729577 0.218978976 0 -0.975729577 0.218978976 0 -0.985241651 0.17116918 0 -0.985241651 0.17116918 0 -0.992511011 0.122155201 0 -0.992511011 0.122155201 0 -0.99730653 0.0733463433 0 -0.99730653 0.0733463433 0 -0.99970087 0.0244575136 0 -0.99970087 0.0244575136 0 -0.99970087 -0.0244575136 0 -0.99970087 -0.0244575136 0 -0.99730653 -0.0733463433 0 -0.99730653 -0.0733463433 0 -0.992511011 -0.122155201 0 -0.992511011 -0.122155201 0 -0.985241651 -0.17116918 0 -0.985241651 -0.17116918 0 -0.975729577 -0.218978976 0 -0.975729577 -0.218978976 0 -0.963721959 -0.266908196 0 -0.963721959 -0.266908196 0 -0.949495165 -0.313781664 0 -0.949495165 -0.313781664 0 -0.933109113 -0.359593359 0 -0.933109113 -0.359593359 0 -0.914063502 -0.405571097 0 -0.914063502 -0.405571097 0 -0.89299711 -0.450062397 0 -0.89299711 -0.450062397 0 -0.870429926 -0.492292335 0 -0.870429926 -0.492292335 0 -0.844373725 -0.535754619 0 -0.844373725 -0.535754619 0 -0.817841924 -0.575442948 0 -0.817841924 -0.575442948 0 -0.788363979 -0.6152091 0 -0.788363979 -0.6152091 0 -0.757166612 -0.653221801 0 -0.757166612 -0.653221801 0 -0.724210596 -0.689578866 0 -0.724210596 -0.689578866 0 -0.689578866 -0.724210596 0 -0.689578866 -0.724210596 0 -0.653221801 -0.757166612 0 -0.653221801 -0.757166612 0 -0.6152091 -0.788363979 0 -0.6152091 -0.788363979 0 -0.575442948 -0.817841924 0 -0.575442948 -0.817841924 0 -0.535754619 -0.844373725 0 -0.535754619 -0.844373725 0 -0.492292335 -0.870429926 0 -0.492292335 -0.870429926 0 -0.450062397 -0.89299711 0 -0.450062397 -0.89299711 0 -0.405571097 -0.914063502 0 -0.405571097 -0.914063502 0 -0.359593359 -0.933109113 0 -0.359593359 -0.933109113 0 -0.313781664 -0.949495165 0 -0.313781664 -0.949495165 0 -0.266908196 -0.963721959 0 -0.266908196 -0.963721959 0 -0.218978976 -0.975729577 0 -0.218978976 -0.975729577 0 -0.17116918 -0.985241651 0 -0.17116918 -0.985241651 0 -0.122155201 -0.992511011 0 -0.122155201 -0.992511011 0 -0.0733463433 -0.99730653 0 -0.0733463433 -0.99730653 0 -0.0244575136 -0.99970087 0 -0.0244575136 -0.99970087 0 0.0244575136 -0.99970087 0 0.0244575136 -0.99970087 0 0.0733463433 -0.99730653 0 0.0733463433 -0.99730653 0 0.122155201 -0.992511011 0 0.122155201 -0.992511011 0 0.17116918 -0.985241651 0 0.17116918 -0.985241651 0 0.218978976 -0.975729577 0 0.218978976 -0.975729577 0 0.266908196 -0.963721959 0 0.266908196 -0.963721959 0 0.313781664 -0.949495165 0 0.313781664 -0.949495165 0 0.359593359 -0.933109113 0 0.359593359 -0.933109113 0 0.405571097 -0.914063502 0 0.405571097 -0.914063502 0 0.450062397 -0.89299711 0 0.450062397 -0.89299711 0 0.492292335 -0.870429926 0 0.492292335 -0.870429926 0 0.535754619 -0.844373725 0 0.535754619 -0.844373725 0 0.575442948 -0.817841924 0 0.575442948 -0.817841924 0 0.6152091 -0.788363979 0 0.6152091 -0.788363979 0 0.653221801 -0.757166612 0 0.653221801 -0.757166612 0 0.689578866 -0.724210596 0 0.689578866 -0.724210596 0 0.724210596 -0.689578866 0 0.724210596 -0.689578866 0 0.757166612 -0.653221801 0 0.757166612 -0.653221801 0 0.788363979 -0.6152091 0 0.788363979 -0.6152091 0 0.817841924 -0.575442948 0 0.817841924 -0.575442948 0 0.844373725 -0.535754619 0 0.844373725 -0.535754619 0 0.870429926 -0.492292335 0 0.870429926 -0.492292335 0 0.89299711 -0.450062397 0 0.89299711 -0.450062397 0 0.914063502 -0.405571097 0 0.914063502 -0.405571097 0 0.933109113 -0.359593359 0 0.933109113 -0.359593359 0 0.949495165 -0.313781664 0 0.949495165 -0.313781664 0 0.963721959 -0.266908196 0 0.963721959 -0.266908196 0 0.975729577 -0.218978976 0 0.975729577 -0.218978976 0 0.985241651 -0.17116918 0 0.985241651 -0.17116918 0 0.992511011 -0.122155201 0 0.992511011 -0.122155201 0 0.99730653 -0.0733463433 0 0.99730653 -0.0733463433 0 0.99970087 -0.0244575136 0 0.99970087 -0.0244575136 0 0.99970087 0.0244575136 0 0.99970087 0.0244575136 -0 0.99730653 0.0733463433 0 0.99730653 0.0733463433 -0 0.992511011 0.122155201 0 0.992511011 0.122155201 -0 0.985241651 0.17116918 0 0.985241651 0.17116918 -0 0.975729577 0.218978976 0 0.975729577 0.218978976 -0 0.963721959 0.266908196 0 0.963721959 0.266908196 -0 0.949495165 0.313781664 0 0.949495165 0.313781664 -0 0.933109113 0.359593359 0 0.933109113 0.359593359 -0 0.914063502 0.405571097 0 0.914063502 0.405571097 -0 0.89299711 0.450062397 0 0.89299711 0.450062397 -0 0.870429926 0.492292335 0 0.870429926 0.492292335 -0 0.844373725 0.535754619 0 0.844373725 0.535754619 -0 0.817841924 0.575442948 0 0.817841924 0.575442948 -0 0.788363979 0.6152091 0 0.788363979 0.6152091 -0 0.757166612 0.653221801 0 0.757166612 0.653221801 -0 0.724210596 0.689578866 0 0.724210596 0.689578866 -0 0.689578866 0.724210596 0 0.689578866 0.724210596 -0 0.653221801 0.757166612 0 0.653221801 0.757166612 -0 0.6152091 0.788363979 0 0.6152091 0.788363979 -0 0.575442948 0.817841924 0 0.575442948 0.817841924 -0 0.535754619 0.844373725 0 0.535754619 0.844373725 -0 0.492292335 0.870429926 0 0.492292335 0.870429926 -0 0.450062397 0.89299711 0 0.450062397 0.89299711 -0 0.405571097 0.914063502 0 0.405571097 0.914063502 -0 0.359593359 0.933109113 0 0.359593359 0.933109113 -0 0.313781664 0.949495165 0 0.313781664 0.949495165 -0 0.266908196 0.963721959 0 0.266908196 0.963721959 -0 0.218978976 0.975729577 0 0.218978976 0.975729577 -0 0.17116918 0.985241651 0 0.17116918 0.985241651 -0 0.122155201 0.992511011 0 0.122155201 0.992511011 -0 0.0733463433 0.99730653 0 0.0733463433 0.99730653 -0 0.0244575136 0.99970087 0 0.0244575136 0.99970087 -0 -0.0244575136 0.99970087 0 -0.0244575136 0.99970087 0 -0.0733463433 0.99730653 0 -0.0733463433 0.99730653 0 -0.122155201 0.992511011 0 -0.122155201 0.992511011 0 -0.17116918 0.985241651 0 -0.17116918 0.985241651 0 -0.218978976 0.975729577 0 -0.218978976 0.975729577 0 -0.266908196 0.963721959 0 -0.266908196 0.963721959 0 -0.313781664 0.949495165 0 -0.313781664 0.949495165 0 -0.359593359 0.933109113 0 -0.359593359 0.933109113 0 -0.405571097 0.914063502 0 -0.405571097 0.914063502 0 -0.450062397 0.89299711 0 -0.450062397 0.89299711 0 -0.492292335 0.870429926 0 -0.492292335 0.870429926 0 -0.535754619 0.844373725 0 -0.535754619 0.844373725 0 -0.575442948 0.817841924 0 -0.575442948 0.817841924 0 -0.6152091 0.788363979 0 -0.6152091 0.788363979 0 -0.653221801 0.757166612 0 -0.653221801 0.757166612 0 -0.689578866 0.724210596 0 -0.689578866 0.724210596 0 -0.724210596 0.689578866 0 -0.724210596 0.689578866 0 -0.757166612 0.653221801 0 -0.757166612 0.653221801 0 -0.788363979 0.6152091 0 -0.788363979 0.6152091 0 -0.817841924 0.575442948 0 -0.817841924 0.575442948 0 -0.844373725 0.535754619 0 -0.844373725 0.535754619 0 -0.870429926 0.492292335 0 -0.870429926 0.492292335 0 -0.89299711 0.450062397 0 -0.89299711 0.450062397 0 -0.914063502 0.405571097 0 -0.914063502 0.405571097 0 -0.933109113 0.359593359 0 -0.933109113 0.359593359 0 -0.949495165 0.313781664 0 -0.949495165 0.313781664 0 -0.963721959 0.266908196 0 -0.963721959 0.266908196 0 -0.975729577 0.218978976 0 -0.975729577 0.218978976 0 -0.985241651 0.17116918 0 -0.985241651 0.17116918 0 -0.992511011 0.122155201 0 -0.992511011 0.122155201 0 -0.99730653 0.0733463433 0 -0.99730653 0.0733463433 0 -0.99970087 0.0244575136 0 -0.99970087 0.0244575136 0 0 -0 1 0 0 1 0 0 -1 0 0 -1 0 -0 1 0 0 1 0 0 -1 -0 0 -1 0 -0 1 0 0 1 -0 0 -1 0 0 -1 0 -0 1 0 0 1 -0 0 -1 0 0 -1 0 0 1 0 0 1 -0 0 -1 0 0 -1 0 0 1 0 0 1 -0 0 -1 0 0 -1 0 0 1 0 0 1 -0 0 -1 0 0 -1 0 0 1 0 0 1 -0 0 -1 0 0 -1 0 0 1 0 0 1 -0 0 -1 0 0 -1 0 0 1 0 0 1 -0 0 -1 0 0 -1 0 0 1 0 0 1 -0 0 -1 0 0 -1 0 0 1 0 0 1 -0 0 -1 0 0 -1 0 0 1 0 0 1 -0 0 -1 0 0 -1 0 0 1 0 0 1 -0 0 -1 0 0 -1 0 0 1 0 0 1 -0 0 -1 0 0 -1 0 0 1 0 0 1 -0 0 -1 0 0 -1 0 0 1 0 0 1 -0 0 -1 0 0 -1 0 0 1 0 0 1 -0 0 -1 0 0 -1 0 0 1 0 0 1 -0 0 -1 0 0 -1 0 0 1 0 0 1 -0 0 -1 0 0 -1 0 0 1 0 0 1 -0 0 -1 0 0 -1 0 0 1 0 0 1 -0 0 -1 0 0 -1 0 0 1 0 0 1 -0 0 -1 0 0 -1 0 0 1 0 0 1 -0 0 -1 0 0 -1 0 0 1 0 0 1 -0 0 -1 0 0 -1 0 0 1 0 0 1 -0 0 -1 0 0 -1 0 0 1 0 0 1 -0 0 -1 0 0 -1 0 0 1 0 0 1 -0 0 -1 0 0 -1 0 0 1 0 0 1 -0 0 -1 0 0 -1 0 0 1 0 0 1 -0 0 -1 0 0 -1 0 0 1 0 0 1 -0 0 -1 0 0 -1 0 0 1 0 0 1 -0 0 -1 0 0 -1 0 0 1 0 0 1 -0 0 -1 0 -0 -1 0 0 1 0 0 1 -0 0 -1 0 -0 -1 0 0 1 0 0 1 -0 0 -1 0 -0 -1 0 0 1 0 0 1 -0 0 -1 0 -0 -1 0 0 1 0 0 1 -0 -0 -1 0 0 -1 0 0 1 0 0 1 -0 -0 -1 0 0 -1 0 0 1 0 0 1 -0 -0 -1 0 0 -1 0 0 1 0 0 1 -0 -0 -1 0 0 -1 0 0 1 0 0 1 -0 -0 -1 0 0 -1 0 0 1 0 0 1 -0 -0 -1 0 0 -1 0 0 1 0 0 1 -0 -0 -1 0 0 -1 0 0 1 0 0 1 -0 -0 -1 0 0 -1 0 0 1 0 0 1 -0 -0 -1 0 0 -1 0 0 1 0 0 1 -0 -0 -1 0 0 -1 0 0 1 0 0 1 -0 -0 -1 0 0 -1 0 0 1 0 0 1 -0 -0 -1 0 0 -1 0 0 1 0 0 1 -0 -0 -1 0 0 -1 0 0 1 0 0 1 -0 -0 -1 0 0 -1 0 0 1 0 0 1 -0 -0 -1 0 0 -1 0 0 1 0 0 1 -0 -0 -1 0 0 -1 0 0 1 0 0 1 -0 -0 -1 0 0 -1 0 0 1 0 0 1 -0 -0 -1 0 0 -1 0 0 1 0 0 1 -0 -0 -1 0 0 -1 0 0 1 0 0 1 -0 -0 -1 0 0 -1 0 0 1 0 0 1 -0 -0 -1 0 0 -1 0 0 1 0 0 1 -0 -0 -1 0 0 -1 0 0 1 0 0 1 -0 -0 -1 0 0 -1 0 0 1 0 0 1 -0 -0 -1 0 0 -1 0 0 1 0 0 1 -0 -0 -1 0 0 -1 0 0 1 0 0 1 -0 -0 -1 0 0 -1 0 0 1 0 0 1 0 -0 -1 0 0 -1 0 0 1 0 0 1 0 -0 -1 0 0 -1 0 0 1 -0 0 1 0 0 -1 0 0 -1 -0 0 1 0 0 1 0 -0 -1 0 0 -1 -0 0 1 0 0 1 0 0 -1 0 0 -1 -0 0 1 0 0 1 0 -0 -1 0 0 -1 -0 0 1 0 0 1 0 0 -1 0 0 -1 -0 0 1 0 0 1 0 -0 -1 0 0 -1 -0 0 1 0 0 1 0 -0 -1 0 0 -1 -0 0 1 0 0 1 0 0 -1 0 0 -1 -0 0 1 0 0 1 0 -0 -1 0 0 -1 -0 0 1 0 0 1 0 -0 -1 0 0 -1 -0 0 1 0 0 1 0 0 -1 0 0 -1 -0 0 1 0 0 1 0 -0 -1 0 0 -1 -0 0 1 0 0 1 0 -0 -1 0 0 -1 -0 0 1 0 0 1 0 -0 -1 0 0 -1 -0 0 1 0 0 1 0 -0 -1 0 0 -1 -0 0 1 0 0 1 0 -0 -1 0 0 -1 -0 0 1 0 0 1 0 -0 -1 0 0 -1 -0 0 1 0 0 1 0 -0 -1 0 0 -1 -0 0 1 0 0 1 0 -0 -1 0 0 -1 -0 0 1 0 0 1 0 -0 -1 0 0 -1 -0 0 1 0 0 1 0 -0 -1 0 0 -1 -0 0 1 0 0 1 0 -0 -1 0 0 -1 -0 0 1 0 0 1 0 0 -1 0 0 -1 -0 0 1 0 0 1 0 0 -1 0 0 -1 -0 0 1 0 0 1 0 0 -1 0 0 -1 -0 0 1 0 0 1 0 0 -1 0 0 -1 -0 0 1 0 0 1 0 0 -1 0 0 -1 -0 0 1 0 0 1 0 0 -1 0 0 -1 -0 0 1 0 0 1 0 0 -1 0 0 -1 -0 0 1 0 0 1 0 0 -1 0 0 -1 -0 0 1 0 0 1 0 0 -1 0 0 -1 -0 0 1 0 0 1 0 0 -1 0 0 -1 0 0 1 0 0 1 0 0 -1 0 0 -1 0 -0 1 0 0 1 0 0 -1 0 0 -1 0 -0 1 0 0 1 0 0 -1 0 0 -1 0 -0 1 0 0 1 0 0 -1 0 0 -1 0 -0 1 0 0 1 0 0 -1 0 0 -1 0 -0 1 0 0 1 0 0 -1 0 0 -1 0 -0 1 0 0 1 0 0 -1 0 0 -1 0 -0 1 0 0 1 0 0 -1 0 0 -1 0 -0 1 0 0 1 0 0 -1 0 0 -1 0 -0 1 0 0 1 0 0 -1 0 0 -1 0 -0 1 0 0 1 0 0 -1 0 0 -1 0 -0 1 0 0 1 0 0 -1 0 0 -1 0 -0 1 0 0 1 0 0 -1 0 0 -1 0 -0 1 0 0 1 0 0 -1 0 0 -1 0 -0 1 0 0 1 0 0 -1 0 0 -1 0 -0 1 0 0 1 0 0 -1 0 0 -1 0 -0 1 0 0 1 0 0 -1 0 0 -1 0 -0 1 0 0 1 0 0 -1 0 0 -1 0 -0 1 0 0 1 0 0 -1 0 0 -1 0 -0 1 0 0 1 0 0 -1 0 0 -1 0 -0 1 0 0 1 0 0 -1 0 0 -1 0 -0 1 0 0 1 0 0 -1 0 0 -1 0 -0 1 0 0 1 0 0 -1 0 0 -1 0 -0 1 0 0 1 0 0 -1 0 0 -1 0 -0 1 0 0 1 0 0 -1 0 0 -1 0 -0 1 0 0 1 0 0 -1 0 0 -1 0 -0 1 0 0 1 0 0 -1 0 0 -1 0 -0 1 0 0 1 0 0 -1 0 0 -1 0 -0 1 0 0 1 0 0 -1 0 0 -1 0 -0 1 0 0 1 0 0 -1 0 0 -1 0 -0 1 0 0 1 0 0 -1 0 0 -1 0 -0 1 0 0 1 0 0 -1 0 0 -1</float_array><technique_common><accessor source="#normals_arr" count="2048" stride="3"><param name="X" type="float" /><param name="Y" type="float" /><param name="Z" type="float" /></accessor></technique_common></source><vertices id="tag_vertices"><input semantic="POSITION" source="#positions" /></vertices><triangles material="yellow_mat_symbol" count="2048"><input semantic="VERTEX" source="#tag_vertices" offset="0" /><input semantic="TEXCOORD" source="#uvs" offset="1" set="0" /><input semantic="NORMAL" source="#normals" offset="2" /><p>0 0 0 1 1 0 129 2 0 0 3 1 129 4 1 128 5 1 1 6 2 2 7 2 130 8 2 1 9 3 130 10 3 129 11 3 2 12 4 3 13 4 131 14 4 2 15 5 131 16 5 130 17 5 3 18 6 4 19 6 132 20 6 3 21 7 132 22 7 131 23 7 4 24 8 5 25 8 133 26 8 4 27 9 133 28 9 132 29 9 5 30 10 6 31 10 134 32 10 5 33 11 134 34 11 133 35 11 6 36 12 7 37 12 135 38 12 6 39 13 135 40 13 134 41 13 7 42 14 8 43 14 136 44 14 7 45 15 136 46 15 135 47 15 8 48 16 9 49 16 137 50 16 8 51 17 137 52 17 136 53 17 9 54 18 10 55 18 138 56 18 9 57 19 138 58 19 137 59 19 10 60 20 11 61 20 139 62 20 10 63 21 139 64 21 138 65 21 11 66 22 12 67 22 140 68 22 11 69 23 140 70 23 139 71 23 12 72 24 13 73 24 141 74 24 12 75 25 141 76 25 140 77 25 13 78 26 14 79 26 142 80 26 13 81 27 142 82 27 141 83 27 14 84 28 15 85 28 143 86 28 14 87 29 143 88 29 142 89 29 15 90 30 16 91 30 144 92 30 15 93 31 144 94 31 143 95 31 16 96 32 17 97 32 145 98 32 16 99 33 145 100 33 144 101 33 17 102 34 18 103 34 146 104 34 17 105 35 146 106 35 145 107 35 18 108 36 19 109 36 147 110 36 18 111 37 147 112 37 146 113 37 19 114 38 20 115 38 148 116 38 19 117 39 148 118 39 147 119 39 20 120 40 21 121 40 149 122 40 20 123 41 149 124 41 148 125 41 21 126 42 22 127 42 150 128 42 21 129 43 150 130 43 149 131 43 22 132 44 23 133 44 151 134 44 22 135 45 151 136 45 150 137 45 23 138 46 24 139 46 152 140 46 23 141 47 152 142 47 151 143 47 24 144 48 25 145 48 153 146 48 24 147 49 153 148 49 152 149 49 25 150 50 26 151 50 154 152 50 25 153 51 154 154 51 153 155 51 26 156 52 27 157 52 155 158 52 26 159 53 155 160 53 154 161 53 27 162 54 28 163 54 156 164 54 27 165 55 156 166 55 155 167 55 28 168 56 29 169 56 157 170 56 28 171 57 157 172 57 156 173 57 29 174 58 30 175 58 158 176 58 29 177 59 158 178 59 157 179 59 30 180 60 31 181 60 159 182 60 30 183 61 159 184 61 158 185 61 31 186 62 32 187 62 160 188 62 31 189 63 160 190 63 159 191 63 32 192 64 33 193 64 161 194 64 32 195 65 161 196 65 160 197 65 33 198 66 34 199 66 162 200 66 33 201 67 162 202 67 161 203 67 34 204 68 35 205 68 163 206 68 34 207 69 163 208 69 162 209 69 35 210 70 36 211 70 164 212 70 35 213 71 164 214 71 163 215 71 36 216 72 37 217 72 165 218 72 36 219 73 165 220 73 164 221 73 37 222 74 38 223 74 166 224 74 37 225 75 166 226 75 165 227 75 38 228 76 39 229 76 167 230 76 38 231 77 167 232 77 166 233 77 39 234 78 40 235 78 168 236 78 39 237 79 168 238 79 167 239 79 40 240 80 41 241 80 169 242 80 40 243 81 169 244 81 168 245 81 41 246 82 42 247 82 170 248 82 41 249 83 170 250 83 169 251 83 42 252 84 43 253 84 171 254 84 42 255 85 171 256 85 170 257 85 43 258 86 44 259 86 172 260 86 43 261 87 172 262 87 171 263 87 44 264 88 45 265 88 173 266 88 44 267 89 173 268 89 172 269 89 45 270 90 46 271 90 174 272 90 45 273 91 174 274 91 173 275 91 46 276 92 47 277 92 175 278 92 46 279 93 175 280 93 174 281 93 47 282 94 48 283 94 176 284 94 47 285 95 176 286 95 175 287 95 48 288 96 49 289 96 177 290 96 48 291 97 177 292 97 176 293 97 49 294 98 50 295 98 178 296 98 49 297 99 178 298 99 177 299 99 50 300 100 51 301 100 179 302 100 50 303 101 179 304 101 178 305 101 51 306 102 52 307 102 180 308 102 51 309 103 180 310 103 179 311 103 52 312 104 53 313 104 181 314 104 52 315 105 181 316 105 180 317 105 53 318 106 54 319 106 182 320 106 53 321 107 182 322 107 181 323 107 54 324 108 55 325 108 183 326 108 54 327 109 183 328 109 182 329 109 55 330 110 56 331 110 184 332 110 55 333 111 184 334 111 183 335 111 56 336 112 57 337 112 185 338 112 56 339 113 185 340 113 184 341 113 57 342 114 58 343 114 186 344 114 57 345 115 186 346 115 185 347 115 58 348 116 59 349 116 187 350 116 58 351 117 187 352 117 186 353 117 59 354 118 60 355 118 188 356 118 59 357 119 188 358 119 187 359 119 60 360 120 61 361 120 189 362 120 60 363 121 189 364 121 188 365 121 61 366 122 62 367 122 190 368 122 61 369 123 190 370 123 189 371 123 62 372 124 63 373 124 191 374 124 62 375 125 191 376 125 190 377 125 63 378 126 64 379 126 192 380 126 63 381 127 192 382 127 191 383 127 64 384 128 65 385 128 193 386 128 64 387 129 193 388 129 192 389 129 65 390 130 66 391 130 194 392 130 65 393 131 194 394 131 193 395 131 66 396 132 67 397 132 195 398 132 66 399 133 195 400 133 194 401 133 67 402 134 68 403 134 196 404 134 67 405 135 196 406 135 195 407 135 68 408 136 69 409 136 197 410 136 68 411 137 197 412 137 196 413 137 69 414 138 70 415 138 198 416 138 69 417 139 198 418 139 197 419 139 70 420 140 71 421 140 199 422 140 70 423 141 199 424 141 198 425 141 71 426 142 72 427 142 200 428 142 71 429 143 200 430 143 199 431 143 72 432 144 73 433 144 201 434 144 72 435 145 201 436 145 200 437 145 73 438 146 74 439 146 202 440 146 73 441 147 202 442 147 201 443 147 74 444 148 75 445 148 203 446 148 74 447 149 203 448 149 202 449 149 75 450 150 76 451 150 204 452 150 75 453 151 204 454 151 203 455 151 76 456 152 77 457 152 205 458 152 76 459 153 205 460 153 204 461 153 77 462 154 78 463 154 206 464 154 77 465 155 206 466 155 205 467 155 78 468 156 79 469 156 207 470 156 78 471 157 207 472 157 206 473 157 79 474 158 80 475 158 208 476 158 79 477 159 208 478 159 207 479 159 80 480 160 81 481 160 209 482 160 80 483 161 209 484 161 208 485 161 81 486 162 82 487 162 210 488 162 81 489 163 210 490 163 209 491 163 82 492 164 83 493 164 211 494 164 82 495 165 211 496 165 210 497 165 83 498 166 84 499 166 212 500 166 83 501 167 212 502 167 211 503 167 84 504 168 85 505 168 213 506 168 84 507 169 213 508 169 212 509 169 85 510 170 86 511 170 214 512 170 85 513 171 214 514 171 213 515 171 86 516 172 87 517 172 215 518 172 86 519 173 215 520 173 214 521 173 87 522 174 88 523 174 216 524 174 87 525 175 216 526 175 215 527 175 88 528 176 89 529 176 217 530 176 88 531 177 217 532 177 216 533 177 89 534 178 90 535 178 218 536 178 89 537 179 218 538 179 217 539 179 90 540 180 91 541 180 219 542 180 90 543 181 219 544 181 218 545 181 91 546 182 92 547 182 220 548 182 91 549 183 220 550 183 219 551 183 92 552 184 93 553 184 221 554 184 92 555 185 221 556 185 220 557 185 93 558 186 94 559 186 222 560 186 93 561 187 222 562 187 221 563 187 94 564 188 95 565 188 223 566 188 94 567 189 223 568 189 222 569 189 95 570 190 96 571 190 224 572 190 95 573 191 224 574 191 223 575 191 96 576 192 97 577 192 225 578 192 96 579 193 225 580 193 224 581 193 97 582 194 98 583 194 226 584 194 97 585 195 226 586 195 225 587 195 98 588 196 99 589 196 227 590 196 98 591 197 227 592 197 226 593 197 99 594 198 100 595 198 228 596 198 99 597 199 228 598 199 227 599 199 100 600 200 101 601 200 229 602 200 100 603 201 229 604 201 228 605 201 101 606 202 102 607 202 230 608 202 101 609 203 230 610 203 229 611 203 102 612 204 103 613 204 231 614 204 102 615 205 231 616 205 230 617 205 103 618 206 104 619 206 232 620 206 103 621 207 232 622 207 231 623 207 104 624 208 105 625 208 233 626 208 104 627 209 233 628 209 232 629 209 105 630 210 106 631 210 234 632 210 105 633 211 234 634 211 233 635 211 106 636 212 107 637 212 235 638 212 106 639 213 235 640 213 234 641 213 107 642 214 108 643 214 236 644 214 107 645 215 236 646 215 235 647 215 108 648 216 109 649 216 237 650 216 108 651 217 237 652 217 236 653 217 109 654 218 110 655 218 238 656 218 109 657 219 238 658 219 237 659 219 110 660 220 111 661 220 239 662 220 110 663 221 239 664 221 238 665 221 111 666 222 112 667 222 240 668 222 111 669 223 240 670 223 239 671 223 112 672 224 113 673 224 241 674 224 112 675 225 241 676 225 240 677 225 113 678 226 114 679 226 242 680 226 113 681 227 242 682 227 241 683 227 114 684 228 115 685 228 243 686 228 114 687 229 243 688 229 242 689 229 115 690 230 116 691 230 244 692 230 115 693 231 244 694 231 243 695 231 116 696 232 117 697 232 245 698 232 116 699 233 245 700 233 244 701 233 117 702 234 118 703 234 246 704 234 117 705 235 246 706 235 245 707 235 118 708 236 119 709 236 247 710 236 118 711 237 247 712 237 246 713 237 119 714 238 120 715 238 248 716 238 119 717 239 248 718 239 247 719 239 120 720 240 121 721 240 249 722 240 120 723 241 249 724 241 248 725 241 121 726 242 122 727 242 250 728 242 121 729 243 250 730 243 249 731 243 122 732 244 123 733 244 251 734 244 122 735 245 251 736 245 250 737 245 123 738 246 124 739 246 252 740 246 123 741 247 252 742 247 251 743 247 124 744 248 125 745 248 253 746 248 124 747 249 253 748 249 252 749 249 125 750 250 126 751 250 254 752 250 125 753 251 254 754 251 253 755 251 126 756 252 127 757 252 255 758 252 126 759 253 255 760 253 254 761 253 127 762 254 0 763 254 128 764 254 127 765 255 128 766 255 255 767 255 128 768 256 129 769 256 257 770 256 128 771 257 257 772 257 256 773 257 129 774 258 130 775 258 258 776 258 129 777 259 258 778 259 257 779 259 130 780 260 131 781 260 259 782 260 130 783 261 259 784 261 258 785 261 131 786 262 132 787 262 260 788 262 131 789 263 260 790 263 259 791 263 132 792 264 133 793 264 261 794 264 132 795 265 261 796 265 260 797 265 133 798 266 134 799 266 262 800 266 133 801 267 262 802 267 261 803 267 134 804 268 135 805 268 263 806 268 134 807 269 263 808 269 262 809 269 135 810 270 136 811 270 264 812 270 135 813 271 264 814 271 263 815 271 136 816 272 137 817 272 265 818 272 136 819 273 265 820 273 264 821 273 137 822 274 138 823 274 266 824 274 137 825 275 266 826 275 265 827 275 138 828 276 139 829 276 267 830 276 138 831 277 267 832 277 266 833 277 139 834 278 140 835 278 268 836 278 139 837 279 268 838 279 267 839 279 140 840 280 141 841 280 269 842 280 140 843 281 269 844 281 268 845 281 141 846 282 142 847 282 270 848 282 141 849 283 270 850 283 269 851 283 142 852 284 143 853 284 271 854 284 142 855 285 271 856 285 270 857 285 143 858 286 144 859 286 272 860 286 143 861 287 272 862 287 271 863 287 144 864 288 145 865 288 273 866 288 144 867 289 273 868 289 272 869 289 145 870 290 146 871 290 274 872 290 145 873 291 274 874 291 273 875 291 146 876 292 147 877 292 275 878 292 146 879 293 275 880 293 274 881 293 147 882 294 148 883 294 276 884 294 147 885 295 276 886 295 275 887 295 148 888 296 149 889 296 277 890 296 148 891 297 277 892 297 276 893 297 149 894 298 150 895 298 278 896 298 149 897 299 278 898 299 277 899 299 150 900 300 151 901 300 279 902 300 150 903 301 279 904 301 278 905 301 151 906 302 152 907 302 280 908 302 151 909 303 280 910 303 279 911 303 152 912 304 153 913 304 281 914 304 152 915 305 281 916 305 280 917 305 153 918 306 154 919 306 282 920 306 153 921 307 282 922 307 281 923 307 154 924 308 155 925 308 283 926 308 154 927 309 283 928 309 282 929 309 155 930 310 156 931 310 284 932 310 155 933 311 284 934 311 283 935 311 156 936 312 157 937 312 285 938 312 156 939 313 285 940 313 284 941 313 157 942 314 158 943 314 286 944 314 157 945 315 286 946 315 285 947 315 158 948 316 159 949 316 287 950 316 158 951 317 287 952 317 286 953 317 159 954 318 160 955 318 288 956 318 159 957 319 288 958 319 287 959 319 160 960 320 161 961 320 289 962 320 160 963 321 289 964 321 288 965 321 161 966 322 162 967 322 290 968 322 161 969 323 290 970 323 289 971 323 162 972 324 163 973 324 291 974 324 162 975 325 291 976 325 290 977 325 163 978 326 164 979 326 292 980 326 163 981 327 292 982 327 291 983 327 164 984 328 165 985 328 293 986 328 164 987 329 293 988 329 292 989 329 165 990 330 166 991 330 294 992 330 165 993 331 294 994 331 293 995 331 166 996 332 167 997 332 295 998 332 166 999 333 295 1000 333 294 1001 333 167 1002 334 168 1003 334 296 1004 334 167 1005 335 296 1006 335 295 1007 335 168 1008 336 169 1009 336 297 1010 336 168 1011 337 297 1012 337 296 1013 337 169 1014 338 170 1015 338 298 1016 338 169 1017 339 298 1018 339 297 1019 339 170 1020 340 171 1021 340 299 1022 340 170 1023 341 299 1024 341 298 1025 341 171 1026 342 172 1027 342 300 1028 342 171 1029 343 300 1030 343 299 1031 343 172 1032 344 173 1033 344 301 1034 344 172 1035 345 301 1036 345 300 1037 345 173 1038 346 174 1039 346 302 1040 346 173 1041 347 302 1042 347 301 1043 347 174 1044 348 175 1045 348 303 1046 348 174 1047 349 303 1048 349 302 1049 349 175 1050 350 176 1051 350 304 1052 350 175 1053 351 304 1054 351 303 1055 351 176 1056 352 177 1057 352 305 1058 352 176 1059 353 305 1060 353 304 1061 353 177 1062 354 178 1063 354 306 1064 354 177 1065 355 306 1066 355 305 1067 355 178 1068 356 179 1069 356 307 1070 356 178 1071 357 307 1072 357 306 1073 357 179 1074 358 180 1075 358 308 1076 358 179 1077 359 308 1078 359 307 1079 359 180 1080 360 181 1081 360 309 1082 360 180 1083 361 309 1084 361 308 1085 361 181 1086 362 182 1087 362 310 1088 362 181 1089 363 310 1090 363 309 1091 363 182 1092 364 183 1093 364 311 1094 364 182 1095 365 311 1096 365 310 1097 365 183 1098 366 184 1099 366 312 1100 366 183 1101 367 312 1102 367 311 1103 367 184 1104 368 185 1105 368 313 1106 368 184 1107 369 313 1108 369 312 1109 369 185 1110 370 186 1111 370 314 1112 370 185 1113 371 314 1114 371 313 1115 371 186 1116 372 187 1117 372 315 1118 372 186 1119 373 315 1120 373 314 1121 373 187 1122 374 188 1123 374 316 1124 374 187 1125 375 316 1126 375 315 1127 375 188 1128 376 189 1129 376 317 1130 376 188 1131 377 317 1132 377 316 1133 377 189 1134 378 190 1135 378 318 1136 378 189 1137 379 318 1138 379 317 1139 379 190 1140 380 191 1141 380 319 1142 380 190 1143 381 319 1144 381 318 1145 381 191 1146 382 192 1147 382 320 1148 382 191 1149 383 320 1150 383 319 1151 383 192 1152 384 193 1153 384 321 1154 384 192 1155 385 321 1156 385 320 1157 385 193 1158 386 194 1159 386 322 1160 386 193 1161 387 322 1162 387 321 1163 387 194 1164 388 195 1165 388 323 1166 388 194 1167 389 323 1168 389 322 1169 389 195 1170 390 196 1171 390 324 1172 390 195 1173 391 324 1174 391 323 1175 391 196 1176 392 197 1177 392 325 1178 392 196 1179 393 325 1180 393 324 1181 393 197 1182 394 198 1183 394 326 1184 394 197 1185 395 326 1186 395 325 1187 395 198 1188 396 199 1189 396 327 1190 396 198 1191 397 327 1192 397 326 1193 397 199 1194 398 200 1195 398 328 1196 398 199 1197 399 328 1198 399 327 1199 399 200 1200 400 201 1201 400 329 1202 400 200 1203 401 329 1204 401 328 1205 401 201 1206 402 202 1207 402 330 1208 402 201 1209 403 330 1210 403 329 1211 403 202 1212 404 203 1213 404 331 1214 404 202 1215 405 331 1216 405 330 1217 405 203 1218 406 204 1219 406 332 1220 406 203 1221 407 332 1222 407 331 1223 407 204 1224 408 205 1225 408 333 1226 408 204 1227 409 333 1228 409 332 1229 409 205 1230 410 206 1231 410 334 1232 410 205 1233 411 334 1234 411 333 1235 411 206 1236 412 207 1237 412 335 1238 412 206 1239 413 335 1240 413 334 1241 413 207 1242 414 208 1243 414 336 1244 414 207 1245 415 336 1246 415 335 1247 415 208 1248 416 209 1249 416 337 1250 416 208 1251 417 337 1252 417 336 1253 417 209 1254 418 210 1255 418 338 1256 418 209 1257 419 338 1258 419 337 1259 419 210 1260 420 211 1261 420 339 1262 420 210 1263 421 339 1264 421 338 1265 421 211 1266 422 212 1267 422 340 1268 422 211 1269 423 340 1270 423 339 1271 423 212 1272 424 213 1273 424 341 1274 424 212 1275 425 341 1276 425 340 1277 425 213 1278 426 214 1279 426 342 1280 426 213 1281 427 342 1282 427 341 1283 427 214 1284 428 215 1285 428 343 1286 428 214 1287 429 343 1288 429 342 1289 429 215 1290 430 216 1291 430 344 1292 430 215 1293 431 344 1294 431 343 1295 431 216 1296 432 217 1297 432 345 1298 432 216 1299 433 345 1300 433 344 1301 433 217 1302 434 218 1303 434 346 1304 434 217 1305 435 346 1306 435 345 1307 435 218 1308 436 219 1309 436 347 1310 436 218 1311 437 347 1312 437 346 1313 437 219 1314 438 220 1315 438 348 1316 438 219 1317 439 348 1318 439 347 1319 439 220 1320 440 221 1321 440 349 1322 440 220 1323 441 349 1324 441 348 1325 441 221 1326 442 222 1327 442 350 1328 442 221 1329 443 350 1330 443 349 1331 443 222 1332 444 223 1333 444 351 1334 444 222 1335 445 351 1336 445 350 1337 445 223 1338 446 224 1339 446 352 1340 446 223 1341 447 352 1342 447 351 1343 447 224 1344 448 225 1345 448 353 1346 448 224 1347 449 353 1348 449 352 1349 449 225 1350 450 226 1351 450 354 1352 450 225 1353 451 354 1354 451 353 1355 451 226 1356 452 227 1357 452 355 1358 452 226 1359 453 355 1360 453 354 1361 453 227 1362 454 228 1363 454 356 1364 454 227 1365 455 356 1366 455 355 1367 455 228 1368 456 229 1369 456 357 1370 456 228 1371 457 357 1372 457 356 1373 457 229 1374 458 230 1375 458 358 1376 458 229 1377 459 358 1378 459 357 1379 459 230 1380 460 231 1381 460 359 1382 460 230 1383 461 359 1384 461 358 1385 461 231 1386 462 232 1387 462 360 1388 462 231 1389 463 360 1390 463 359 1391 463 232 1392 464 233 1393 464 361 1394 464 232 1395 465 361 1396 465 360 1397 465 233 1398 466 234 1399 466 362 1400 466 233 1401 467 362 1402 467 361 1403 467 234 1404 468 235 1405 468 363 1406 468 234 1407 469 363 1408 469 362 1409 469 235 1410 470 236 1411 470 364 1412 470 235 1413 471 364 1414 471 363 1415 471 236 1416 472 237 1417 472 365 1418 472 236 1419 473 365 1420 473 364 1421 473 237 1422 474 238 1423 474 366 1424 474 237 1425 475 366 1426 475 365 1427 475 238 1428 476 239 1429 476 367 1430 476 238 1431 477 367 1432 477 366 1433 477 239 1434 478 240 1435 478 368 1436 478 239 1437 479 368 1438 479 367 1439 479 240 1440 480 241 1441 480 369 1442 480 240 1443 481 369 1444 481 368 1445 481 241 1446 482 242 1447 482 370 1448 482 241 1449 483 370 1450 483 369 1451 483 242 1452 484 243 1453 484 371 1454 484 242 1455 485 371 1456 485 370 1457 485 243 1458 486 244 1459 486 372 1460 486 243 1461 487 372 1462 487 371 1463 487 244 1464 488 245 1465 488 373 1466 488 244 1467 489 373 1468 489 372 1469 489 245 1470 490 246 1471 490 374 1472 490 245 1473 491 374 1474 491 373 1475 491 246 1476 492 247 1477 492 375 1478 492 246 1479 493 375 1480 493 374 1481 493 247 1482 494 248 1483 494 376 1484 494 247 1485 495 376 1486 495 375 1487 495 248 1488 496 249 1489 496 377 1490 496 248 1491 497 377 1492 497 376 1493 497 249 1494 498 250 1495 498 378 1496 498 249 1497 499 378 1498 499 377 1499 499 250 1500 500 251 1501 500 379 1502 500 250 1503 501 379 1504 501 378 1505 501 251 1506 502 252 1507 502 380 1508 502 251 1509 503 380 1510 503 379 1511 503 252 1512 504 253 1513 504 381 1514 504 252 1515 505 381 1516 505 380 1517 505 253 1518 506 254 1519 506 382 1520 506 253 1521 507 382 1522 507 381 1523 507 254 1524 508 255 1525 508 383 1526 508 254 1527 509 383 1528 509 382 1529 509 255 1530 510 128 1531 510 256 1532 510 255 1533 511 256 1534 511 383 1535 511 256 1536 512 257 1537 512 385 1538 512 256 1539 513 385 1540 513 384 1541 513 257 1542 514 258 1543 514 386 1544 514 257 1545 515 386 1546 515 385 1547 515 258 1548 516 259 1549 516 387 1550 516 258 1551 517 387 1552 517 386 1553 517 259 1554 518 260 1555 518 388 1556 518 259 1557 519 388 1558 519 387 1559 519 260 1560 520 261 1561 520 389 1562 520 260 1563 521 389 1564 521 388 1565 521 261 1566 522 262 1567 522 390 1568 522 261 1569 523 390 1570 523 389 1571 523 262 1572 524 263 1573 524 391 1574 524 262 1575 525 391 1576 525 390 1577 525 263 1578 526 264 1579 526 392 1580 526 263 1581 527 392 1582 527 391 1583 527 264 1584 528 265 1585 528 393 1586 528 264 1587 529 393 1588 529 392 1589 529 265 1590 530 266 1591 530 394 1592 530 265 1593 531 394 1594 531 393 1595 531 266 1596 532 267 1597 532 395 1598 532 266 1599 533 395 1600 533 394 1601 533 267 1602 534 268 1603 534 396 1604 534 267 1605 535 396 1606 535 395 1607 535 268 1608 536 269 1609 536 397 1610 536 268 1611 537 397 1612 537 396 1613 537 269 1614 538 270 1615 538 398 1616 538 269 1617 539 398 1618 539 397 1619 539 270 1620 540 271 1621 540 399 1622 540 270 1623 541 399 1624 541 398 1625 541 271 1626 542 272 1627 542 400 1628 542 271 1629 543 400 1630 543 399 1631 543 272 1632 544 273 1633 544 401 1634 544 272 1635 545 401 1636 545 400 1637 545 273 1638 546 274 1639 546 402 1640 546 273 1641 547 402 1642 547 401 1643 547 274 1644 548 275 1645 548 403 1646 548 274 1647 549 403 1648 549 402 1649 549 275 1650 550 276 1651 550 404 1652 550 275 1653 551 404 1654 551 403 1655 551 276 1656 552 277 1657 552 405 1658 552 276 1659 553 405 1660 553 404 1661 553 277 1662 554 278 1663 554 406 1664 554 277 1665 555 406 1666 555 405 1667 555 278 1668 556 279 1669 556 407 1670 556 278 1671 557 407 1672 557 406 1673 557 279 1674 558 280 1675 558 408 1676 558 279 1677 559 408 1678 559 407 1679 559 280 1680 560 281 1681 560 409 1682 560 280 1683 561 409 1684 561 408 1685 561 281 1686 562 282 1687 562 410 1688 562 281 1689 563 410 1690 563 409 1691 563 282 1692 564 283 1693 564 411 1694 564 282 1695 565 411 1696 565 410 1697 565 283 1698 566 284 1699 566 412 1700 566 283 1701 567 412 1702 567 411 1703 567 284 1704 568 285 1705 568 413 1706 568 284 1707 569 413 1708 569 412 1709 569 285 1710 570 286 1711 570 414 1712 570 285 1713 571 414 1714 571 413 1715 571 286 1716 572 287 1717 572 415 1718 572 286 1719 573 415 1720 573 414 1721 573 287 1722 574 288 1723 574 416 1724 574 287 1725 575 416 1726 575 415 1727 575 288 1728 576 289 1729 576 417 1730 576 288 1731 577 417 1732 577 416 1733 577 289 1734 578 290 1735 578 418 1736 578 289 1737 579 418 1738 579 417 1739 579 290 1740 580 291 1741 580 419 1742 580 290 1743 581 419 1744 581 418 1745 581 291 1746 582 292 1747 582 420 1748 582 291 1749 583 420 1750 583 419 1751 583 292 1752 584 293 1753 584 421 1754 584 292 1755 585 421 1756 585 420 1757 585 293 1758 586 294 1759 586 422 1760 586 293 1761 587 422 1762 587 421 1763 587 294 1764 588 295 1765 588 423 1766 588 294 1767 589 423 1768 589 422 1769 589 295 1770 590 296 1771 590 424 1772 590 295 1773 591 424 1774 591 423 1775 591 296 1776 592 297 1777 592 425 1778 592 296 1779 593 425 1780 593 424 1781 593 297 1782 594 298 1783 594 426 1784 594 297 1785 595 426 1786 595 425 1787 595 298 1788 596 299 1789 596 427 1790 596 298 1791 597 427 1792 597 426 1793 597 299 1794 598 300 1795 598 428 1796 598 299 1797 599 428 1798 599 427 1799 599 300 1800 600 301 1801 600 429 1802 600 300 1803 601 429 1804 601 428 1805 601 301 1806 602 302 1807 602 430 1808 602 301 1809 603 430 1810 603 429 1811 603 302 1812 604 303 1813 604 431 1814 604 302 1815 605 431 1816 605 430 1817 605 303 1818 606 304 1819 606 432 1820 606 303 1821 607 432 1822 607 431 1823 607 304 1824 608 305 1825 608 433 1826 608 304 1827 609 433 1828 609 432 1829 609 305 1830 610 306 1831 610 434 1832 610 305 1833 611 434 1834 611 433 1835 611 306 1836 612 307 1837 612 435 1838 612 306 1839 613 435 1840 613 434 1841 613 307 1842 614 308 1843 614 436 1844 614 307 1845 615 436 1846 615 435 1847 615 308 1848 616 309 1849 616 437 1850 616 308 1851 617 437 1852 617 436 1853 617 309 1854 618 310 1855 618 438 1856 618 309 1857 619 438 1858 619 437 1859 619 310 1860 620 311 1861 620 439 1862 620 310 1863 621 439 1864 621 438 1865 621 311 1866 622 312 1867 622 440 1868 622 311 1869 623 440 1870 623 439 1871 623 312 1872 624 313 1873 624 441 1874 624 312 1875 625 441 1876 625 440 1877 625 313 1878 626 314 1879 626 442 1880 626 313 1881 627 442 1882 627 441 1883 627 314 1884 628 315 1885 628 443 1886 628 314 1887 629 443 1888 629 442 1889 629 315 1890 630 316 1891 630 444 1892 630 315 1893 631 444 1894 631 443 1895 631 316 1896 632 317 1897 632 445 1898 632 316 1899 633 445 1900 633 444 1901 633 317 1902 634 318 1903 634 446 1904 634 317 1905 635 446 1906 635 445 1907 635 318 1908 636 319 1909 636 447 1910 636 318 1911 637 447 1912 637 446 1913 637 319 1914 638 320 1915 638 448 1916 638 319 1917 639 448 1918 639 447 1919 639 320 1920 640 321 1921 640 449 1922 640 320 1923 641 449 1924 641 448 1925 641 321 1926 642 322 1927 642 450 1928 642 321 1929 643 450 1930 643 449 1931 643 322 1932 644 323 1933 644 451 1934 644 322 1935 645 451 1936 645 450 1937 645 323 1938 646 324 1939 646 452 1940 646 323 1941 647 452 1942 647 451 1943 647 324 1944 648 325 1945 648 453 1946 648 324 1947 649 453 1948 649 452 1949 649 325 1950 650 326 1951 650 454 1952 650 325 1953 651 454 1954 651 453 1955 651 326 1956 652 327 1957 652 455 1958 652 326 1959 653 455 1960 653 454 1961 653 327 1962 654 328 1963 654 456 1964 654 327 1965 655 456 1966 655 455 1967 655 328 1968 656 329 1969 656 457 1970 656 328 1971 657 457 1972 657 456 1973 657 329 1974 658 330 1975 658 458 1976 658 329 1977 659 458 1978 659 457 1979 659 330 1980 660 331 1981 660 459 1982 660 330 1983 661 459 1984 661 458 1985 661 331 1986 662 332 1987 662 460 1988 662 331 1989 663 460 1990 663 459 1991 663 332 1992 664 333 1993 664 461 1994 664 332 1995 665 461 1996 665 460 1997 665 333 1998 666 334 1999 666 462 2000 666 333 2001 667 462 2002 667 461 2003 667 334 2004 668 335 2005 668 463 2006 668 334 2007 669 463 2008 669 462 2009 669 335 2010 670 336 2011 670 464 2012 670 335 2013 671 464 2014 671 463 2015 671 336 2016 672 337 2017 672 465 2018 672 336 2019 673 465 2020 673 464 2021 673 337 2022 674 338 2023 674 466 2024 674 337 2025 675 466 2026 675 465 2027 675 338 2028 676 339 2029 676 467 2030 676 338 2031 677 467 2032 677 466 2033 677 339 2034 678 340 2035 678 468 2036 678 339 2037 679 468 2038 679 467 2039 679 340 2040 680 341 2041 680 469 2042 680 340 2043 681 469 2044 681 468 2045 681 341 2046 682 342 2047 682 470 2048 682 341 2049 683 470 2050 683 469 2051 683 342 2052 684 343 2053 684 471 2054 684 342 2055 685 471 2056 685 470 2057 685 343 2058 686 344 2059 686 472 2060 686 343 2061 687 472 2062 687 471 2063 687 344 2064 688 345 2065 688 473 2066 688 344 2067 689 473 2068 689 472 2069 689 345 2070 690 346 2071 690 474 2072 690 345 2073 691 474 2074 691 473 2075 691 346 2076 692 347 2077 692 475 2078 692 346 2079 693 475 2080 693 474 2081 693 347 2082 694 348 2083 694 476 2084 694 347 2085 695 476 2086 695 475 2087 695 348 2088 696 349 2089 696 477 2090 696 348 2091 697 477 2092 697 476 2093 697 349 2094 698 350 2095 698 478 2096 698 349 2097 699 478 2098 699 477 2099 699 350 2100 700 351 2101 700 479 2102 700 350 2103 701 479 2104 701 478 2105 701 351 2106 702 352 2107 702 480 2108 702 351 2109 703 480 2110 703 479 2111 703 352 2112 704 353 2113 704 481 2114 704 352 2115 705 481 2116 705 480 2117 705 353 2118 706 354 2119 706 482 2120 706 353 2121 707 482 2122 707 481 2123 707 354 2124 708 355 2125 708 483 2126 708 354 2127 709 483 2128 709 482 2129 709 355 2130 710 356 2131 710 484 2132 710 355 2133 711 484 2134 711 483 2135 711 356 2136 712 357 2137 712 485 2138 712 356 2139 713 485 2140 713 484 2141 713 357 2142 714 358 2143 714 486 2144 714 357 2145 715 486 2146 715 485 2147 715 358 2148 716 359 2149 716 487 2150 716 358 2151 717 487 2152 717 486 2153 717 359 2154 718 360 2155 718 488 2156 718 359 2157 719 488 2158 719 487 2159 719 360 2160 720 361 2161 720 489 2162 720 360 2163 721 489 2164 721 488 2165 721 361 2166 722 362 2167 722 490 2168 722 361 2169 723 490 2170 723 489 2171 723 362 2172 724 363 2173 724 491 2174 724 362 2175 725 491 2176 725 490 2177 725 363 2178 726 364 2179 726 492 2180 726 363 2181 727 492 2182 727 491 2183 727 364 2184 728 365 2185 728 493 2186 728 364 2187 729 493 2188 729 492 2189 729 365 2190 730 366 2191 730 494 2192 730 365 2193 731 494 2194 731 493 2195 731 366 2196 732 367 2197 732 495 2198 732 366 2199 733 495 2200 733 494 2201 733 367 2202 734 368 2203 734 496 2204 734 367 2205 735 496 2206 735 495 2207 735 368 2208 736 369 2209 736 497 2210 736 368 2211 737 497 2212 737 496 2213 737 369 2214 738 370 2215 738 498 2216 738 369 2217 739 498 2218 739 497 2219 739 370 2220 740 371 2221 740 499 2222 740 370 2223 741 499 2224 741 498 2225 741 371 2226 742 372 2227 742 500 2228 742 371 2229 743 500 2230 743 499 2231 743 372 2232 744 373 2233 744 501 2234 744 372 2235 745 501 2236 745 500 2237 745 373 2238 746 374 2239 746 502 2240 746 373 2241 747 502 2242 747 501 2243 747 374 2244 748 375 2245 748 503 2246 748 374 2247 749 503 2248 749 502 2249 749 375 2250 750 376 2251 750 504 2252 750 375 2253 751 504 2254 751 503 2255 751 376 2256 752 377 2257 752 505 2258 752 376 2259 753 505 2260 753 504 2261 753 377 2262 754 378 2263 754 506 2264 754 377 2265 755 506 2266 755 505 2267 755 378 2268 756 379 2269 756 507 2270 756 378 2271 757 507 2272 757 506 2273 757 379 2274 758 380 2275 758 508 2276 758 379 2277 759 508 2278 759 507 2279 759 380 2280 760 381 2281 760 509 2282 760 380 2283 761 509 2284 761 508 2285 761 381 2286 762 382 2287 762 510 2288 762 381 2289 763 510 2290 763 509 2291 763 382 2292 764 383 2293 764 511 2294 764 382 2295 765 511 2296 765 510 2297 765 383 2298 766 256 2299 766 384 2300 766 383 2301 767 384 2302 767 511 2303 767 512 2304 768 641 2305 768 513 2306 768 512 2307 769 640 2308 769 641 2309 769 513 2310 770 642 2311 770 514 2312 770 513 2313 771 641 2314 771 642 2315 771 514 2316 772 643 2317 772 515 2318 772 514 2319 773 642 2320 773 643 2321 773 515 2322 774 644 2323 774 516 2324 774 515 2325 775 643 2326 775 644 2327 775 516 2328 776 645 2329 776 517 2330 776 516 2331 777 644 2332 777 645 2333 777 517 2334 778 646 2335 778 518 2336 778 517 2337 779 645 2338 779 646 2339 779 518 2340 780 647 2341 780 519 2342 780 518 2343 781 646 2344 781 647 2345 781 519 2346 782 648 2347 782 520 2348 782 519 2349 783 647 2350 783 648 2351 783 520 2352 784 649 2353 784 521 2354 784 520 2355 785 648 2356 785 649 2357 785 521 2358 786 650 2359 786 522 2360 786 521 2361 787 649 2362 787 650 2363 787 522 2364 788 651 2365 788 523 2366 788 522 2367 789 650 2368 789 651 2369 789 523 2370 790 652 2371 790 524 2372 790 523 2373 791 651 2374 791 652 2375 791 524 2376 792 653 2377 792 525 2378 792 524 2379 793 652 2380 793 653 2381 793 525 2382 794 654 2383 794 526 2384 794 525 2385 795 653 2386 795 654 2387 795 526 2388 796 655 2389 796 527 2390 796 526 2391 797 654 2392 797 655 2393 797 527 2394 798 656 2395 798 528 2396 798 527 2397 799 655 2398 799 656 2399 799 528 2400 800 657 2401 800 529 2402 800 528 2403 801 656 2404 801 657 2405 801 529 2406 802 658 2407 802 530 2408 802 529 2409 803 657 2410 803 658 2411 803 530 2412 804 659 2413 804 531 2414 804 530 2415 805 658 2416 805 659 2417 805 531 2418 806 660 2419 806 532 2420 806 531 2421 807 659 2422 807 660 2423 807 532 2424 808 661 2425 808 533 2426 808 532 2427 809 660 2428 809 661 2429 809 533 2430 810 662 2431 810 534 2432 810 533 2433 811 661 2434 811 662 2435 811 534 2436 812 663 2437 812 535 2438 812 534 2439 813 662 2440 813 663 2441 813 535 2442 814 664 2443 814 536 2444 814 535 2445 815 663 2446 815 664 2447 815 536 2448 816 665 2449 816 537 2450 816 536 2451 817 664 2452 817 665 2453 817 537 2454 818 666 2455 818 538 2456 818 537 2457 819 665 2458 819 666 2459 819 538 2460 820 667 2461 820 539 2462 820 538 2463 821 666 2464 821 667 2465 821 539 2466 822 668 2467 822 540 2468 822 539 2469 823 667 2470 823 668 2471 823 540 2472 824 669 2473 824 541 2474 824 540 2475 825 668 2476 825 669 2477 825 541 2478 826 670 2479 826 542 2480 826 541 2481 827 669 2482 827 670 2483 827 542 2484 828 671 2485 828 543 2486 828 542 2487 829 670 2488 829 671 2489 829 543 2490 830 672 2491 830 544 2492 830 543 2493 831 671 2494 831 672 2495 831 544 2496 832 673 2497 832 545 2498 832 544 2499 833 672 2500 833 673 2501 833 545 2502 834 674 2503 834 546 2504 834 545 2505 835 673 2506 835 674 2507 835 546 2508 836 675 2509 836 547 2510 836 546 2511 837 674 2512 837 675 2513 837 547 2514 838 676 2515 838 548 2516 838 547 2517 839 675 2518 839 676 2519 839 548 2520 840 677 2521 840 549 2522 840 548 2523 841 676 2524 841 677 2525 841 549 2526 842 678 2527 842 550 2528 842 549 2529 843 677 2530 843 678 2531 843 550 2532 844 679 2533 844 551 2534 844 550 2535 845 678 2536 845 679 2537 845 551 2538 846 680 2539 846 552 2540 846 551 2541 847 679 2542 847 680 2543 847 552 2544 848 681 2545 848 553 2546 848 552 2547 849 680 2548 849 681 2549 849 553 2550 850 682 2551 850 554 2552 850 553 2553 851 681 2554 851 682 2555 851 554 2556 852 683 2557 852 555 2558 852 554 2559 853 682 2560 853 683 2561 853 555 2562 854 684 2563 854 556 2564 854 555 2565 855 683 2566 855 684 2567 855 556 2568 856 685 2569 856 557 2570 856 556 2571 857 684 2572 857 685 2573 857 557 2574 858 686 2575 858 558 2576 858 557 2577 859 685 2578 859 686 2579 859 558 2580 860 687 2581 860 559 2582 860 558 2583 861 686 2584 861 687 2585 861 559 2586 862 688 2587 862 560 2588 862 559 2589 863 687 2590 863 688 2591 863 560 2592 864 689 2593 864 561 2594 864 560 2595 865 688 2596 865 689 2597 865 561 2598 866 690 2599 866 562 2600 866 561 2601 867 689 2602 867 690 2603 867 562 2604 868 691 2605 868 563 2606 868 562 2607 869 690 2608 869 691 2609 869 563 2610 870 692 2611 870 564 2612 870 563 2613 871 691 2614 871 692 2615 871 564 2616 872 693 2617 872 565 2618 872 564 2619 873 692 2620 873 693 2621 873 565 2622 874 694 2623 874 566 2624 874 565 2625 875 693 2626 875 694 2627 875 566 2628 876 695 2629 876 567 2630 876 566 2631 877 694 2632 877 695 2633 877 567 2634 878 696 2635 878 568 2636 878 567 2637 879 695 2638 879 696 2639 879 568 2640 880 697 2641 880 569 2642 880 568 2643 881 696 2644 881 697 2645 881 569 2646 882 698 2647 882 570 2648 882 569 2649 883 697 2650 883 698 2651 883 570 2652 884 699 2653 884 571 2654 884 570 2655 885 698 2656 885 699 2657 885 571 2658 886 700 2659 886 572 2660 886 571 2661 887 699 2662 887 700 2663 887 572 2664 888 701 2665 888 573 2666 888 572 2667 889 700 2668 889 701 2669 889 573 2670 890 702 2671 890 574 2672 890 573 2673 891 701 2674 891 702 2675 891 574 2676 892 703 2677 892 575 2678 892 574 2679 893 702 2680 893 703 2681 893 575 2682 894 704 2683 894 576 2684 894 575 2685 895 703 2686 895 704 2687 895 576 2688 896 705 2689 896 577 2690 896 576 2691 897 704 2692 897 705 2693 897 577 2694 898 706 2695 898 578 2696 898 577 2697 899 705 2698 899 706 2699 899 578 2700 900 707 2701 900 579 2702 900 578 2703 901 706 2704 901 707 2705 901 579 2706 902 708 2707 902 580 2708 902 579 2709 903 707 2710 903 708 2711 903 580 2712 904 709 2713 904 581 2714 904 580 2715 905 708 2716 905 709 2717 905 581 2718 906 710 2719 906 582 2720 906 581 2721 907 709 2722 907 710 2723 907 582 2724 908 711 2725 908 583 2726 908 582 2727 909 710 2728 909 711 2729 909 583 2730 910 712 2731 910 584 2732 910 583 2733 911 711 2734 911 712 2735 911 584 2736 912 713 2737 912 585 2738 912 584 2739 913 712 2740 913 713 2741 913 585 2742 914 714 2743 914 586 2744 914 585 2745 915 713 2746 915 714 2747 915 586 2748 916 715 2749 916 587 2750 916 586 2751 917 714 2752 917 715 2753 917 587 2754 918 716 2755 918 588 2756 918 587 2757 919 715 2758 919 716 2759 919 588 2760 920 717 2761 920 589 2762 920 588 2763 921 716 2764 921 717 2765 921 589 2766 922 718 2767 922 590 2768 922 589 2769 923 717 2770 923 718 2771 923 590 2772 924 719 2773 924 591 2774 924 590 2775 925 718 2776 925 719 2777 925 591 2778 926 720 2779 926 592 2780 926 591 2781 927 719 2782 927 720 2783 927 592 2784 928 721 2785 928 593 2786 928 592 2787 929 720 2788 929 721 2789 929 593 2790 930 722 2791 930 594 2792 930 593 2793 931 721 2794 931 722 2795 931 594 2796 932 723 2797 932 595 2798 932 594 2799 933 722 2800 933 723 2801 933 595 2802 934 724 2803 934 596 2804 934 595 2805 935 723 2806 935 724 2807 935 596 2808 936 725 2809 936 597 2810 936 596 2811 937 724 2812 937 725 2813 937 597 2814 938 726 2815 938 598 2816 938 597 2817 939 725 2818 939 726 2819 939 598 2820 940 727 2821 940 599 2822 940 598 2823 941 726 2824 941 727 2825 941 599 2826 942 728 2827 942 600 2828 942 599 2829 943 727 2830 943 728 2831 943 600 2832 944 729 2833 944 601 2834 944 600 2835 945 728 2836 945 729 2837 945 601 2838 946 730 2839 946 602 2840 946 601 2841 947 729 2842 947 730 2843 947 602 2844 948 731 2845 948 603 2846 948 602 2847 949 730 2848 949 731 2849 949 603 2850 950 732 2851 950 604 2852 950 603 2853 951 731 2854 951 732 2855 951 604 2856 952 733 2857 952 605 2858 952 604 2859 953 732 2860 953 733 2861 953 605 2862 954 734 2863 954 606 2864 954 605 2865 955 733 2866 955 734 2867 955 606 2868 956 735 2869 956 607 2870 956 606 2871 957 734 2872 957 735 2873 957 607 2874 958 736 2875 958 608 2876 958 607 2877 959 735 2878 959 736 2879 959 608 2880 960 737 2881 960 609 2882 960 608 2883 961 736 2884 961 737 2885 961 609 2886 962 738 2887 962 610 2888 962 609 2889 963 737 2890 963 738 2891 963 610 2892 964 739 2893 964 611 2894 964 610 2895 965 738 2896 965 739 2897 965 611 2898 966 740 2899 966 612 2900 966 611 2901 967 739 2902 967 740 2903 967 612 2904 968 741 2905 968 613 2906 968 612 2907 969 740 2908 969 741 2909 969 613 2910 970 742 2911 970 614 2912 970 613 2913 971 741 2914 971 742 2915 971 614 2916 972 743 2917 972 615 2918 972 614 2919 973 742 2920 973 743 2921 973 615 2922 974 744 2923 974 616 2924 974 615 2925 975 743 2926 975 744 2927 975 616 2928 976 745 2929 976 617 2930 976 616 2931 977 744 2932 977 745 2933 977 617 2934 978 746 2935 978 618 2936 978 617 2937 979 745 2938 979 746 2939 979 618 2940 980 747 2941 980 619 2942 980 618 2943 981 746 2944 981 747 2945 981 619 2946 982 748 2947 982 620 2948 982 619 2949 983 747 2950 983 748 2951 983 620 2952 984 749 2953 984 621 2954 984 620 2955 985 748 2956 985 749 2957 985 621 2958 986 750 2959 986 622 2960 986 621 2961 987 749 2962 987 750 2963 987 622 2964 988 751 2965 988 623 2966 988 622 2967 989 750 2968 989 751 2969 989 623 2970 990 752 2971 990 624 2972 990 623 2973 991 751 2974 991 752 2975 991 624 2976 992 753 2977 992 625 2978 992 624 2979 993 752 2980 993 753 2981 993 625 2982 994 754 2983 994 626 2984 994 625 2985 995 753 2986 995 754 2987 995 626 2988 996 755 2989 996 627 2990 996 626 2991 997 754 2992 997 755 2993 997 627 2994 998 756 2995 998 628 2996 998 627 2997 999 755 2998 999 756 2999 999 628 3000 1000 757 3001 1000 629 3002 1000 628 3003 1001 756 3004 1001 757 3005 1001 629 3006 1002 758 3007 1002 630 3008 1002 629 3009 1003 757 3010 1003 758 3011 1003 630 3012 1004 759 3013 1004 631 3014 1004 630 3015 1005 758 3016 1005 759 3017 1005 631 3018 1006 760 3019 1006 632 3020 1006 631 3021 1007 759 3022 1007 760 3023 1007 632 3024 1008 761 3025 1008 633 3026 1008 632 3027 1009 760 3028 1009 761 3029 1009 633 3030 1010 762 3031 1010 634 3032 1010 633 3033 1011 761 3034 1011 762 3035 1011 634 3036 1012 763 3037 1012 635 3038 1012 634 3039 1013 762 3040 1013 763 3041 1013 635 3042 1014 764 3043 1014 636 3044 1014 635 3045 1015 763 3046 1015 764 3047 1015 636 3048 1016 765 3049 1016 637 3050 1016 636 3051 1017 764 3052 1017 765 3053 1017 637 3054 1018 766 3055 1018 638 3056 1018 637 3057 1019 765 3058 1019 766 3059 1019 638 3060 1020 767 3061 1020 639 3062 1020 638 3063 1021 766 3064 1021 767 3065 1021 639 3066 1022 640 3067 1022 512 3068 1022 639 3069 1023 767 3070 1023 640 3071 1023 640 3072 1024 769 3073 1024 641 3074 1024 640 3075 1025 768 3076 1025 769 3077 1025 641 3078 1026 770 3079 1026 642 3080 1026 641 3081 1027 769 3082 1027 770 3083 1027 642 3084 1028 771 3085 1028 643 3086 1028 642 3087 1029 770 3088 1029 771 3089 1029 643 3090 1030 772 3091 1030 644 3092 1030 643 3093 1031 771 3094 1031 772 3095 1031 644 3096 1032 773 3097 1032 645 3098 1032 644 3099 1033 772 3100 1033 773 3101 1033 645 3102 1034 774 3103 1034 646 3104 1034 645 3105 1035 773 3106 1035 774 3107 1035 646 3108 1036 775 3109 1036 647 3110 1036 646 3111 1037 774 3112 1037 775 3113 1037 647 3114 1038 776 3115 1038 648 3116 1038 647 3117 1039 775 3118 1039 776 3119 1039 648 3120 1040 777 3121 1040 649 3122 1040 648 3123 1041 776 3124 1041 777 3125 1041 649 3126 1042 778 3127 1042 650 3128 1042 649 3129 1043 777 3130 1043 778 3131 1043 650 3132 1044 779 3133 1044 651 3134 1044 650 3135 1045 778 3136 1045 779 3137 1045 651 3138 1046 780 3139 1046 652 3140 1046 651 3141 1047 779 3142 1047 780 3143 1047 652 3144 1048 781 3145 1048 653 3146 1048 652 3147 1049 780 3148 1049 781 3149 1049 653 3150 1050 782 3151 1050 654 3152 1050 653 3153 1051 781 3154 1051 782 3155 1051 654 3156 1052 783 3157 1052 655 3158 1052 654 3159 1053 782 3160 1053 783 3161 1053 655 3162 1054 784 3163 1054 656 3164 1054 655 3165 1055 783 3166 1055 784 3167 1055 656 3168 1056 785 3169 1056 657 3170 1056 656 3171 1057 784 3172 1057 785 3173 1057 657 3174 1058 786 3175 1058 658 3176 1058 657 3177 1059 785 3178 1059 786 3179 1059 658 3180 1060 787 3181 1060 659 3182 1060 658 3183 1061 786 3184 1061 787 3185 1061 659 3186 1062 788 3187 1062 660 3188 1062 659 3189 1063 787 3190 1063 788 3191 1063 660 3192 1064 789 3193 1064 661 3194 1064 660 3195 1065 788 3196 1065 789 3197 1065 661 3198 1066 790 3199 1066 662 3200 1066 661 3201 1067 789 3202 1067 790 3203 1067 662 3204 1068 791 3205 1068 663 3206 1068 662 3207 1069 790 3208 1069 791 3209 1069 663 3210 1070 792 3211 1070 664 3212 1070 663 3213 1071 791 3214 1071 792 3215 1071 664 3216 1072 793 3217 1072 665 3218 1072 664 3219 1073 792 3220 1073 793 3221 1073 665 3222 1074 794 3223 1074 666 3224 1074 665 3225 1075 793 3226 1075 794 3227 1075 666 3228 1076 795 3229 1076 667 3230 1076 666 3231 1077 794 3232 1077 795 3233 1077 667 3234 1078 796 3235 1078 668 3236 1078 667 3237 1079 795 3238 1079 796 3239 1079 668 3240 1080 797 3241 1080 669 3242 1080 668 3243 1081 796 3244 1081 797 3245 1081 669 3246 1082 798 3247 1082 670 3248 1082 669 3249 1083 797 3250 1083 798 3251 1083 670 3252 1084 799 3253 1084 671 3254 1084 670 3255 1085 798 3256 1085 799 3257 1085 671 3258 1086 800 3259 1086 672 3260 1086 671 3261 1087 799 3262 1087 800 3263 1087 672 3264 1088 801 3265 1088 673 3266 1088 672 3267 1089 800 3268 1089 801 3269 1089 673 3270 1090 802 3271 1090 674 3272 1090 673 3273 1091 801 3274 1091 802 3275 1091 674 3276 1092 803 3277 1092 675 3278 1092 674 3279 1093 802 3280 1093 803 3281 1093 675 3282 1094 804 3283 1094 676 3284 1094 675 3285 1095 803 3286 1095 804 3287 1095 676 3288 1096 805 3289 1096 677 3290 1096 676 3291 1097 804 3292 1097 805 3293 1097 677 3294 1098 806 3295 1098 678 3296 1098 677 3297 1099 805 3298 1099 806 3299 1099 678 3300 1100 807 3301 1100 679 3302 1100 678 3303 1101 806 3304 1101 807 3305 1101 679 3306 1102 808 3307 1102 680 3308 1102 679 3309 1103 807 3310 1103 808 3311 1103 680 3312 1104 809 3313 1104 681 3314 1104 680 3315 1105 808 3316 1105 809 3317 1105 681 3318 1106 810 3319 1106 682 3320 1106 681 3321 1107 809 3322 1107 810 3323 1107 682 3324 1108 811 3325 1108 683 3326 1108 682 3327 1109 810 3328 1109 811 3329 1109 683 3330 1110 812 3331 1110 684 3332 1110 683 3333 1111 811 3334 1111 812 3335 1111 684 3336 1112 813 3337 1112 685 3338 1112 684 3339 1113 812 3340 1113 813 3341 1113 685 3342 1114 814 3343 1114 686 3344 1114 685 3345 1115 813 3346 1115 814 3347 1115 686 3348 1116 815 3349 1116 687 3350 1116 686 3351 1117 814 3352 1117 815 3353 1117 687 3354 1118 816 3355 1118 688 3356 1118 687 3357 1119 815 3358 1119 816 3359 1119 688 3360 1120 817 3361 1120 689 3362 1120 688 3363 1121 816 3364 1121 817 3365 1121 689 3366 1122 818 3367 1122 690 3368 1122 689 3369 1123 817 3370 1123 818 3371 1123 690 3372 1124 819 3373 1124 691 3374 1124 690 3375 1125 818 3376 1125 819 3377 1125 691 3378 1126 820 3379 1126 692 3380 1126 691 3381 1127 819 3382 1127 820 3383 1127 692 3384 1128 821 3385 1128 693 3386 1128 692 3387 1129 820 3388 1129 821 3389 1129 693 3390 1130 822 3391 1130 694 3392 1130 693 3393 1131 821 3394 1131 822 3395 1131 694 3396 1132 823 3397 1132 695 3398 1132 694 3399 1133 822 3400 1133 823 3401 1133 695 3402 1134 824 3403 1134 696 3404 1134 695 3405 1135 823 3406 1135 824 3407 1135 696 3408 1136 825 3409 1136 697 3410 1136 696 3411 1137 824 3412 1137 825 3413 1137 697 3414 1138 826 3415 1138 698 3416 1138 697 3417 1139 825 3418 1139 826 3419 1139 698 3420 1140 827 3421 1140 699 3422 1140 698 3423 1141 826 3424 1141 827 3425 1141 699 3426 1142 828 3427 1142 700 3428 1142 699 3429 1143 827 3430 1143 828 3431 1143 700 3432 1144 829 3433 1144 701 3434 1144 700 3435 1145 828 3436 1145 829 3437 1145 701 3438 1146 830 3439 1146 702 3440 1146 701 3441 1147 829 3442 1147 830 3443 1147 702 3444 1148 831 3445 1148 703 3446 1148 702 3447 1149 830 3448 1149 831 3449 1149 703 3450 1150 832 3451 1150 704 3452 1150 703 3453 1151 831 3454 1151 832 3455 1151 704 3456 1152 833 3457 1152 705 3458 1152 704 3459 1153 832 3460 1153 833 3461 1153 705 3462 1154 834 3463 1154 706 3464 1154 705 3465 1155 833 3466 1155 834 3467 1155 706 3468 1156 835 3469 1156 707 3470 1156 706 3471 1157 834 3472 1157 835 3473 1157 707 3474 1158 836 3475 1158 708 3476 1158 707 3477 1159 835 3478 1159 836 3479 1159 708 3480 1160 837 3481 1160 709 3482 1160 708 3483 1161 836 3484 1161 837 3485 1161 709 3486 1162 838 3487 1162 710 3488 1162 709 3489 1163 837 3490 1163 838 3491 1163 710 3492 1164 839 3493 1164 711 3494 1164 710 3495 1165 838 3496 1165 839 3497 1165 711 3498 1166 840 3499 1166 712 3500 1166 711 3501 1167 839 3502 1167 840 3503 1167 712 3504 1168 841 3505 1168 713 3506 1168 712 3507 1169 840 3508 1169 841 3509 1169 713 3510 1170 842 3511 1170 714 3512 1170 713 3513 1171 841 3514 1171 842 3515 1171 714 3516 1172 843 3517 1172 715 3518 1172 714 3519 1173 842 3520 1173 843 3521 1173 715 3522 1174 844 3523 1174 716 3524 1174 715 3525 1175 843 3526 1175 844 3527 1175 716 3528 1176 845 3529 1176 717 3530 1176 716 3531 1177 844 3532 1177 845 3533 1177 717 3534 1178 846 3535 1178 718 3536 1178 717 3537 1179 845 3538 1179 846 3539 1179 718 3540 1180 847 3541 1180 719 3542 1180 718 3543 1181 846 3544 1181 847 3545 1181 719 3546 1182 848 3547 1182 720 3548 1182 719 3549 1183 847 3550 1183 848 3551 1183 720 3552 1184 849 3553 1184 721 3554 1184 720 3555 1185 848 3556 1185 849 3557 1185 721 3558 1186 850 3559 1186 722 3560 1186 721 3561 1187 849 3562 1187 850 3563 1187 722 3564 1188 851 3565 1188 723 3566 1188 722 3567 1189 850 3568 1189 851 3569 1189 723 3570 1190 852 3571 1190 724 3572 1190 723 3573 1191 851 3574 1191 852 3575 1191 724 3576 1192 853 3577 1192 725 3578 1192 724 3579 1193 852 3580 1193 853 3581 1193 725 3582 1194 854 3583 1194 726 3584 1194 725 3585 1195 853 3586 1195 854 3587 1195 726 3588 1196 855 3589 1196 727 3590 1196 726 3591 1197 854 3592 1197 855 3593 1197 727 3594 1198 856 3595 1198 728 3596 1198 727 3597 1199 855 3598 1199 856 3599 1199 728 3600 1200 857 3601 1200 729 3602 1200 728 3603 1201 856 3604 1201 857 3605 1201 729 3606 1202 858 3607 1202 730 3608 1202 729 3609 1203 857 3610 1203 858 3611 1203 730 3612 1204 859 3613 1204 731 3614 1204 730 3615 1205 858 3616 1205 859 3617 1205 731 3618 1206 860 3619 1206 732 3620 1206 731 3621 1207 859 3622 1207 860 3623 1207 732 3624 1208 861 3625 1208 733 3626 1208 732 3627 1209 860 3628 1209 861 3629 1209 733 3630 1210 862 3631 1210 734 3632 1210 733 3633 1211 861 3634 1211 862 3635 1211 734 3636 1212 863 3637 1212 735 3638 1212 734 3639 1213 862 3640 1213 863 3641 1213 735 3642 1214 864 3643 1214 736 3644 1214 735 3645 1215 863 3646 1215 864 3647 1215 736 3648 1216 865 3649 1216 737 3650 1216 736 3651 1217 864 3652 1217 865 3653 1217 737 3654 1218 866 3655 1218 738 3656 1218 737 3657 1219 865 3658 1219 866 3659 1219 738 3660 1220 867 3661 1220 739 3662 1220 738 3663 1221 866 3664 1221 867 3665 1221 739 3666 1222 868 3667 1222 740 3668 1222 739 3669 1223 867 3670 1223 868 3671 1223 740 3672 1224 869 3673 1224 741 3674 1224 740 3675 1225 868 3676 1225 869 3677 1225 741 3678 1226 870 3679 1226 742 3680 1226 741 3681 1227 869 3682 1227 870 3683 1227 742 3684 1228 871 3685 1228 743 3686 1228 742 3687 1229 870 3688 1229 871 3689 1229 743 3690 1230 872 3691 1230 744 3692 1230 743 3693 1231 871 3694 1231 872 3695 1231 744 3696 1232 873 3697 1232 745 3698 1232 744 3699 1233 872 3700 1233 873 3701 1233 745 3702 1234 874 3703 1234 746 3704 1234 745 3705 1235 873 3706 1235 874 3707 1235 746 3708 1236 875 3709 1236 747 3710 1236 746 3711 1237 874 3712 1237 875 3713 1237 747 3714 1238 876 3715 1238 748 3716 1238 747 3717 1239 875 3718 1239 876 3719 1239 748 3720 1240 877 3721 1240 749 3722 1240 748 3723 1241 876 3724 1241 877 3725 1241 749 3726 1242 878 3727 1242 750 3728 1242 749 3729 1243 877 3730 1243 878 3731 1243 750 3732 1244 879 3733 1244 751 3734 1244 750 3735 1245 878 3736 1245 879 3737 1245 751 3738 1246 880 3739 1246 752 3740 1246 751 3741 1247 879 3742 1247 880 3743 1247 752 3744 1248 881 3745 1248 753 3746 1248 752 3747 1249 880 3748 1249 881 3749 1249 753 3750 1250 882 3751 1250 754 3752 1250 753 3753 1251 881 3754 1251 882 3755 1251 754 3756 1252 883 3757 1252 755 3758 1252 754 3759 1253 882 3760 1253 883 3761 1253 755 3762 1254 884 3763 1254 756 3764 1254 755 3765 1255 883 3766 1255 884 3767 1255 756 3768 1256 885 3769 1256 757 3770 1256 756 3771 1257 884 3772 1257 885 3773 1257 757 3774 1258 886 3775 1258 758 3776 1258 757 3777 1259 885 3778 1259 886 3779 1259 758 3780 1260 887 3781 1260 759 3782 1260 758 3783 1261 886 3784 1261 887 3785 1261 759 3786 1262 888 3787 1262 760 3788 1262 759 3789 1263 887 3790 1263 888 3791 1263 760 3792 1264 889 3793 1264 761 3794 1264 760 3795 1265 888 3796 1265 889 3797 1265 761 3798 1266 890 3799 1266 762 3800 1266 761 3801 1267 889 3802 1267 890 3803 1267 762 3804 1268 891 3805 1268 763 3806 1268 762 3807 1269 890 3808 1269 891 3809 1269 763 3810 1270 892 3811 1270 764 3812 1270 763 3813 1271 891 3814 1271 892 3815 1271 764 3816 1272 893 3817 1272 765 3818 1272 764 3819 1273 892 3820 1273 893 3821 1273 765 3822 1274 894 3823 1274 766 3824 1274 765 3825 1275 893 3826 1275 894 3827 1275 766 3828 1276 895 3829 1276 767 3830 1276 766 3831 1277 894 3832 1277 895 3833 1277 767 3834 1278 768 3835 1278 640 3836 1278 767 3837 1279 895 3838 1279 768 3839 1279 768 3840 1280 897 3841 1280 769 3842 1280 768 3843 1281 896 3844 1281 897 3845 1281 769 3846 1282 898 3847 1282 770 3848 1282 769 3849 1283 897 3850 1283 898 3851 1283 770 3852 1284 899 3853 1284 771 3854 1284 770 3855 1285 898 3856 1285 899 3857 1285 771 3858 1286 900 3859 1286 772 3860 1286 771 3861 1287 899 3862 1287 900 3863 1287 772 3864 1288 901 3865 1288 773 3866 1288 772 3867 1289 900 3868 1289 901 3869 1289 773 3870 1290 902 3871 1290 774 3872 1290 773 3873 1291 901 3874 1291 902 3875 1291 774 3876 1292 903 3877 1292 775 3878 1292 774 3879 1293 902 3880 1293 903 3881 1293 775 3882 1294 904 3883 1294 776 3884 1294 775 3885 1295 903 3886 1295 904 3887 1295 776 3888 1296 905 3889 1296 777 3890 1296 776 3891 1297 904 3892 1297 905 3893 1297 777 3894 1298 906 3895 1298 778 3896 1298 777 3897 1299 905 3898 1299 906 3899 1299 778 3900 1300 907 3901 1300 779 3902 1300 778 3903 1301 906 3904 1301 907 3905 1301 779 3906 1302 908 3907 1302 780 3908 1302 779 3909 1303 907 3910 1303 908 3911 1303 780 3912 1304 909 3913 1304 781 3914 1304 780 3915 1305 908 3916 1305 909 3917 1305 781 3918 1306 910 3919 1306 782 3920 1306 781 3921 1307 909 3922 1307 910 3923 1307 782 3924 1308 911 3925 1308 783 3926 1308 782 3927 1309 910 3928 1309 911 3929 1309 783 3930 1310 912 3931 1310 784 3932 1310 783 3933 1311 911 3934 1311 912 3935 1311 784 3936 1312 913 3937 1312 785 3938 1312 784 3939 1313 912 3940 1313 913 3941 1313 785 3942 1314 914 3943 1314 786 3944 1314 785 3945 1315 913 3946 1315 914 3947 1315 786 3948 1316 915 3949 1316 787 3950 1316 786 3951 1317 914 3952 1317 915 3953 1317 787 3954 1318 916 3955 1318 788 3956 1318 787 3957 1319 915 3958 1319 916 3959 1319 788 3960 1320 917 3961 1320 789 3962 1320 788 3963 1321 916 3964 1321 917 3965 1321 789 3966 1322 918 3967 1322 790 3968 1322 789 3969 1323 917 3970 1323 918 3971 1323 790 3972 1324 919 3973 1324 791 3974 1324 790 3975 1325 918 3976 1325 919 3977 1325 791 3978 1326 920 3979 1326 792 3980 1326 791 3981 1327 919 3982 1327 920 3983 1327 792 3984 1328 921 3985 1328 793 3986 1328 792 3987 1329 920 3988 1329 921 3989 1329 793 3990 1330 922 3991 1330 794 3992 1330 793 3993 1331 921 3994 1331 922 3995 1331 794 3996 1332 923 3997 1332 795 3998 1332 794 3999 1333 922 4000 1333 923 4001 1333 795 4002 1334 924 4003 1334 796 4004 1334 795 4005 1335 923 4006 1335 924 4007 1335 796 4008 1336 925 4009 1336 797 4010 1336 796 4011 1337 924 4012 1337 925 4013 1337 797 4014 1338 926 4015 1338 798 4016 1338 797 4017 1339 925 4018 1339 926 4019 1339 798 4020 1340 927 4021 1340 799 4022 1340 798 4023 1341 926 4024 1341 927 4025 1341 799 4026 1342 928 4027 1342 800 4028 1342 799 4029 1343 927 4030 1343 928 4031 1343 800 4032 1344 929 4033 1344 801 4034 1344 800 4035 1345 928 4036 1345 929 4037 1345 801 4038 1346 930 4039 1346 802 4040 1346 801 4041 1347 929 4042 1347 930 4043 1347 802 4044 1348 931 4045 1348 803 4046 1348 802 4047 1349 930 4048 1349 931 4049 1349 803 4050 1350 932 4051 1350 804 4052 1350 803 4053 1351 931 4054 1351 932 4055 1351 804 4056 1352 933 4057 1352 805 4058 1352 804 4059 1353 932 4060 1353 933 4061 1353 805 4062 1354 934 4063 1354 806 4064 1354 805 4065 1355 933 4066 1355 934 4067 1355 806 4068 1356 935 4069 1356 807 4070 1356 806 4071 1357 934 4072 1357 935 4073 1357 807 4074 1358 936 4075 1358 808 4076 1358 807 4077 1359 935 4078 1359 936 4079 1359 808 4080 1360 937 4081 1360 809 4082 1360 808 4083 1361 936 4084 1361 937 4085 1361 809 4086 1362 938 4087 1362 810 4088 1362 809 4089 1363 937 4090 1363 938 4091 1363 810 4092 1364 939 4093 1364 811 4094 1364 810 4095 1365 938 4096 1365 939 4097 1365 811 4098 1366 940 4099 1366 812 4100 1366 811 4101 1367 939 4102 1367 940 4103 1367 812 4104 1368 941 4105 1368 813 4106 1368 812 4107 1369 940 4108 1369 941 4109 1369 813 4110 1370 942 4111 1370 814 4112 1370 813 4113 1371 941 4114 1371 942 4115 1371 814 4116 1372 943 4117 1372 815 4118 1372 814 4119 1373 942 4120 1373 943 4121 1373 815 4122 1374 944 4123 1374 816 4124 1374 815 4125 1375 943 4126 1375 944 4127 1375 816 4128 1376 945 4129 1376 817 4130 1376 816 4131 1377 944 4132 1377 945 4133 1377 817 4134 1378 946 4135 1378 818 4136 1378 817 4137 1379 945 4138 1379 946 4139 1379 818 4140 1380 947 4141 1380 819 4142 1380 818 4143 1381 946 4144 1381 947 4145 1381 819 4146 1382 948 4147 1382 820 4148 1382 819 4149 1383 947 4150 1383 948 4151 1383 820 4152 1384 949 4153 1384 821 4154 1384 820 4155 1385 948 4156 1385 949 4157 1385 821 4158 1386 950 4159 1386 822 4160 1386 821 4161 1387 949 4162 1387 950 4163 1387 822 4164 1388 951 4165 1388 823 4166 1388 822 4167 1389 950 4168 1389 951 4169 1389 823 4170 1390 952 4171 1390 824 4172 1390 823 4173 1391 951 4174 1391 952 4175 1391 824 4176 1392 953 4177 1392 825 4178 1392 824 4179 1393 952 4180 1393 953 4181 1393 825 4182 1394 954 4183 1394 826 4184 1394 825 4185 1395 953 4186 1395 954 4187 1395 826 4188 1396 955 4189 1396 827 4190 1396 826 4191 1397 954 4192 1397 955 4193 1397 827 4194 1398 956 4195 1398 828 4196 1398 827 4197 1399 955 4198 1399 956 4199 1399 828 4200 1400 957 4201 1400 829 4202 1400 828 4203 1401 956 4204 1401 957 4205 1401 829 4206 1402 958 4207 1402 830 4208 1402 829 4209 1403 957 4210 1403 958 4211 1403 830 4212 1404 959 4213 1404 831 4214 1404 830 4215 1405 958 4216 1405 959 4217 1405 831 4218 1406 960 4219 1406 832 4220 1406 831 4221 1407 959 4222 1407 960 4223 1407 832 4224 1408 961 4225 1408 833 4226 1408 832 4227 1409 960 4228 1409 961 4229 1409 833 4230 1410 962 4231 1410 834 4232 1410 833 4233 1411 961 4234 1411 962 4235 1411 834 4236 1412 963 4237 1412 835 4238 1412 834 4239 1413 962 4240 1413 963 4241 1413 835 4242 1414 964 4243 1414 836 4244 1414 835 4245 1415 963 4246 1415 964 4247 1415 836 4248 1416 965 4249 1416 837 4250 1416 836 4251 1417 964 4252 1417 965 4253 1417 837 4254 1418 966 4255 1418 838 4256 1418 837 4257 1419 965 4258 1419 966 4259 1419 838 4260 1420 967 4261 1420 839 4262 1420 838 4263 1421 966 4264 1421 967 4265 1421 839 4266 1422 968 4267 1422 840 4268 1422 839 4269 1423 967 4270 1423 968 4271 1423 840 4272 1424 969 4273 1424 841 4274 1424 840 4275 1425 968 4276 1425 969 4277 1425 841 4278 1426 970 4279 1426 842 4280 1426 841 4281 1427 969 4282 1427 970 4283 1427 842 4284 1428 971 4285 1428 843 4286 1428 842 4287 1429 970 4288 1429 971 4289 1429 843 4290 1430 972 4291 1430 844 4292 1430 843 4293 1431 971 4294 1431 972 4295 1431 844 4296 1432 973 4297 1432 845 4298 1432 844 4299 1433 972 4300 1433 973 4301 1433 845 4302 1434 974 4303 1434 846 4304 1434 845 4305 1435 973 4306 1435 974 4307 1435 846 4308 1436 975 4309 1436 847 4310 1436 846 4311 1437 974 4312 1437 975 4313 1437 847 4314 1438 976 4315 1438 848 4316 1438 847 4317 1439 975 4318 1439 976 4319 1439 848 4320 1440 977 4321 1440 849 4322 1440 848 4323 1441 976 4324 1441 977 4325 1441 849 4326 1442 978 4327 1442 850 4328 1442 849 4329 1443 977 4330 1443 978 4331 1443 850 4332 1444 979 4333 1444 851 4334 1444 850 4335 1445 978 4336 1445 979 4337 1445 851 4338 1446 980 4339 1446 852 4340 1446 851 4341 1447 979 4342 1447 980 4343 1447 852 4344 1448 981 4345 1448 853 4346 1448 852 4347 1449 980 4348 1449 981 4349 1449 853 4350 1450 982 4351 1450 854 4352 1450 853 4353 1451 981 4354 1451 982 4355 1451 854 4356 1452 983 4357 1452 855 4358 1452 854 4359 1453 982 4360 1453 983 4361 1453 855 4362 1454 984 4363 1454 856 4364 1454 855 4365 1455 983 4366 1455 984 4367 1455 856 4368 1456 985 4369 1456 857 4370 1456 856 4371 1457 984 4372 1457 985 4373 1457 857 4374 1458 986 4375 1458 858 4376 1458 857 4377 1459 985 4378 1459 986 4379 1459 858 4380 1460 987 4381 1460 859 4382 1460 858 4383 1461 986 4384 1461 987 4385 1461 859 4386 1462 988 4387 1462 860 4388 1462 859 4389 1463 987 4390 1463 988 4391 1463 860 4392 1464 989 4393 1464 861 4394 1464 860 4395 1465 988 4396 1465 989 4397 1465 861 4398 1466 990 4399 1466 862 4400 1466 861 4401 1467 989 4402 1467 990 4403 1467 862 4404 1468 991 4405 1468 863 4406 1468 862 4407 1469 990 4408 1469 991 4409 1469 863 4410 1470 992 4411 1470 864 4412 1470 863 4413 1471 991 4414 1471 992 4415 1471 864 4416 1472 993 4417 1472 865 4418 1472 864 4419 1473 992 4420 1473 993 4421 1473 865 4422 1474 994 4423 1474 866 4424 1474 865 4425 1475 993 4426 1475 994 4427 1475 866 4428 1476 995 4429 1476 867 4430 1476 866 4431 1477 994 4432 1477 995 4433 1477 867 4434 1478 996 4435 1478 868 4436 1478 867 4437 1479 995 4438 1479 996 4439 1479 868 4440 1480 997 4441 1480 869 4442 1480 868 4443 1481 996 4444 1481 997 4445 1481 869 4446 1482 998 4447 1482 870 4448 1482 869 4449 1483 997 4450 1483 998 4451 1483 870 4452 1484 999 4453 1484 871 4454 1484 870 4455 1485 998 4456 1485 999 4457 1485 871 4458 1486 1000 4459 1486 872 4460 1486 871 4461 1487 999 4462 1487 1000 4463 1487 872 4464 1488 1001 4465 1488 873 4466 1488 872 4467 1489 1000 4468 1489 1001 4469 1489 873 4470 1490 1002 4471 1490 874 4472 1490 873 4473 1491 1001 4474 1491 1002 4475 1491 874 4476 1492 1003 4477 1492 875 4478 1492 874 4479 1493 1002 4480 1493 1003 4481 1493 875 4482 1494 1004 4483 1494 876 4484 1494 875 4485 1495 1003 4486 1495 1004 4487 1495 876 4488 1496 1005 4489 1496 877 4490 1496 876 4491 1497 1004 4492 1497 1005 4493 1497 877 4494 1498 1006 4495 1498 878 4496 1498 877 4497 1499 1005 4498 1499 1006 4499 1499 878 4500 1500 1007 4501 1500 879 4502 1500 878 4503 1501 1006 4504 1501 1007 4505 1501 879 4506 1502 1008 4507 1502 880 4508 1502 879 4509 1503 1007 4510 1503 1008 4511 1503 880 4512 1504 1009 4513 1504 881 4514 1504 880 4515 1505 1008 4516 1505 1009 4517 1505 881 4518 1506 1010 4519 1506 882 4520 1506 881 4521 1507 1009 4522 1507 1010 4523 1507 882 4524 1508 1011 4525 1508 883 4526 1508 882 4527 1509 1010 4528 1509 1011 4529 1509 883 4530 1510 1012 4531 1510 884 4532 1510 883 4533 1511 1011 4534 1511 1012 4535 1511 884 4536 1512 1013 4537 1512 885 4538 1512 884 4539 1513 1012 4540 1513 1013 4541 1513 885 4542 1514 1014 4543 1514 886 4544 1514 885 4545 1515 1013 4546 1515 1014 4547 1515 886 4548 1516 1015 4549 1516 887 4550 1516 886 4551 1517 1014 4552 1517 1015 4553 1517 887 4554 1518 1016 4555 1518 888 4556 1518 887 4557 1519 1015 4558 1519 1016 4559 1519 888 4560 1520 1017 4561 1520 889 4562 1520 888 4563 1521 1016 4564 1521 1017 4565 1521 889 4566 1522 1018 4567 1522 890 4568 1522 889 4569 1523 1017 4570 1523 1018 4571 1523 890 4572 1524 1019 4573 1524 891 4574 1524 890 4575 1525 1018 4576 1525 1019 4577 1525 891 4578 1526 1020 4579 1526 892 4580 1526 891 4581 1527 1019 4582 1527 1020 4583 1527 892 4584 1528 1021 4585 1528 893 4586 1528 892 4587 1529 1020 4588 1529 1021 4589 1529 893 4590 1530 1022 4591 1530 894 4592 1530 893 4593 1531 1021 4594 1531 1022 4595 1531 894 4596 1532 1023 4597 1532 895 4598 1532 894 4599 1533 1022 4600 1533 1023 4601 1533 895 4602 1534 896 4603 1534 768 4604 1534 895 4605 1535 1023 4606 1535 896 4607 1535 384 4608 1536 385 4609 1536 897 4610 1536 384 4611 1537 897 4612 1537 896 4613 1537 0 4614 1538 513 4615 1538 1 4616 1538 0 4617 1539 512 4618 1539 513 4619 1539 385 4620 1540 386 4621 1540 898 4622 1540 385 4623 1541 898 4624 1541 897 4625 1541 1 4626 1542 514 4627 1542 2 4628 1542 1 4629 1543 513 4630 1543 514 4631 1543 386 4632 1544 387 4633 1544 899 4634 1544 386 4635 1545 899 4636 1545 898 4637 1545 2 4638 1546 515 4639 1546 3 4640 1546 2 4641 1547 514 4642 1547 515 4643 1547 387 4644 1548 388 4645 1548 900 4646 1548 387 4647 1549 900 4648 1549 899 4649 1549 3 4650 1550 516 4651 1550 4 4652 1550 3 4653 1551 515 4654 1551 516 4655 1551 388 4656 1552 389 4657 1552 901 4658 1552 388 4659 1553 901 4660 1553 900 4661 1553 4 4662 1554 517 4663 1554 5 4664 1554 4 4665 1555 516 4666 1555 517 4667 1555 389 4668 1556 390 4669 1556 902 4670 1556 389 4671 1557 902 4672 1557 901 4673 1557 5 4674 1558 518 4675 1558 6 4676 1558 5 4677 1559 517 4678 1559 518 4679 1559 390 4680 1560 391 4681 1560 903 4682 1560 390 4683 1561 903 4684 1561 902 4685 1561 6 4686 1562 519 4687 1562 7 4688 1562 6 4689 1563 518 4690 1563 519 4691 1563 391 4692 1564 392 4693 1564 904 4694 1564 391 4695 1565 904 4696 1565 903 4697 1565 7 4698 1566 520 4699 1566 8 4700 1566 7 4701 1567 519 4702 1567 520 4703 1567 392 4704 1568 393 4705 1568 905 4706 1568 392 4707 1569 905 4708 1569 904 4709 1569 8 4710 1570 521 4711 1570 9 4712 1570 8 4713 1571 520 4714 1571 521 4715 1571 393 4716 1572 394 4717 1572 906 4718 1572 393 4719 1573 906 4720 1573 905 4721 1573 9 4722 1574 522 4723 1574 10 4724 1574 9 4725 1575 521 4726 1575 522 4727 1575 394 4728 1576 395 4729 1576 907 4730 1576 394 4731 1577 907 4732 1577 906 4733 1577 10 4734 1578 523 4735 1578 11 4736 1578 10 4737 1579 522 4738 1579 523 4739 1579 395 4740 1580 396 4741 1580 908 4742 1580 395 4743 1581 908 4744 1581 907 4745 1581 11 4746 1582 524 4747 1582 12 4748 1582 11 4749 1583 523 4750 1583 524 4751 1583 396 4752 1584 397 4753 1584 909 4754 1584 396 4755 1585 909 4756 1585 908 4757 1585 12 4758 1586 525 4759 1586 13 4760 1586 12 4761 1587 524 4762 1587 525 4763 1587 397 4764 1588 398 4765 1588 910 4766 1588 397 4767 1589 910 4768 1589 909 4769 1589 13 4770 1590 526 4771 1590 14 4772 1590 13 4773 1591 525 4774 1591 526 4775 1591 398 4776 1592 399 4777 1592 911 4778 1592 398 4779 1593 911 4780 1593 910 4781 1593 14 4782 1594 527 4783 1594 15 4784 1594 14 4785 1595 526 4786 1595 527 4787 1595 399 4788 1596 400 4789 1596 912 4790 1596 399 4791 1597 912 4792 1597 911 4793 1597 15 4794 1598 528 4795 1598 16 4796 1598 15 4797 1599 527 4798 1599 528 4799 1599 400 4800 1600 401 4801 1600 913 4802 1600 400 4803 1601 913 4804 1601 912 4805 1601 16 4806 1602 529 4807 1602 17 4808 1602 16 4809 1603 528 4810 1603 529 4811 1603 401 4812 1604 402 4813 1604 914 4814 1604 401 4815 1605 914 4816 1605 913 4817 1605 17 4818 1606 530 4819 1606 18 4820 1606 17 4821 1607 529 4822 1607 530 4823 1607 402 4824 1608 403 4825 1608 915 4826 1608 402 4827 1609 915 4828 1609 914 4829 1609 18 4830 1610 531 4831 1610 19 4832 1610 18 4833 1611 530 4834 1611 531 4835 1611 403 4836 1612 404 4837 1612 916 4838 1612 403 4839 1613 916 4840 1613 915 4841 1613 19 4842 1614 532 4843 1614 20 4844 1614 19 4845 1615 531 4846 1615 532 4847 1615 404 4848 1616 405 4849 1616 917 4850 1616 404 4851 1617 917 4852 1617 916 4853 1617 20 4854 1618 533 4855 1618 21 4856 1618 20 4857 1619 532 4858 1619 533 4859 1619 405 4860 1620 406 4861 1620 918 4862 1620 405 4863 1621 918 4864 1621 917 4865 1621 21 4866 1622 534 4867 1622 22 4868 1622 21 4869 1623 533 4870 1623 534 4871 1623 406 4872 1624 407 4873 1624 919 4874 1624 406 4875 1625 919 4876 1625 918 4877 1625 22 4878 1626 535 4879 1626 23 4880 1626 22 4881 1627 534 4882 1627 535 4883 1627 407 4884 1628 408 4885 1628 920 4886 1628 407 4887 1629 920 4888 1629 919 4889 1629 23 4890 1630 536 4891 1630 24 4892 1630 23 4893 1631 535 4894 1631 536 4895 1631 408 4896 1632 409 4897 1632 921 4898 1632 408 4899 1633 921 4900 1633 920 4901 1633 24 4902 1634 537 4903 1634 25 4904 1634 24 4905 1635 536 4906 1635 537 4907 1635 409 4908 1636 410 4909 1636 922 4910 1636 409 4911 1637 922 4912 1637 921 4913 1637 25 4914 1638 538 4915 1638 26 4916 1638 25 4917 1639 537 4918 1639 538 4919 1639 410 4920 1640 411 4921 1640 923 4922 1640 410 4923 1641 923 4924 1641 922 4925 1641 26 4926 1642 539 4927 1642 27 4928 1642 26 4929 1643 538 4930 1643 539 4931 1643 411 4932 1644 412 4933 1644 924 4934 1644 411 4935 1645 924 4936 1645 923 4937 1645 27 4938 1646 540 4939 1646 28 4940 1646 27 4941 1647 539 4942 1647 540 4943 1647 412 4944 1648 413 4945 1648 925 4946 1648 412 4947 1649 925 4948 1649 924 4949 1649 28 4950 1650 541 4951 1650 29 4952 1650 28 4953 1651 540 4954 1651 541 4955 1651 413 4956 1652 414 4957 1652 926 4958 1652 413 4959 1653 926 4960 1653 925 4961 1653 29 4962 1654 542 4963 1654 30 4964 1654 29 4965 1655 541 4966 1655 542 4967 1655 414 4968 1656 415 4969 1656 927 4970 1656 414 4971 1657 927 4972 1657 926 4973 1657 30 4974 1658 543 4975 1658 31 4976 1658 30 4977 1659 542 4978 1659 543 4979 1659 415 4980 1660 416 4981 1660 928 4982 1660 415 4983 1661 928 4984 1661 927 4985 1661 31 4986 1662 544 4987 1662 32 4988 1662 31 4989 1663 543 4990 1663 544 4991 1663 416 4992 1664 417 4993 1664 929 4994 1664 416 4995 1665 929 4996 1665 928 4997 1665 32 4998 1666 545 4999 1666 33 5000 1666 32 5001 1667 544 5002 1667 545 5003 1667 417 5004 1668 418 5005 1668 930 5006 1668 417 5007 1669 930 5008 1669 929 5009 1669 33 5010 1670 546 5011 1670 34 5012 1670 33 5013 1671 545 5014 1671 546 5015 1671 418 5016 1672 419 5017 1672 931 5018 1672 418 5019 1673 931 5020 1673 930 5021 1673 34 5022 1674 547 5023 1674 35 5024 1674 34 5025 1675 546 5026 1675 547 5027 1675 419 5028 1676 420 5029 1676 932 5030 1676 419 5031 1677 932 5032 1677 931 5033 1677 35 5034 1678 548 5035 1678 36 5036 1678 35 5037 1679 547 5038 1679 548 5039 1679 420 5040 1680 421 5041 1680 933 5042 1680 420 5043 1681 933 5044 1681 932 5045 1681 36 5046 1682 549 5047 1682 37 5048 1682 36 5049 1683 548 5050 1683 549 5051 1683 421 5052 1684 422 5053 1684 934 5054 1684 421 5055 1685 934 5056 1685 933 5057 1685 37 5058 1686 550 5059 1686 38 5060 1686 37 5061 1687 549 5062 1687 550 5063 1687 422 5064 1688 423 5065 1688 935 5066 1688 422 5067 1689 935 5068 1689 934 5069 1689 38 5070 1690 551 5071 1690 39 5072 1690 38 5073 1691 550 5074 1691 551 5075 1691 423 5076 1692 424 5077 1692 936 5078 1692 423 5079 1693 936 5080 1693 935 5081 1693 39 5082 1694 552 5083 1694 40 5084 1694 39 5085 1695 551 5086 1695 552 5087 1695 424 5088 1696 425 5089 1696 937 5090 1696 424 5091 1697 937 5092 1697 936 5093 1697 40 5094 1698 553 5095 1698 41 5096 1698 40 5097 1699 552 5098 1699 553 5099 1699 425 5100 1700 426 5101 1700 938 5102 1700 425 5103 1701 938 5104 1701 937 5105 1701 41 5106 1702 554 5107 1702 42 5108 1702 41 5109 1703 553 5110 1703 554 5111 1703 426 5112 1704 427 5113 1704 939 5114 1704 426 5115 1705 939 5116 1705 938 5117 1705 42 5118 1706 555 5119 1706 43 5120 1706 42 5121 1707 554 5122 1707 555 5123 1707 427 5124 1708 428 5125 1708 940 5126 1708 427 5127 1709 940 5128 1709 939 5129 1709 43 5130 1710 556 5131 1710 44 5132 1710 43 5133 1711 555 5134 1711 556 5135 1711 428 5136 1712 429 5137 1712 941 5138 1712 428 5139 1713 941 5140 1713 940 5141 1713 44 5142 1714 557 5143 1714 45 5144 1714 44 5145 1715 556 5146 1715 557 5147 1715 429 5148 1716 430 5149 1716 942 5150 1716 429 5151 1717 942 5152 1717 941 5153 1717 45 5154 1718 558 5155 1718 46 5156 1718 45 5157 1719 557 5158 1719 558 5159 1719 430 5160 1720 431 5161 1720 943 5162 1720 430 5163 1721 943 5164 1721 942 5165 1721 46 5166 1722 559 5167 1722 47 5168 1722 46 5169 1723 558 5170 1723 559 5171 1723 431 5172 1724 432 5173 1724 944 5174 1724 431 5175 1725 944 5176 1725 943 5177 1725 47 5178 1726 560 5179 1726 48 5180 1726 47 5181 1727 559 5182 1727 560 5183 1727 432 5184 1728 433 5185 1728 945 5186 1728 432 5187 1729 945 5188 1729 944 5189 1729 48 5190 1730 561 5191 1730 49 5192 1730 48 5193 1731 560 5194 1731 561 5195 1731 433 5196 1732 434 5197 1732 946 5198 1732 433 5199 1733 946 5200 1733 945 5201 1733 49 5202 1734 562 5203 1734 50 5204 1734 49 5205 1735 561 5206 1735 562 5207 1735 434 5208 1736 435 5209 1736 947 5210 1736 434 5211 1737 947 5212 1737 946 5213 1737 50 5214 1738 563 5215 1738 51 5216 1738 50 5217 1739 562 5218 1739 563 5219 1739 435 5220 1740 436 5221 1740 948 5222 1740 435 5223 1741 948 5224 1741 947 5225 1741 51 5226 1742 564 5227 1742 52 5228 1742 51 5229 1743 563 5230 1743 564 5231 1743 436 5232 1744 437 5233 1744 949 5234 1744 436 5235 1745 949 5236 1745 948 5237 1745 52 5238 1746 565 5239 1746 53 5240 1746 52 5241 1747 564 5242 1747 565 5243 1747 437 5244 1748 438 5245 1748 950 5246 1748 437 5247 1749 950 5248 1749 949 5249 1749 53 5250 1750 566 5251 1750 54 5252 1750 53 5253 1751 565 5254 1751 566 5255 1751 438 5256 1752 439 5257 1752 951 5258 1752 438 5259 1753 951 5260 1753 950 5261 1753 54 5262 1754 567 5263 1754 55 5264 1754 54 5265 1755 566 5266 1755 567 5267 1755 439 5268 1756 440 5269 1756 952 5270 1756 439 5271 1757 952 5272 1757 951 5273 1757 55 5274 1758 568 5275 1758 56 5276 1758 55 5277 1759 567 5278 1759 568 5279 1759 440 5280 1760 441 5281 1760 953 5282 1760 440 5283 1761 953 5284 1761 952 5285 1761 56 5286 1762 569 5287 1762 57 5288 1762 56 5289 1763 568 5290 1763 569 5291 1763 441 5292 1764 442 5293 1764 954 5294 1764 441 5295 1765 954 5296 1765 953 5297 1765 57 5298 1766 570 5299 1766 58 5300 1766 57 5301 1767 569 5302 1767 570 5303 1767 442 5304 1768 443 5305 1768 955 5306 1768 442 5307 1769 955 5308 1769 954 5309 1769 58 5310 1770 571 5311 1770 59 5312 1770 58 5313 1771 570 5314 1771 571 5315 1771 443 5316 1772 444 5317 1772 956 5318 1772 443 5319 1773 956 5320 1773 955 5321 1773 59 5322 1774 572 5323 1774 60 5324 1774 59 5325 1775 571 5326 1775 572 5327 1775 444 5328 1776 445 5329 1776 957 5330 1776 444 5331 1777 957 5332 1777 956 5333 1777 60 5334 1778 573 5335 1778 61 5336 1778 60 5337 1779 572 5338 1779 573 5339 1779 445 5340 1780 446 5341 1780 958 5342 1780 445 5343 1781 958 5344 1781 957 5345 1781 61 5346 1782 574 5347 1782 62 5348 1782 61 5349 1783 573 5350 1783 574 5351 1783 446 5352 1784 447 5353 1784 959 5354 1784 446 5355 1785 959 5356 1785 958 5357 1785 62 5358 1786 575 5359 1786 63 5360 1786 62 5361 1787 574 5362 1787 575 5363 1787 447 5364 1788 448 5365 1788 960 5366 1788 447 5367 1789 960 5368 1789 959 5369 1789 63 5370 1790 576 5371 1790 64 5372 1790 63 5373 1791 575 5374 1791 576 5375 1791 448 5376 1792 449 5377 1792 961 5378 1792 448 5379 1793 961 5380 1793 960 5381 1793 64 5382 1794 577 5383 1794 65 5384 1794 64 5385 1795 576 5386 1795 577 5387 1795 449 5388 1796 450 5389 1796 962 5390 1796 449 5391 1797 962 5392 1797 961 5393 1797 65 5394 1798 578 5395 1798 66 5396 1798 65 5397 1799 577 5398 1799 578 5399 1799 450 5400 1800 451 5401 1800 963 5402 1800 450 5403 1801 963 5404 1801 962 5405 1801 66 5406 1802 579 5407 1802 67 5408 1802 66 5409 1803 578 5410 1803 579 5411 1803 451 5412 1804 452 5413 1804 964 5414 1804 451 5415 1805 964 5416 1805 963 5417 1805 67 5418 1806 580 5419 1806 68 5420 1806 67 5421 1807 579 5422 1807 580 5423 1807 452 5424 1808 453 5425 1808 965 5426 1808 452 5427 1809 965 5428 1809 964 5429 1809 68 5430 1810 581 5431 1810 69 5432 1810 68 5433 1811 580 5434 1811 581 5435 1811 453 5436 1812 454 5437 1812 966 5438 1812 453 5439 1813 966 5440 1813 965 5441 1813 69 5442 1814 582 5443 1814 70 5444 1814 69 5445 1815 581 5446 1815 582 5447 1815 454 5448 1816 455 5449 1816 967 5450 1816 454 5451 1817 967 5452 1817 966 5453 1817 70 5454 1818 583 5455 1818 71 5456 1818 70 5457 1819 582 5458 1819 583 5459 1819 455 5460 1820 456 5461 1820 968 5462 1820 455 5463 1821 968 5464 1821 967 5465 1821 71 5466 1822 584 5467 1822 72 5468 1822 71 5469 1823 583 5470 1823 584 5471 1823 456 5472 1824 457 5473 1824 969 5474 1824 456 5475 1825 969 5476 1825 968 5477 1825 72 5478 1826 585 5479 1826 73 5480 1826 72 5481 1827 584 5482 1827 585 5483 1827 457 5484 1828 458 5485 1828 970 5486 1828 457 5487 1829 970 5488 1829 969 5489 1829 73 5490 1830 586 5491 1830 74 5492 1830 73 5493 1831 585 5494 1831 586 5495 1831 458 5496 1832 459 5497 1832 971 5498 1832 458 5499 1833 971 5500 1833 970 5501 1833 74 5502 1834 587 5503 1834 75 5504 1834 74 5505 1835 586 5506 1835 587 5507 1835 459 5508 1836 460 5509 1836 972 5510 1836 459 5511 1837 972 5512 1837 971 5513 1837 75 5514 1838 588 5515 1838 76 5516 1838 75 5517 1839 587 5518 1839 588 5519 1839 460 5520 1840 461 5521 1840 973 5522 1840 460 5523 1841 973 5524 1841 972 5525 1841 76 5526 1842 589 5527 1842 77 5528 1842 76 5529 1843 588 5530 1843 589 5531 1843 461 5532 1844 462 5533 1844 974 5534 1844 461 5535 1845 974 5536 1845 973 5537 1845 77 5538 1846 590 5539 1846 78 5540 1846 77 5541 1847 589 5542 1847 590 5543 1847 462 5544 1848 463 5545 1848 975 5546 1848 462 5547 1849 975 5548 1849 974 5549 1849 78 5550 1850 591 5551 1850 79 5552 1850 78 5553 1851 590 5554 1851 591 5555 1851 463 5556 1852 464 5557 1852 976 5558 1852 463 5559 1853 976 5560 1853 975 5561 1853 79 5562 1854 592 5563 1854 80 5564 1854 79 5565 1855 591 5566 1855 592 5567 1855 464 5568 1856 465 5569 1856 977 5570 1856 464 5571 1857 977 5572 1857 976 5573 1857 80 5574 1858 593 5575 1858 81 5576 1858 80 5577 1859 592 5578 1859 593 5579 1859 465 5580 1860 466 5581 1860 978 5582 1860 465 5583 1861 978 5584 1861 977 5585 1861 81 5586 1862 594 5587 1862 82 5588 1862 81 5589 1863 593 5590 1863 594 5591 1863 466 5592 1864 467 5593 1864 979 5594 1864 466 5595 1865 979 5596 1865 978 5597 1865 82 5598 1866 595 5599 1866 83 5600 1866 82 5601 1867 594 5602 1867 595 5603 1867 467 5604 1868 468 5605 1868 980 5606 1868 467 5607 1869 980 5608 1869 979 5609 1869 83 5610 1870 596 5611 1870 84 5612 1870 83 5613 1871 595 5614 1871 596 5615 1871 468 5616 1872 469 5617 1872 981 5618 1872 468 5619 1873 981 5620 1873 980 5621 1873 84 5622 1874 597 5623 1874 85 5624 1874 84 5625 1875 596 5626 1875 597 5627 1875 469 5628 1876 470 5629 1876 982 5630 1876 469 5631 1877 982 5632 1877 981 5633 1877 85 5634 1878 598 5635 1878 86 5636 1878 85 5637 1879 597 5638 1879 598 5639 1879 470 5640 1880 471 5641 1880 983 5642 1880 470 5643 1881 983 5644 1881 982 5645 1881 86 5646 1882 599 5647 1882 87 5648 1882 86 5649 1883 598 5650 1883 599 5651 1883 471 5652 1884 472 5653 1884 984 5654 1884 471 5655 1885 984 5656 1885 983 5657 1885 87 5658 1886 600 5659 1886 88 5660 1886 87 5661 1887 599 5662 1887 600 5663 1887 472 5664 1888 473 5665 1888 985 5666 1888 472 5667 1889 985 5668 1889 984 5669 1889 88 5670 1890 601 5671 1890 89 5672 1890 88 5673 1891 600 5674 1891 601 5675 1891 473 5676 1892 474 5677 1892 986 5678 1892 473 5679 1893 986 5680 1893 985 5681 1893 89 5682 1894 602 5683 1894 90 5684 1894 89 5685 1895 601 5686 1895 602 5687 1895 474 5688 1896 475 5689 1896 987 5690 1896 474 5691 1897 987 5692 1897 986 5693 1897 90 5694 1898 603 5695 1898 91 5696 1898 90 5697 1899 602 5698 1899 603 5699 1899 475 5700 1900 476 5701 1900 988 5702 1900 475 5703 1901 988 5704 1901 987 5705 1901 91 5706 1902 604 5707 1902 92 5708 1902 91 5709 1903 603 5710 1903 604 5711 1903 476 5712 1904 477 5713 1904 989 5714 1904 476 5715 1905 989 5716 1905 988 5717 1905 92 5718 1906 605 5719 1906 93 5720 1906 92 5721 1907 604 5722 1907 605 5723 1907 477 5724 1908 478 5725 1908 990 5726 1908 477 5727 1909 990 5728 1909 989 5729 1909 93 5730 1910 606 5731 1910 94 5732 1910 93 5733 1911 605 5734 1911 606 5735 1911 478 5736 1912 479 5737 1912 991 5738 1912 478 5739 1913 991 5740 1913 990 5741 1913 94 5742 1914 607 5743 1914 95 5744 1914 94 5745 1915 606 5746 1915 607 5747 1915 479 5748 1916 480 5749 1916 992 5750 1916 479 5751 1917 992 5752 1917 991 5753 1917 95 5754 1918 608 5755 1918 96 5756 1918 95 5757 1919 607 5758 1919 608 5759 1919 480 5760 1920 481 5761 1920 993 5762 1920 480 5763 1921 993 5764 1921 992 5765 1921 96 5766 1922 609 5767 1922 97 5768 1922 96 5769 1923 608 5770 1923 609 5771 1923 481 5772 1924 482 5773 1924 994 5774 1924 481 5775 1925 994 5776 1925 993 5777 1925 97 5778 1926 610 5779 1926 98 5780 1926 97 5781 1927 609 5782 1927 610 5783 1927 482 5784 1928 483 5785 1928 995 5786 1928 482 5787 1929 995 5788 1929 994 5789 1929 98 5790 1930 611 5791 1930 99 5792 1930 98 5793 1931 610 5794 1931 611 5795 1931 483 5796 1932 484 5797 1932 996 5798 1932 483 5799 1933 996 5800 1933 995 5801 1933 99 5802 1934 612 5803 1934 100 5804 1934 99 5805 1935 611 5806 1935 612 5807 1935 484 5808 1936 485 5809 1936 997 5810 1936 484 5811 1937 997 5812 1937 996 5813 1937 100 5814 1938 613 5815 1938 101 5816 1938 100 5817 1939 612 5818 1939 613 5819 1939 485 5820 1940 486 5821 1940 998 5822 1940 485 5823 1941 998 5824 1941 997 5825 1941 101 5826 1942 614 5827 1942 102 5828 1942 101 5829 1943 613 5830 1943 614 5831 1943 486 5832 1944 487 5833 1944 999 5834 1944 486 5835 1945 999 5836 1945 998 5837 1945 102 5838 1946 615 5839 1946 103 5840 1946 102 5841 1947 614 5842 1947 615 5843 1947 487 5844 1948 488 5845 1948 1000 5846 1948 487 5847 1949 1000 5848 1949 999 5849 1949 103 5850 1950 616 5851 1950 104 5852 1950 103 5853 1951 615 5854 1951 616 5855 1951 488 5856 1952 489 5857 1952 1001 5858 1952 488 5859 1953 1001 5860 1953 1000 5861 1953 104 5862 1954 617 5863 1954 105 5864 1954 104 5865 1955 616 5866 1955 617 5867 1955 489 5868 1956 490 5869 1956 1002 5870 1956 489 5871 1957 1002 5872 1957 1001 5873 1957 105 5874 1958 618 5875 1958 106 5876 1958 105 5877 1959 617 5878 1959 618 5879 1959 490 5880 1960 491 5881 1960 1003 5882 1960 490 5883 1961 1003 5884 1961 1002 5885 1961 106 5886 1962 619 5887 1962 107 5888 1962 106 5889 1963 618 5890 1963 619 5891 1963 491 5892 1964 492 5893 1964 1004 5894 1964 491 5895 1965 1004 5896 1965 1003 5897 1965 107 5898 1966 620 5899 1966 108 5900 1966 107 5901 1967 619 5902 1967 620 5903 1967 492 5904 1968 493 5905 1968 1005 5906 1968 492 5907 1969 1005 5908 1969 1004 5909 1969 108 5910 1970 621 5911 1970 109 5912 1970 108 5913 1971 620 5914 1971 621 5915 1971 493 5916 1972 494 5917 1972 1006 5918 1972 493 5919 1973 1006 5920 1973 1005 5921 1973 109 5922 1974 622 5923 1974 110 5924 1974 109 5925 1975 621 5926 1975 622 5927 1975 494 5928 1976 495 5929 1976 1007 5930 1976 494 5931 1977 1007 5932 1977 1006 5933 1977 110 5934 1978 623 5935 1978 111 5936 1978 110 5937 1979 622 5938 1979 623 5939 1979 495 5940 1980 496 5941 1980 1008 5942 1980 495 5943 1981 1008 5944 1981 1007 5945 1981 111 5946 1982 624 5947 1982 112 5948 1982 111 5949 1983 623 5950 1983 624 5951 1983 496 5952 1984 497 5953 1984 1009 5954 1984 496 5955 1985 1009 5956 1985 1008 5957 1985 112 5958 1986 625 5959 1986 113 5960 1986 112 5961 1987 624 5962 1987 625 5963 1987 497 5964 1988 498 5965 1988 1010 5966 1988 497 5967 1989 1010 5968 1989 1009 5969 1989 113 5970 1990 626 5971 1990 114 5972 1990 113 5973 1991 625 5974 1991 626 5975 1991 498 5976 1992 499 5977 1992 1011 5978 1992 498 5979 1993 1011 5980 1993 1010 5981 1993 114 5982 1994 627 5983 1994 115 5984 1994 114 5985 1995 626 5986 1995 627 5987 1995 499 5988 1996 500 5989 1996 1012 5990 1996 499 5991 1997 1012 5992 1997 1011 5993 1997 115 5994 1998 628 5995 1998 116 5996 1998 115 5997 1999 627 5998 1999 628 5999 1999 500 6000 2000 501 6001 2000 1013 6002 2000 500 6003 2001 1013 6004 2001 1012 6005 2001 116 6006 2002 629 6007 2002 117 6008 2002 116 6009 2003 628 6010 2003 629 6011 2003 501 6012 2004 502 6013 2004 1014 6014 2004 501 6015 2005 1014 6016 2005 1013 6017 2005 117 6018 2006 630 6019 2006 118 6020 2006 117 6021 2007 629 6022 2007 630 6023 2007 502 6024 2008 503 6025 2008 1015 6026 2008 502 6027 2009 1015 6028 2009 1014 6029 2009 118 6030 2010 631 6031 2010 119 6032 2010 118 6033 2011 630 6034 2011 631 6035 2011 503 6036 2012 504 6037 2012 1016 6038 2012 503 6039 2013 1016 6040 2013 1015 6041 2013 119 6042 2014 632 6043 2014 120 6044 2014 119 6045 2015 631 6046 2015 632 6047 2015 504 6048 2016 505 6049 2016 1017 6050 2016 504 6051 2017 1017 6052 2017 1016 6053 2017 120 6054 2018 633 6055 2018 121 6056 2018 120 6057 2019 632 6058 2019 633 6059 2019 505 6060 2020 506 6061 2020 1018 6062 2020 505 6063 2021 1018 6064 2021 1017 6065 2021 121 6066 2022 634 6067 2022 122 6068 2022 121 6069 2023 633 6070 2023 634 6071 2023 506 6072 2024 507 6073 2024 1019 6074 2024 506 6075 2025 1019 6076 2025 1018 6077 2025 122 6078 2026 635 6079 2026 123 6080 2026 122 6081 2027 634 6082 2027 635 6083 2027 507 6084 2028 508 6085 2028 1020 6086 2028 507 6087 2029 1020 6088 2029 1019 6089 2029 123 6090 2030 636 6091 2030 124 6092 2030 123 6093 2031 635 6094 2031 636 6095 2031 508 6096 2032 509 6097 2032 1021 6098 2032 508 6099 2033 1021 6100 2033 1020 6101 2033 124 6102 2034 637 6103 2034 125 6104 2034 124 6105 2035 636 6106 2035 637 6107 2035 509 6108 2036 510 6109 2036 1022 6110 2036 509 6111 2037 1022 6112 2037 1021 6113 2037 125 6114 2038 638 6115 2038 126 6116 2038 125 6117 2039 637 6118 2039 638 6119 2039 510 6120 2040 511 6121 2040 1023 6122 2040 510 6123 2041 1023 6124 2041 1022 6125 2041 126 6126 2042 639 6127 2042 127 6128 2042 126 6129 2043 638 6130 2043 639 6131 2043 511 6132 2044 384 6133 2044 896 6134 2044 511 6135 2045 896 6136 2045 1023 6137 2045 127 6138 2046 512 6139 2046 0 6140 2046 127 6141 2047 639 6142 2047 512 6143 2047</p></triangles></mesh></geometry></library_geometries><library_visual_scenes><visual_scene id="Scene" name="Scene"><node id="tag" name="tag" type="NODE"><instance_geometry url="#tag_housing_geo"><bind_material><technique_common><instance_material symbol="yellow_mat_symbol" target="#yellow_mat"><bind_vertex_input semantic="UVMap" input_semantic="TEXCOORD" input_set="0" /></instance_material></technique_common></bind_material></instance_geometry></node></visual_scene></library_visual_scenes><scene><instance_visual_scene url="#Scene" /></scene></COLLADA>