v 0.0033000 0.0000000 -0.0092500
v 0.0033000 0.0001621 -0.0092500
v 0.0033000 0.0003250 -0.0092500
v 0.0033000 0.0004895 -0.0092500
v 0.0033000 0.0006564 -0.0092500
v 0.0032951 0.0008254 -0.0092500
v 0.0032754 0.0009936 -0.0092500
v 0.0032400 0.0011593 -0.0092500
v 0.0031892 0.0013210 -0.0092500
v 0.0031233 0.0014772 -0.0092500
v 0.0030431 0.0016266 -0.0092500
v 0.0029491 0.0017676 -0.0092500
v 0.0028421 0.0018990 -0.0092500
v 0.0027234 0.0020198 -0.0092500
v 0.0025940 0.0021288 -0.0092500
v 0.0024550 0.0022251 -0.0092500
v 0.0023079 0.0023079 -0.0092500
v 0.0021539 0.0023765 -0.0092500
v 0.0019945 0.0024303 -0.0092500
v 0.0018311 0.0024689 -0.0092500
v 0.0016652 0.0024922 -0.0092500
v 0.0014971 0.0024978 -0.0092500
v 0.0013351 0.0024978 -0.0092500
v 0.0011814 0.0024979 -0.0092500
v 0.0010347 0.0024979 -0.0092500
v 0.0008938 0.0024979 -0.0092500
v 0.0007577 0.0024979 -0.0092500
v 0.0006257 0.0024979 -0.0092500
v 0.0004969 0.0024979 -0.0092500
v 0.0003705 0.0024979 -0.0092500
v 0.0002460 0.0024979 -0.0092500
v 0.0001227 0.0024979 -0.0092500
v 0.0000000 0.0024979 -0.0092500
v -0.0001227 0.0024979 -0.0092500
v -0.0002460 0.0024980 -0.0092500
v -0.0003705 0.0024980 -0.0092500
v -0.0004969 0.0024980 -0.0092500
v -0.0006257 0.0024980 -0.0092500
v -0.0007578 0.0024980 -0.0092500
v -0.0008938 0.0024980 -0.0092500
v -0.0010347 0.0024980 -0.0092500
v -0.0011815 0.0024980 -0.0092500
v -0.0013352 0.0024980 -0.0092500
v -0.0014973 0.0024980 -0.0092500
v -0.0016691 0.0024980 -0.0092500
v -0.0018527 0.0024981 -0.0092500
v -0.0020501 0.0024981 -0.0092500
v -0.0022641 0.0024981 -0.0092500
v -0.0024981 0.0024981 -0.0092500
v -0.0027562 0.0024981 -0.0092500
v -0.0030440 0.0024981 -0.0092500
v -0.0033684 0.0024982 -0.0092500
v -0.0037388 0.0024982 -0.0092500
v -0.0041680 0.0024982 -0.0092500
v -0.0046739 0.0024982 -0.0092500
v -0.0052822 0.0024983 -0.0092500
v -0.0060315 0.0024983 -0.0092500
v -0.0069825 0.0024984 -0.0092500
v -0.0082364 0.0024985 -0.0092500
v -0.0099749 0.0024986 -0.0092500
v -0.0125621 0.0024988 -0.0092500
v -0.0168472 0.0024990 -0.0092500
v -0.0253789 0.0024996 -0.0092500
v -0.0330450 0.0016234 -0.0092500
v -0.0332979 0.0000000 -0.0092500
v -0.0332979 -0.0016358 -0.0092500
v -0.0332980 -0.0032796 -0.0092500
v -0.0332980 -0.0049393 -0.0092500
v -0.0332981 -0.0066234 -0.0092500
v -0.0332981 -0.0083408 -0.0092500
v -0.0332982 -0.0101009 -0.0092500
v -0.0332983 -0.0119143 -0.0092500
v -0.0332983 -0.0137926 -0.0092500
v -0.0332984 -0.0157490 -0.0092500
v -0.0332985 -0.0177984 -0.0092500
v -0.0332985 -0.0199584 -0.0092500
v -0.0332986 -0.0222494 -0.0092500
v -0.0332987 -0.0246960 -0.0092500
v -0.0332988 -0.0273276 -0.0092500
v -0.0332989 -0.0301804 -0.0092500
v -0.0332990 -0.0332990 -0.0092500
v -0.0332991 -0.0367399 -0.0092500
v -0.0332993 -0.0405753 -0.0092500
v -0.0332994 -0.0448990 -0.0092500
v -0.0332996 -0.0498363 -0.0092500
v -0.0332998 -0.0555573 -0.0092500
v -0.0333000 -0.0622999 -0.0092500
v -0.0303161 -0.0640979 -0.0092500
v -0.0265503 -0.0640982 -0.0092500
v -0.0229348 -0.0640984 -0.0092500
v -0.0194441 -0.0640986 -0.0092500
v -0.0160559 -0.0640988 -0.0092500
v -0.0127501 -0.0640991 -0.0092500
v -0.0095082 -0.0640993 -0.0092500
v -0.0063132 -0.0640995 -0.0092500
v -0.0031490 -0.0640997 -0.0092500
v -0.0000000 -0.0640999 -0.0092500
v 0.0031010 -0.0631217 -0.0092500
v 0.0032988 -0.0334935 -0.0092500
v 0.0032992 -0.0222415 -0.0092500
v 0.0032994 -0.0165872 -0.0092500
v 0.0032995 -0.0131724 -0.0092500
v 0.0032996 -0.0108773 -0.0092500
v 0.0032997 -0.0092219 -0.0092500
v 0.0032997 -0.0079662 -0.0092500
v 0.0032997 -0.0069767 -0.0092500
v 0.0032998 -0.0061734 -0.0092500
v 0.0032998 -0.0055054 -0.0092500
v 0.0032998 -0.0049385 -0.0092500
v 0.0032998 -0.0044493 -0.0092500
v 0.0032998 -0.0040209 -0.0092500
v 0.0032999 -0.0036408 -0.0092500
v 0.0032999 -0.0032999 -0.0092500
v 0.0032999 -0.0029908 -0.0092500
v 0.0032999 -0.0027081 -0.0092500
v 0.0032999 -0.0024474 -0.0092500
v 0.0032999 -0.0022049 -0.0092500
v 0.0032999 -0.0019779 -0.0092500
v 0.0032999 -0.0017638 -0.0092500
v 0.0032999 -0.0015607 -0.0092500
v 0.0032999 -0.0013669 -0.0092500
v 0.0032999 -0.0011807 -0.0092500
v 0.0032999 -0.0010010 -0.0092500
v 0.0032999 -0.0008266 -0.0092500
v 0.0033000 -0.0006564 -0.0092500
v 0.0033000 -0.0004895 -0.0092500
v 0.0033000 -0.0003250 -0.0092500
v 0.0033000 -0.0001621 -0.0092500
v 0.0038000 0.0000000 -0.0082500
v 0.0038000 0.0001867 -0.0082500
v 0.0038000 0.0003743 -0.0082500
v 0.0038000 0.0005637 -0.0082500
v 0.0037986 0.0007556 -0.0082500
v 0.0037861 0.0009484 -0.0082500
v 0.0037574 0.0011398 -0.0082500
v 0.0037119 0.0013281 -0.0082500
v 0.0036511 0.0015123 -0.0082500
v 0.0035753 0.0016910 -0.0082500
v 0.0034842 0.0018623 -0.0082500
v 0.0033790 0.0020253 -0.0082500
v 0.0032609 0.0021789 -0.0082500
v 0.0031306 0.0023218 -0.0082500
v 0.0029885 0.0024526 -0.0082500
v 0.0028366 0.0025710 -0.0082500
v 0.0026763 0.0026763 -0.0082500
v 0.0025078 0.0027669 -0.0082500
v 0.0023332 0.0028430 -0.0082500
v 0.0021543 0.0029047 -0.0082500
v 0.0019716 0.0029507 -0.0082500
v 0.0017869 0.0029813 -0.0082500
v 0.0016021 0.0029972 -0.0082500
v 0.0014176 0.0029972 -0.0082500
v 0.0012415 0.0029973 -0.0082500
v 0.0010724 0.0029973 -0.0082500
v 0.0009092 0.0029973 -0.0082500
v 0.0007508 0.0029973 -0.0082500
v 0.0005962 0.0029973 -0.0082500
v 0.0004446 0.0029973 -0.0082500
v 0.0002952 0.0029973 -0.0082500
v 0.0001473 0.0029974 -0.0082500
v 0.0000000 0.0029974 -0.0082500
v -0.0001473 0.0029974 -0.0082500
v -0.0002952 0.0029974 -0.0082500
v -0.0004446 0.0029974 -0.0082500
v -0.0005962 0.0029974 -0.0082500
v -0.0007508 0.0029974 -0.0082500
v -0.0009093 0.0029974 -0.0082500
v -0.0010725 0.0029975 -0.0082500
v -0.0012416 0.0029975 -0.0082500
v -0.0014177 0.0029975 -0.0082500
v -0.0016022 0.0029975 -0.0082500
v -0.0017966 0.0029975 -0.0082500
v -0.0020029 0.0029975 -0.0082500
v -0.0022231 0.0029976 -0.0082500
v -0.0024600 0.0029976 -0.0082500
v -0.0027169 0.0029976 -0.0082500
v -0.0029976 0.0029976 -0.0082500
v -0.0033074 0.0029976 -0.0082500
v -0.0036527 0.0029977 -0.0082500
v -0.0040419 0.0029977 -0.0082500
v -0.0044864 0.0029977 -0.0082500
v -0.0050015 0.0029978 -0.0082500
v -0.0056086 0.0029978 -0.0082500
v -0.0063385 0.0029979 -0.0082500
v -0.0072377 0.0029980 -0.0082500
v -0.0083790 0.0029981 -0.0082500
v -0.0098837 0.0029982 -0.0082500
v -0.0119701 0.0029984 -0.0082500
v -0.0150751 0.0029986 -0.0082500
v -0.0202180 0.0029991 -0.0082500
v -0.0304586 0.0029999 -0.0082500
v -0.0335938 0.0016504 -0.0082500
v -0.0337973 0.0000000 -0.0082500
v -0.0337973 -0.0016604 -0.0082500
v -0.0337974 -0.0033288 -0.0082500
v -0.0337975 -0.0050134 -0.0082500
v -0.0337976 -0.0067228 -0.0082500
v -0.0337976 -0.0084659 -0.0082500
v -0.0337977 -0.0102524 -0.0082500
v -0.0337978 -0.0120930 -0.0082500
v -0.0337979 -0.0139995 -0.0082500
v -0.0337980 -0.0159852 -0.0082500
v -0.0337981 -0.0180654 -0.0082500
v -0.0337982 -0.0202578 -0.0082500
v -0.0337983 -0.0225833 -0.0082500
v -0.0337984 -0.0250666 -0.0082500
v -0.0337985 -0.0277377 -0.0082500
v -0.0337986 -0.0306333 -0.0082500
v -0.0337987 -0.0337987 -0.0082500
v -0.0337989 -0.0372913 -0.0082500
v -0.0337991 -0.0411843 -0.0082500
v -0.0337993 -0.0455730 -0.0082500
v -0.0337995 -0.0505845 -0.0082500
v -0.0337997 -0.0563915 -0.0082500
v -0.0336841 -0.0630186 -0.0082500
v -0.0305523 -0.0645973 -0.0082500
v -0.0267572 -0.0645976 -0.0082500
v -0.0231135 -0.0645979 -0.0082500
v -0.0195957 -0.0645982 -0.0082500
v -0.0161811 -0.0645985 -0.0082500
v -0.0128495 -0.0645988 -0.0082500
v -0.0095824 -0.0645991 -0.0082500
v -0.0063625 -0.0645993 -0.0082500
v -0.0031736 -0.0645996 -0.0082500
v -0.0000000 -0.0645999 -0.0082500
v 0.0031398 -0.0639122 -0.0082500
v 0.0037983 -0.0385645 -0.0082500
v 0.0037988 -0.0256097 -0.0082500
v 0.0037991 -0.0190995 -0.0082500
v 0.0037993 -0.0151677 -0.0082500
v 0.0037994 -0.0125250 -0.0082500
v 0.0037995 -0.0106189 -0.0082500
v 0.0037996 -0.0091730 -0.0082500
v 0.0037996 -0.0080336 -0.0082500
v 0.0037997 -0.0071087 -0.0082500
v 0.0037997 -0.0063394 -0.0082500
v 0.0037997 -0.0056867 -0.0082500
v 0.0037997 -0.0051234 -0.0082500
v 0.0037998 -0.0046300 -0.0082500
v 0.0037998 -0.0041924 -0.0082500
v 0.0037998 -0.0037998 -0.0082500
v 0.0037998 -0.0034440 -0.0082500
v 0.0037998 -0.0031184 -0.0082500
v 0.0037998 -0.0028182 -0.0082500
v 0.0037999 -0.0025390 -0.0082500
v 0.0037999 -0.0022776 -0.0082500
v 0.0037999 -0.0020311 -0.0082500
v 0.0037999 -0.0017972 -0.0082500
v 0.0037999 -0.0015740 -0.0082500
v 0.0037999 -0.0013596 -0.0082500
v 0.0037999 -0.0011527 -0.0082500
v 0.0037999 -0.0009518 -0.0082500
v 0.0037999 -0.0007559 -0.0082500
v 0.0037999 -0.0005637 -0.0082500
v 0.0038000 -0.0003743 -0.0082500
v 0.0038000 -0.0001867 -0.0082500
v 0.0038000 0.0000000 0.0082500
v 0.0038000 0.0001867 0.0082500
v 0.0038000 0.0003743 0.0082500
v 0.0038000 0.0005637 0.0082500
v 0.0037986 0.0007556 0.0082500
v 0.0037861 0.0009484 0.0082500
v 0.0037574 0.0011398 0.0082500
v 0.0037119 0.0013281 0.0082500
v 0.0036511 0.0015123 0.0082500
v 0.0035753 0.0016910 0.0082500
v 0.0034842 0.0018623 0.0082500
v 0.0033790 0.0020253 0.0082500
v 0.0032609 0.0021789 0.0082500
v 0.0031306 0.0023218 0.0082500
v 0.0029885 0.0024526 0.0082500
v 0.0028366 0.0025710 0.0082500
v 0.0026763 0.0026763 0.0082500
v 0.0025078 0.0027669 0.0082500
v 0.0023332 0.0028430 0.0082500
v 0.0021543 0.0029047 0.0082500
v 0.0019716 0.0029507 0.0082500
v 0.0017869 0.0029813 0.0082500
v 0.0016021 0.0029972 0.0082500
v 0.0014176 0.0029972 0.0082500
v 0.0012415 0.0029973 0.0082500
v 0.0010724 0.0029973 0.0082500
v 0.0009092 0.0029973 0.0082500
v 0.0007508 0.0029973 0.0082500
v 0.0005962 0.0029973 0.0082500
v 0.0004446 0.0029973 0.0082500
v 0.0002952 0.0029973 0.0082500
v 0.0001473 0.0029974 0.0082500
v 0.0000000 0.0029974 0.0082500
v -0.0001473 0.0029974 0.0082500
v -0.0002952 0.0029974 0.0082500
v -0.0004446 0.0029974 0.0082500
v -0.0005962 0.0029974 0.0082500
v -0.0007508 0.0029974 0.0082500
v -0.0009093 0.0029974 0.0082500
v -0.0010725 0.0029975 0.0082500
v -0.0012416 0.0029975 0.0082500
v -0.0014177 0.0029975 0.0082500
v -0.0016022 0.0029975 0.0082500
v -0.0017966 0.0029975 0.0082500
v -0.0020029 0.0029975 0.0082500
v -0.0022231 0.0029976 0.0082500
v -0.0024600 0.0029976 0.0082500
v -0.0027169 0.0029976 0.0082500
v -0.0029976 0.0029976 0.0082500
v -0.0033074 0.0029976 0.0082500
v -0.0036527 0.0029977 0.0082500
v -0.0040419 0.0029977 0.0082500
v -0.0044864 0.0029977 0.0082500
v -0.0050015 0.0029978 0.0082500
v -0.0056086 0.0029978 0.0082500
v -0.0063385 0.0029979 0.0082500
v -0.0072377 0.0029980 0.0082500
v -0.0083790 0.0029981 0.0082500
v -0.0098837 0.0029982 0.0082500
v -0.0119701 0.0029984 0.0082500
v -0.0150751 0.0029986 0.0082500
v -0.0202180 0.0029991 0.0082500
v -0.0304586 0.0029999 0.0082500
v -0.0335938 0.0016504 0.0082500
v -0.0337973 0.0000000 0.0082500
v -0.0337973 -0.0016604 0.0082500
v -0.0337974 -0.0033288 0.0082500
v -0.0337975 -0.0050134 0.0082500
v -0.0337976 -0.0067228 0.0082500
v -0.0337976 -0.0084659 0.0082500
v -0.0337977 -0.0102524 0.0082500
v -0.0337978 -0.0120930 0.0082500
v -0.0337979 -0.0139995 0.0082500
v -0.0337980 -0.0159852 0.0082500
v -0.0337981 -0.0180654 0.0082500
v -0.0337982 -0.0202578 0.0082500
v -0.0337983 -0.0225833 0.0082500
v -0.0337984 -0.0250666 0.0082500
v -0.0337985 -0.0277377 0.0082500
v -0.0337986 -0.0306333 0.0082500
v -0.0337987 -0.0337987 0.0082500
v -0.0337989 -0.0372913 0.0082500
v -0.0337991 -0.0411843 0.0082500
v -0.0337993 -0.0455730 0.0082500
v -0.0337995 -0.0505845 0.0082500
v -0.0337997 -0.0563915 0.0082500
v -0.0336841 -0.0630186 0.0082500
v -0.0305523 -0.0645973 0.0082500
v -0.0267572 -0.0645976 0.0082500
v -0.0231135 -0.0645979 0.0082500
v -0.0195957 -0.0645982 0.0082500
v -0.0161811 -0.0645985 0.0082500
v -0.0128495 -0.0645988 0.0082500
v -0.0095824 -0.0645991 0.0082500
v -0.0063625 -0.0645993 0.0082500
v -0.0031736 -0.0645996 0.0082500
v -0.0000000 -0.0645999 0.0082500
v 0.0031398 -0.0639122 0.0082500
v 0.0037983 -0.0385645 0.0082500
v 0.0037988 -0.0256097 0.0082500
v 0.0037991 -0.0190995 0.0082500
v 0.0037993 -0.0151677 0.0082500
v 0.0037994 -0.0125250 0.0082500
v 0.0037995 -0.0106189 0.0082500
v 0.0037996 -0.0091730 0.0082500
v 0.0037996 -0.0080336 0.0082500
v 0.0037997 -0.0071087 0.0082500
v 0.0037997 -0.0063394 0.0082500
v 0.0037997 -0.0056867 0.0082500
v 0.0037997 -0.0051234 0.0082500
v 0.0037998 -0.0046300 0.0082500
v 0.0037998 -0.0041924 0.0082500
v 0.0037998 -0.0037998 0.0082500
v 0.0037998 -0.0034440 0.0082500
v 0.0037998 -0.0031184 0.0082500
v 0.0037998 -0.0028182 0.0082500
v 0.0037999 -0.0025390 0.0082500
v 0.0037999 -0.0022776 0.0082500
v 0.0037999 -0.0020311 0.0082500
v 0.0037999 -0.0017972 0.0082500
v 0.0037999 -0.0015740 0.0082500
v 0.0037999 -0.0013596 0.0082500
v 0.0037999 -0.0011527 0.0082500
v 0.0037999 -0.0009518 0.0082500
v 0.0037999 -0.0007559 0.0082500
v 0.0037999 -0.0005637 0.0082500
v 0.0038000 -0.0003743 0.0082500
v 0.0038000 -0.0001867 0.0082500
v 0.0033000 0.0000000 0.0092500
v 0.0033000 0.0001621 0.0092500
v 0.0033000 0.0003250 0.0092500
v 0.0033000 0.0004895 0.0092500
v 0.0033000 0.0006564 0.0092500
v 0.0032951 0.0008254 0.0092500
v 0.0032754 0.0009936 0.0092500
v 0.0032400 0.0011593 0.0092500
v 0.0031892 0.0013210 0.0092500
v 0.0031233 0.0014772 0.0092500
v 0.0030431 0.0016266 0.0092500
v 0.0029491 0.0017676 0.0092500
v 0.0028421 0.0018990 0.0092500
v 0.0027234 0.0020198 0.0092500
v 0.0025940 0.0021288 0.0092500
v 0.0024550 0.0022251 0.0092500
v 0.0023079 0.0023079 0.0092500
v 0.0021539 0.0023765 0.0092500
v 0.0019945 0.0024303 0.0092500
v 0.0018311 0.0024689 0.0092500
v 0.0016652 0.0024922 0.0092500
v 0.0014971 0.0024978 0.0092500
v 0.0013351 0.0024978 0.0092500
v 0.0011814 0.0024979 0.0092500
v 0.0010347 0.0024979 0.0092500
v 0.0008938 0.0024979 0.0092500
v 0.0007577 0.0024979 0.0092500
v 0.0006257 0.0024979 0.0092500
v 0.0004969 0.0024979 0.0092500
v 0.0003705 0.0024979 0.0092500
v 0.0002460 0.0024979 0.0092500
v 0.0001227 0.0024979 0.0092500
v 0.0000000 0.0024979 0.0092500
v -0.0001227 0.0024979 0.0092500
v -0.0002460 0.0024980 0.0092500
v -0.0003705 0.0024980 0.0092500
v -0.0004969 0.0024980 0.0092500
v -0.0006257 0.0024980 0.0092500
v -0.0007578 0.0024980 0.0092500
v -0.0008938 0.0024980 0.0092500
v -0.0010347 0.0024980 0.0092500
v -0.0011815 0.0024980 0.0092500
v -0.0013352 0.0024980 0.0092500
v -0.0014973 0.0024980 0.0092500
v -0.0016691 0.0024980 0.0092500
v -0.0018527 0.0024981 0.0092500
v -0.0020501 0.0024981 0.0092500
v -0.0022641 0.0024981 0.0092500
v -0.0024981 0.0024981 0.0092500
v -0.0027562 0.0024981 0.0092500
v -0.0030440 0.0024981 0.0092500
v -0.0033684 0.0024982 0.0092500
v -0.0037388 0.0024982 0.0092500
v -0.0041680 0.0024982 0.0092500
v -0.0046739 0.0024982 0.0092500
v -0.0052822 0.0024983 0.0092500
v -0.0060315 0.0024983 0.0092500
v -0.0069825 0.0024984 0.0092500
v -0.0082364 0.0024985 0.0092500
v -0.0099749 0.0024986 0.0092500
v -0.0125621 0.0024988 0.0092500
v -0.0168472 0.0024990 0.0092500
v -0.0253789 0.0024996 0.0092500
v -0.0330450 0.0016234 0.0092500
v -0.0332979 0.0000000 0.0092500
v -0.0332979 -0.0016358 0.0092500
v -0.0332980 -0.0032796 0.0092500
v -0.0332980 -0.0049393 0.0092500
v -0.0332981 -0.0066234 0.0092500
v -0.0332981 -0.0083408 0.0092500
v -0.0332982 -0.0101009 0.0092500
v -0.0332983 -0.0119143 0.0092500
v -0.0332983 -0.0137926 0.0092500
v -0.0332984 -0.0157490 0.0092500
v -0.0332985 -0.0177984 0.0092500
v -0.0332985 -0.0199584 0.0092500
v -0.0332986 -0.0222494 0.0092500
v -0.0332987 -0.0246960 0.0092500
v -0.0332988 -0.0273276 0.0092500
v -0.0332989 -0.0301804 0.0092500
v -0.0332990 -0.0332990 0.0092500
v -0.0332991 -0.0367399 0.0092500
v -0.0332993 -0.0405753 0.0092500
v -0.0332994 -0.0448990 0.0092500
v -0.0332996 -0.0498363 0.0092500
v -0.0332998 -0.0555573 0.0092500
v -0.0333000 -0.0622999 0.0092500
v -0.0303161 -0.0640979 0.0092500
v -0.0265503 -0.0640982 0.0092500
v -0.0229348 -0.0640984 0.0092500
v -0.0194441 -0.0640986 0.0092500
v -0.0160559 -0.0640988 0.0092500
v -0.0127501 -0.0640991 0.0092500
v -0.0095082 -0.0640993 0.0092500
v -0.0063132 -0.0640995 0.0092500
v -0.0031490 -0.0640997 0.0092500
v -0.0000000 -0.0640999 0.0092500
v 0.0031010 -0.0631217 0.0092500
v 0.0032988 -0.0334935 0.0092500
v 0.0032992 -0.0222415 0.0092500
v 0.0032994 -0.0165872 0.0092500
v 0.0032995 -0.0131724 0.0092500
v 0.0032996 -0.0108773 0.0092500
v 0.0032997 -0.0092219 0.0092500
v 0.0032997 -0.0079662 0.0092500
v 0.0032997 -0.0069767 0.0092500
v 0.0032998 -0.0061734 0.0092500
v 0.0032998 -0.0055054 0.0092500
v 0.0032998 -0.0049385 0.0092500
v 0.0032998 -0.0044493 0.0092500
v 0.0032998 -0.0040209 0.0092500
v 0.0032999 -0.0036408 0.0092500
v 0.0032999 -0.0032999 0.0092500
v 0.0032999 -0.0029908 0.0092500
v 0.0032999 -0.0027081 0.0092500
v 0.0032999 -0.0024474 0.0092500
v 0.0032999 -0.0022049 0.0092500
v 0.0032999 -0.0019779 0.0092500
v 0.0032999 -0.0017638 0.0092500
v 0.0032999 -0.0015607 0.0092500
v 0.0032999 -0.0013669 0.0092500
v 0.0032999 -0.0011807 0.0092500
v 0.0032999 -0.0010010 0.0092500
v 0.0032999 -0.0008266 0.0092500
v 0.0033000 -0.0006564 0.0092500
v 0.0033000 -0.0004895 0.0092500
v 0.0033000 -0.0003250 0.0092500
v 0.0033000 -0.0001621 0.0092500
v 0.0020000 0.0000000 -0.0092500
v 0.0019976 0.0000981 -0.0092500
v 0.0019904 0.0001960 -0.0092500
v 0.0019784 0.0002935 -0.0092500
v 0.0019616 0.0003902 -0.0092500
v 0.0019401 0.0004860 -0.0092500
v 0.0019139 0.0005806 -0.0092500
v 0.0018831 0.0006738 -0.0092500
v 0.0018478 0.0007654 -0.0092500
v 0.0018080 0.0008551 -0.0092500
v 0.0017638 0.0009428 -0.0092500
v 0.0017155 0.0010282 -0.0092500
v 0.0016629 0.0011111 -0.0092500
v 0.0016064 0.0011914 -0.0092500
v 0.0015460 0.0012688 -0.0092500
v 0.0014819 0.0013431 -0.0092500
v 0.0014142 0.0014142 -0.0092500
v 0.0013431 0.0014819 -0.0092500
v 0.0012688 0.0015460 -0.0092500
v 0.0011914 0.0016064 -0.0092500
v 0.0011111 0.0016629 -0.0092500
v 0.0010282 0.0017155 -0.0092500
v 0.0009428 0.0017638 -0.0092500
v 0.0008551 0.0018080 -0.0092500
v 0.0007654 0.0018478 -0.0092500
v 0.0006738 0.0018831 -0.0092500
v 0.0005806 0.0019139 -0.0092500
v 0.0004860 0.0019401 -0.0092500
v 0.0003902 0.0019616 -0.0092500
v 0.0002935 0.0019784 -0.0092500
v 0.0001960 0.0019904 -0.0092500
v 0.0000981 0.0019976 -0.0092500
v 0.0000000 0.0020000 -0.0092500
v -0.0000981 0.0019976 -0.0092500
v -0.0001960 0.0019904 -0.0092500
v -0.0002935 0.0019784 -0.0092500
v -0.0003902 0.0019616 -0.0092500
v -0.0004860 0.0019401 -0.0092500
v -0.0005806 0.0019139 -0.0092500
v -0.0006738 0.0018831 -0.0092500
v -0.0007654 0.0018478 -0.0092500
v -0.0008551 0.0018080 -0.0092500
v -0.0009428 0.0017638 -0.0092500
v -0.0010282 0.0017155 -0.0092500
v -0.0011111 0.0016629 -0.0092500
v -0.0011914 0.0016064 -0.0092500
v -0.0012688 0.0015460 -0.0092500
v -0.0013431 0.0014819 -0.0092500
v -0.0014142 0.0014142 -0.0092500
v -0.0014819 0.0013431 -0.0092500
v -0.0015460 0.0012688 -0.0092500
v -0.0016064 0.0011914 -0.0092500
v -0.0016629 0.0011111 -0.0092500
v -0.0017155 0.0010282 -0.0092500
v -0.0017638 0.0009428 -0.0092500
v -0.0018080 0.0008551 -0.0092500
v -0.0018478 0.0007654 -0.0092500
v -0.0018831 0.0006738 -0.0092500
v -0.0019139 0.0005806 -0.0092500
v -0.0019401 0.0004860 -0.0092500
v -0.0019616 0.0003902 -0.0092500
v -0.0019784 0.0002935 -0.0092500
v -0.0019904 0.0001960 -0.0092500
v -0.0019976 0.0000981 -0.0092500
v -0.0020000 0.0000000 -0.0092500
v -0.0019976 -0.0000981 -0.0092500
v -0.0019904 -0.0001960 -0.0092500
v -0.0019784 -0.0002935 -0.0092500
v -0.0019616 -0.0003902 -0.0092500
v -0.0019401 -0.0004860 -0.0092500
v -0.0019139 -0.0005806 -0.0092500
v -0.0018831 -0.0006738 -0.0092500
v -0.0018478 -0.0007654 -0.0092500
v -0.0018080 -0.0008551 -0.0092500
v -0.0017638 -0.0009428 -0.0092500
v -0.0017155 -0.0010282 -0.0092500
v -0.0016629 -0.0011111 -0.0092500
v -0.0016064 -0.0011914 -0.0092500
v -0.0015460 -0.0012688 -0.0092500
v -0.0014819 -0.0013431 -0.0092500
v -0.0014142 -0.0014142 -0.0092500
v -0.0013431 -0.0014819 -0.0092500
v -0.0012688 -0.0015460 -0.0092500
v -0.0011914 -0.0016064 -0.0092500
v -0.0011111 -0.0016629 -0.0092500
v -0.0010282 -0.0017155 -0.0092500
v -0.0009428 -0.0017638 -0.0092500
v -0.0008551 -0.0018080 -0.0092500
v -0.0007654 -0.0018478 -0.0092500
v -0.0006738 -0.0018831 -0.0092500
v -0.0005806 -0.0019139 -0.0092500
v -0.0004860 -0.0019401 -0.0092500
v -0.0003902 -0.0019616 -0.0092500
v -0.0002935 -0.0019784 -0.0092500
v -0.0001960 -0.0019904 -0.0092500
v -0.0000981 -0.0019976 -0.0092500
v -0.0000000 -0.0020000 -0.0092500
v 0.0000981 -0.0019976 -0.0092500
v 0.0001960 -0.0019904 -0.0092500
v 0.0002935 -0.0019784 -0.0092500
v 0.0003902 -0.0019616 -0.0092500
v 0.0004860 -0.0019401 -0.0092500
v 0.0005806 -0.0019139 -0.0092500
v 0.0006738 -0.0018831 -0.0092500
v 0.0007654 -0.0018478 -0.0092500
v 0.0008551 -0.0018080 -0.0092500
v 0.0009428 -0.0017638 -0.0092500
v 0.0010282 -0.0017155 -0.0092500
v 0.0011111 -0.0016629 -0.0092500
v 0.0011914 -0.0016064 -0.0092500
v 0.0012688 -0.0015460 -0.0092500
v 0.0013431 -0.0014819 -0.0092500
v 0.0014142 -0.0014142 -0.0092500
v 0.0014819 -0.0013431 -0.0092500
v 0.0015460 -0.0012688 -0.0092500
v 0.0016064 -0.0011914 -0.0092500
v 0.0016629 -0.0011111 -0.0092500
v 0.0017155 -0.0010282 -0.0092500
v 0.0017638 -0.0009428 -0.0092500
v 0.0018080 -0.0008551 -0.0092500
v 0.0018478 -0.0007654 -0.0092500
v 0.0018831 -0.0006738 -0.0092500
v 0.0019139 -0.0005806 -0.0092500
v 0.0019401 -0.0004860 -0.0092500
v 0.0019616 -0.0003902 -0.0092500
v 0.0019784 -0.0002935 -0.0092500
v 0.0019904 -0.0001960 -0.0092500
v 0.0019976 -0.0000981 -0.0092500
v 0.0020000 0.0000000 -0.0082500
v 0.0019976 0.0000981 -0.0082500
v 0.0019904 0.0001960 -0.0082500
v 0.0019784 0.0002935 -0.0082500
v 0.0019616 0.0003902 -0.0082500
v 0.0019401 0.0004860 -0.0082500
v 0.0019139 0.0005806 -0.0082500
v 0.0018831 0.0006738 -0.0082500
v 0.0018478 0.0007654 -0.0082500
v 0.0018080 0.0008551 -0.0082500
v 0.0017638 0.0009428 -0.0082500
v 0.0017155 0.0010282 -0.0082500
v 0.0016629 0.0011111 -0.0082500
v 0.0016064 0.0011914 -0.0082500
v 0.0015460 0.0012688 -0.0082500
v 0.0014819 0.0013431 -0.0082500
v 0.0014142 0.0014142 -0.0082500
v 0.0013431 0.0014819 -0.0082500
v 0.0012688 0.0015460 -0.0082500
v 0.0011914 0.0016064 -0.0082500
v 0.0011111 0.0016629 -0.0082500
v 0.0010282 0.0017155 -0.0082500
v 0.0009428 0.0017638 -0.0082500
v 0.0008551 0.0018080 -0.0082500
v 0.0007654 0.0018478 -0.0082500
v 0.0006738 0.0018831 -0.0082500
v 0.0005806 0.0019139 -0.0082500
v 0.0004860 0.0019401 -0.0082500
v 0.0003902 0.0019616 -0.0082500
v 0.0002935 0.0019784 -0.0082500
v 0.0001960 0.0019904 -0.0082500
v 0.0000981 0.0019976 -0.0082500
v 0.0000000 0.0020000 -0.0082500
v -0.0000981 0.0019976 -0.0082500
v -0.0001960 0.0019904 -0.0082500
v -0.0002935 0.0019784 -0.0082500
v -0.0003902 0.0019616 -0.0082500
v -0.0004860 0.0019401 -0.0082500
v -0.0005806 0.0019139 -0.0082500
v -0.0006738 0.0018831 -0.0082500
v -0.0007654 0.0018478 -0.0082500
v -0.0008551 0.0018080 -0.0082500
v -0.0009428 0.0017638 -0.0082500
v -0.0010282 0.0017155 -0.0082500
v -0.0011111 0.0016629 -0.0082500
v -0.0011914 0.0016064 -0.0082500
v -0.0012688 0.0015460 -0.0082500
v -0.0013431 0.0014819 -0.0082500
v -0.0014142 0.0014142 -0.0082500
v -0.0014819 0.0013431 -0.0082500
v -0.0015460 0.0012688 -0.0082500
v -0.0016064 0.0011914 -0.0082500
v -0.0016629 0.0011111 -0.0082500
v -0.0017155 0.0010282 -0.0082500
v -0.0017638 0.0009428 -0.0082500
v -0.0018080 0.0008551 -0.0082500
v -0.0018478 0.0007654 -0.0082500
v -0.0018831 0.0006738 -0.0082500
v -0.0019139 0.0005806 -0.0082500
v -0.0019401 0.0004860 -0.0082500
v -0.0019616 0.0003902 -0.0082500
v -0.0019784 0.0002935 -0.0082500
v -0.0019904 0.0001960 -0.0082500
v -0.0019976 0.0000981 -0.0082500
v -0.0020000 0.0000000 -0.0082500
v -0.0019976 -0.0000981 -0.0082500
v -0.0019904 -0.0001960 -0.0082500
v -0.0019784 -0.0002935 -0.0082500
v -0.0019616 -0.0003902 -0.0082500
v -0.0019401 -0.0004860 -0.0082500
v -0.0019139 -0.0005806 -0.0082500
v -0.0018831 -0.0006738 -0.0082500
v -0.0018478 -0.0007654 -0.0082500
v -0.0018080 -0.0008551 -0.0082500
v -0.0017638 -0.0009428 -0.0082500
v -0.0017155 -0.0010282 -0.0082500
v -0.0016629 -0.0011111 -0.0082500
v -0.0016064 -0.0011914 -0.0082500
v -0.0015460 -0.0012688 -0.0082500
v -0.0014819 -0.0013431 -0.0082500
v -0.0014142 -0.0014142 -0.0082500
v -0.0013431 -0.0014819 -0.0082500
v -0.0012688 -0.0015460 -0.0082500
v -0.0011914 -0.0016064 -0.0082500
v -0.0011111 -0.0016629 -0.0082500
v -0.0010282 -0.0017155 -0.0082500
v -0.0009428 -0.0017638 -0.0082500
v -0.0008551 -0.0018080 -0.0082500
v -0.0007654 -0.0018478 -0.0082500
v -0.0006738 -0.0018831 -0.0082500
v -0.0005806 -0.0019139 -0.0082500
v -0.0004860 -0.0019401 -0.0082500
v -0.0003902 -0.0019616 -0.0082500
v -0.0002935 -0.0019784 -0.0082500
v -0.0001960 -0.0019904 -0.0082500
v -0.0000981 -0.0019976 -0.0082500
v -0.0000000 -0.0020000 -0.0082500
v 0.0000981 -0.0019976 -0.0082500
v 0.0001960 -0.0019904 -0.0082500
v 0.0002935 -0.0019784 -0.0082500
v 0.0003902 -0.0019616 -0.0082500
v 0.0004860 -0.0019401 -0.0082500
v 0.0005806 -0.0019139 -0.0082500
v 0.0006738 -0.0018831 -0.0082500
v 0.0007654 -0.0018478 -0.0082500
v 0.0008551 -0.0018080 -0.0082500
v 0.0009428 -0.0017638 -0.0082500
v 0.0010282 -0.0017155 -0.0082500
v 0.0011111 -0.0016629 -0.0082500
v 0.0011914 -0.0016064 -0.0082500
v 0.0012688 -0.0015460 -0.0082500
v 0.0013431 -0.0014819 -0.0082500
v 0.0014142 -0.0014142 -0.0082500
v 0.0014819 -0.0013431 -0.0082500
v 0.0015460 -0.0012688 -0.0082500
v 0.0016064 -0.0011914 -0.0082500
v 0.0016629 -0.0011111 -0.0082500
v 0.0017155 -0.0010282 -0.0082500
v 0.0017638 -0.0009428 -0.0082500
v 0.0018080 -0.0008551 -0.0082500
v 0.0018478 -0.0007654 -0.0082500
v 0.0018831 -0.0006738 -0.0082500
v 0.0019139 -0.0005806 -0.0082500
v 0.0019401 -0.0004860 -0.0082500
v 0.0019616 -0.0003902 -0.0082500
v 0.0019784 -0.0002935 -0.0082500
v 0.0019904 -0.0001960 -0.0082500
v 0.0019976 -0.0000981 -0.0082500
v 0.0020000 0.0000000 0.0082500
v 0.0019976 0.0000981 0.0082500
v 0.0019904 0.0001960 0.0082500
v 0.0019784 0.0002935 0.0082500
v 0.0019616 0.0003902 0.0082500
v 0.0019401 0.0004860 0.0082500
v 0.0019139 0.0005806 0.0082500
v 0.0018831 0.0006738 0.0082500
v 0.0018478 0.0007654 0.0082500
v 0.0018080 0.0008551 0.0082500
v 0.0017638 0.0009428 0.0082500
v 0.0017155 0.0010282 0.0082500
v 0.0016629 0.0011111 0.0082500
v 0.0016064 0.0011914 0.0082500
v 0.0015460 0.0012688 0.0082500
v 0.0014819 0.0013431 0.0082500
v 0.0014142 0.0014142 0.0082500
v 0.0013431 0.0014819 0.0082500
v 0.0012688 0.0015460 0.0082500
v 0.0011914 0.0016064 0.0082500
v 0.0011111 0.0016629 0.0082500
v 0.0010282 0.0017155 0.0082500
v 0.0009428 0.0017638 0.0082500
v 0.0008551 0.0018080 0.0082500
v 0.0007654 0.0018478 0.0082500
v 0.0006738 0.0018831 0.0082500
v 0.0005806 0.0019139 0.0082500
v 0.0004860 0.0019401 0.0082500
v 0.0003902 0.0019616 0.0082500
v 0.0002935 0.0019784 0.0082500
v 0.0001960 0.0019904 0.0082500
v 0.0000981 0.0019976 0.0082500
v 0.0000000 0.0020000 0.0082500
v -0.0000981 0.0019976 0.0082500
v -0.0001960 0.0019904 0.0082500
v -0.0002935 0.0019784 0.0082500
v -0.0003902 0.0019616 0.0082500
v -0.0004860 0.0019401 0.0082500
v -0.0005806 0.0019139 0.0082500
v -0.0006738 0.0018831 0.0082500
v -0.0007654 0.0018478 0.0082500
v -0.0008551 0.0018080 0.0082500
v -0.0009428 0.0017638 0.0082500
v -0.0010282 0.0017155 0.0082500
v -0.0011111 0.0016629 0.0082500
v -0.0011914 0.0016064 0.0082500
v -0.0012688 0.0015460 0.0082500
v -0.0013431 0.0014819 0.0082500
v -0.0014142 0.0014142 0.0082500
v -0.0014819 0.0013431 0.0082500
v -0.0015460 0.0012688 0.0082500
v -0.0016064 0.0011914 0.0082500
v -0.0016629 0.0011111 0.0082500
v -0.0017155 0.0010282 0.0082500
v -0.0017638 0.0009428 0.0082500
v -0.0018080 0.0008551 0.0082500
v -0.0018478 0.0007654 0.0082500
v -0.0018831 0.0006738 0.0082500
v -0.0019139 0.0005806 0.0082500
v -0.0019401 0.0004860 0.0082500
v -0.0019616 0.0003902 0.0082500
v -0.0019784 0.0002935 0.0082500
v -0.0019904 0.0001960 0.0082500
v -0.0019976 0.0000981 0.0082500
v -0.0020000 0.0000000 0.0082500
v -0.0019976 -0.0000981 0.0082500
v -0.0019904 -0.0001960 0.0082500
v -0.0019784 -0.0002935 0.0082500
v -0.0019616 -0.0003902 0.0082500
v -0.0019401 -0.0004860 0.0082500
v -0.0019139 -0.0005806 0.0082500
v -0.0018831 -0.0006738 0.0082500
v -0.0018478 -0.0007654 0.0082500
v -0.0018080 -0.0008551 0.0082500
v -0.0017638 -0.0009428 0.0082500
v -0.0017155 -0.0010282 0.0082500
v -0.0016629 -0.0011111 0.0082500
v -0.0016064 -0.0011914 0.0082500
v -0.0015460 -0.0012688 0.0082500
v -0.0014819 -0.0013431 0.0082500
v -0.0014142 -0.0014142 0.0082500
v -0.0013431 -0.0014819 0.0082500
v -0.0012688 -0.0015460 0.0082500
v -0.0011914 -0.0016064 0.0082500
v -0.0011111 -0.0016629 0.0082500
v -0.0010282 -0.0017155 0.0082500
v -0.0009428 -0.0017638 0.0082500
v -0.0008551 -0.0018080 0.0082500
v -0.0007654 -0.0018478 0.0082500
v -0.0006738 -0.0018831 0.0082500
v -0.0005806 -0.0019139 0.0082500
v -0.0004860 -0.0019401 0.0082500
v -0.0003902 -0.0019616 0.0082500
v -0.0002935 -0.0019784 0.0082500
v -0.0001960 -0.0019904 0.0082500
v -0.0000981 -0.0019976 0.0082500
v -0.0000000 -0.0020000 0.0082500
v 0.0000981 -0.0019976 0.0082500
v 0.0001960 -0.0019904 0.0082500
v 0.0002935 -0.0019784 0.0082500
v 0.0003902 -0.0019616 0.0082500
v 0.0004860 -0.0019401 0.0082500
v 0.0005806 -0.0019139 0.0082500
v 0.0006738 -0.0018831 0.0082500
v 0.0007654 -0.0018478 0.0082500
v 0.0008551 -0.0018080 0.0082500
v 0.0009428 -0.0017638 0.0082500
v 0.0010282 -0.0017155 0.0082500
v 0.0011111 -0.0016629 0.0082500
v 0.0011914 -0.0016064 0.0082500
v 0.0012688 -0.0015460 0.0082500
v 0.0013431 -0.0014819 0.0082500
v 0.0014142 -0.0014142 0.0082500
v 0.0014819 -0.0013431 0.0082500
v 0.0015460 -0.0012688 0.0082500
v 0.0016064 -0.0011914 0.0082500
v 0.0016629 -0.0011111 0.0082500
v 0.0017155 -0.0010282 0.0082500
v 0.0017638 -0.0009428 0.0082500
v 0.0018080 -0.0008551 0.0082500
v 0.0018478 -0.0007654 0.0082500
v 0.0018831 -0.0006738 0.0082500
v 0.0019139 -0.0005806 0.0082500
v 0.0019401 -0.0004860 0.0082500
v 0.0019616 -0.0003902 0.0082500
v 0.0019784 -0.0002935 0.0082500
v 0.0019904 -0.0001960 0.0082500
v 0.0019976 -0.0000981 0.0082500
v 0.0020000 0.0000000 0.0092500
v 0.0019976 0.0000981 0.0092500
v 0.0019904 0.0001960 0.0092500
v 0.0019784 0.0002935 0.0092500
v 0.0019616 0.0003902 0.0092500
v 0.0019401 0.0004860 0.0092500
v 0.0019139 0.0005806 0.0092500
v 0.0018831 0.0006738 0.0092500
v 0.0018478 0.0007654 0.0092500
v 0.0018080 0.0008551 0.0092500
v 0.0017638 0.0009428 0.0092500
v 0.0017155 0.0010282 0.0092500
v 0.0016629 0.0011111 0.0092500
v 0.0016064 0.0011914 0.0092500
v 0.0015460 0.0012688 0.0092500
v 0.0014819 0.0013431 0.0092500
v 0.0014142 0.0014142 0.0092500
v 0.0013431 0.0014819 0.0092500
v 0.0012688 0.0015460 0.0092500
v 0.0011914 0.0016064 0.0092500
v 0.0011111 0.0016629 0.0092500
v 0.0010282 0.0017155 0.0092500
v 0.0009428 0.0017638 0.0092500
v 0.0008551 0.0018080 0.0092500
v 0.0007654 0.0018478 0.0092500
v 0.0006738 0.0018831 0.0092500
v 0.0005806 0.0019139 0.0092500
v 0.0004860 0.0019401 0.0092500
v 0.0003902 0.0019616 0.0092500
v 0.0002935 0.0019784 0.0092500
v 0.0001960 0.0019904 0.0092500
v 0.0000981 0.0019976 0.0092500
v 0.0000000 0.0020000 0.0092500
v -0.0000981 0.0019976 0.0092500
v -0.0001960 0.0019904 0.0092500
v -0.0002935 0.0019784 0.0092500
v -0.0003902 0.0019616 0.0092500
v -0.0004860 0.0019401 0.0092500
v -0.0005806 0.0019139 0.0092500
v -0.0006738 0.0018831 0.0092500
v -0.0007654 0.0018478 0.0092500
v -0.0008551 0.0018080 0.0092500
v -0.0009428 0.0017638 0.0092500
v -0.0010282 0.0017155 0.0092500
v -0.0011111 0.0016629 0.0092500
v -0.0011914 0.0016064 0.0092500
v -0.0012688 0.0015460 0.0092500
v -0.0013431 0.0014819 0.0092500
v -0.0014142 0.0014142 0.0092500
v -0.0014819 0.0013431 0.0092500
v -0.0015460 0.0012688 0.0092500
v -0.0016064 0.0011914 0.0092500
v -0.0016629 0.0011111 0.0092500
v -0.0017155 0.0010282 0.0092500
v -0.0017638 0.0009428 0.0092500
v -0.0018080 0.0008551 0.0092500
v -0.0018478 0.0007654 0.0092500
v -0.0018831 0.0006738 0.0092500
v -0.0019139 0.0005806 0.0092500
v -0.0019401 0.0004860 0.0092500
v -0.0019616 0.0003902 0.0092500
v -0.0019784 0.0002935 0.0092500
v -0.0019904 0.0001960 0.0092500
v -0.0019976 0.0000981 0.0092500
v -0.0020000 0.0000000 0.0092500
v -0.0019976 -0.0000981 0.0092500
v -0.0019904 -0.0001960 0.0092500
v -0.0019784 -0.0002935 0.0092500
v -0.0019616 -0.0003902 0.0092500
v -0.0019401 -0.0004860 0.0092500
v -0.0019139 -0.0005806 0.0092500
v -0.0018831 -0.0006738 0.0092500
v -0.0018478 -0.0007654 0.0092500
v -0.0018080 -0.0008551 0.0092500
v -0.0017638 -0.0009428 0.0092500
v -0.0017155 -0.0010282 0.0092500
v -0.0016629 -0.0011111 0.0092500
v -0.0016064 -0.0011914 0.0092500
v -0.0015460 -0.0012688 0.0092500
v -0.0014819 -0.0013431 0.0092500
v -0.0014142 -0.0014142 0.0092500
v -0.0013431 -0.0014819 0.0092500
v -0.0012688 -0.0015460 0.0092500
v -0.0011914 -0.0016064 0.0092500
v -0.0011111 -0.0016629 0.0092500
v -0.0010282 -0.0017155 0.0092500
v -0.0009428 -0.0017638 0.0092500
v -0.0008551 -0.0018080 0.0092500
v -0.0007654 -0.0018478 0.0092500
v -0.0006738 -0.0018831 0.0092500
v -0.0005806 -0.0019139 0.0092500
v -0.0004860 -0.0019401 0.0092500
v -0.0003902 -0.0019616 0.0092500
v -0.0002935 -0.0019784 0.0092500
v -0.0001960 -0.0019904 0.0092500
v -0.0000981 -0.0019976 0.0092500
v -0.0000000 -0.0020000 0.0092500
v 0.0000981 -0.0019976 0.0092500
v 0.0001960 -0.0019904 0.0092500
v 0.0002935 -0.0019784 0.0092500
v 0.0003902 -0.0019616 0.0092500
v 0.0004860 -0.0019401 0.0092500
v 0.0005806 -0.0019139 0.0092500
v 0.0006738 -0.0018831 0.0092500
v 0.0007654 -0.0018478 0.0092500
v 0.0008551 -0.0018080 0.0092500
v 0.0009428 -0.0017638 0.0092500
v 0.0010282 -0.0017155 0.0092500
v 0.0011111 -0.0016629 0.0092500
v 0.0011914 -0.0016064 0.0092500
v 0.0012688 -0.0015460 0.0092500
v 0.0013431 -0.0014819 0.0092500
v 0.0014142 -0.0014142 0.0092500
v 0.0014819 -0.0013431 0.0092500
v 0.0015460 -0.0012688 0.0092500
v 0.0016064 -0.0011914 0.0092500
v 0.0016629 -0.0011111 0.0092500
v 0.0017155 -0.0010282 0.0092500
v 0.0017638 -0.0009428 0.0092500
v 0.0018080 -0.0008551 0.0092500
v 0.0018478 -0.0007654 0.0092500
v 0.0018831 -0.0006738 0.0092500
v 0.0019139 -0.0005806 0.0092500
v 0.0019401 -0.0004860 0.0092500
v 0.0019616 -0.0003902 0.0092500
v 0.0019784 -0.0002935 0.0092500
v 0.0019904 -0.0001960 0.0092500
v 0.0019976 -0.0000981 0.0092500
# RIOSE MVP3 rounded housing visual, assumed 38 x 68 x 18.5 mm envelope.
# Candidate 4 mm bore; visual-only mesh, not reviewed manufacturing geometry.
mtllib tag_housing.mtl
usemtl RIOSE_YELLOW_POLYMER
vt 0.95562265 0.00000000
vt 0.95802059 0.00000000
vt 0.95838449 0.05405405
vt 0.95562265 0.00000000
vt 0.95838449 0.05405405
vt 0.95562265 0.05405405
vt 0.95802059 0.00000000
vt 0.96043036 0.00000000
vt 0.96115965 0.05405405
vt 0.95802059 0.00000000
vt 0.96115965 0.05405405
vt 0.95838449 0.05405405
vt 0.96043036 0.00000000
vt 0.96286380 0.00000000
vt 0.96396143 0.05405405
vt 0.96043036 0.00000000
vt 0.96396143 0.05405405
vt 0.96115965 0.05405405
vt 0.96286380 0.00000000
vt 0.96533274 0.00000000
vt 0.96680020 0.05405405
vt 0.96286380 0.00000000
vt 0.96680020 0.05405405
vt 0.96396143 0.05405405
vt 0.96533274 0.00000000
vt 0.96783275 0.00000000
vt 0.96965228 0.05405405
vt 0.96533274 0.00000000
vt 0.96965228 0.05405405
vt 0.96680020 0.05405405
vt 0.96783275 0.00000000
vt 0.97032092 0.00000000
vt 0.97248365 0.05405405
vt 0.96783275 0.00000000
vt 0.97248365 0.05405405
vt 0.96965228 0.05405405
vt 0.97032092 0.00000000
vt 0.97277211 0.00000000
vt 0.97526916 0.05405405
vt 0.97032092 0.00000000
vt 0.97526916 0.05405405
vt 0.97248365 0.05405405
vt 0.97277211 0.00000000
vt 0.97516413 0.00000000
vt 0.97799402 0.05405405
vt 0.97277211 0.00000000
vt 0.97799402 0.05405405
vt 0.97526916 0.05405405
vt 0.97516413 0.00000000
vt 0.97747479 0.00000000
vt 0.98063752 0.05405405
vt 0.97516413 0.00000000
vt 0.98063752 0.05405405
vt 0.97799402 0.05405405
vt 0.97747479 0.00000000
vt 0.97968485 0.00000000
vt 0.98317155 0.05405405
vt 0.97747479 0.00000000
vt 0.98317155 0.05405405
vt 0.98063752 0.05405405
vt 0.97968485 0.00000000
vt 0.98177066 0.00000000
vt 0.98558280 0.05405405
vt 0.97968485 0.00000000
vt 0.98558280 0.05405405
vt 0.98317155 0.05405405
vt 0.98177066 0.00000000
vt 0.98371445 0.00000000
vt 0.98785499 0.05405405
vt 0.98177066 0.00000000
vt 0.98785499 0.05405405
vt 0.98558280 0.05405405
vt 0.98371445 0.00000000
vt 0.98550144 0.00000000
vt 0.98996891 0.05405405
vt 0.98371445 0.00000000
vt 0.98996891 0.05405405
vt 0.98785499 0.05405405
vt 0.97136679 0.00000000
vt 0.96792528 0.00000000
vt 0.97841738 0.05405405
vt 0.97136679 0.00000000
vt 0.97841738 0.05405405
vt 0.98219667 0.05405405
vt 0.96792528 0.00000000
vt 0.96422844 0.00000000
vt 0.97437746 0.05405405
vt 0.96792528 0.00000000
vt 0.97437746 0.05405405
vt 0.97841738 0.05405405
vt 0.96422844 0.00000000
vt 0.96031617 0.00000000
vt 0.97011412 0.05405405
vt 0.96422844 0.00000000
vt 0.97011412 0.05405405
vt 0.97437746 0.05405405
vt 0.96031617 0.00000000
vt 0.95622040 0.00000000
vt 0.96563270 0.05405405
vt 0.96031617 0.00000000
vt 0.96563270 0.05405405
vt 0.97011412 0.05405405
vt 0.95622040 0.00000000
vt 0.95198100 0.00000000
vt 0.96098905 0.05405405
vt 0.95622040 0.00000000
vt 0.96098905 0.05405405
vt 0.96563270 0.05405405
vt 0.95198100 0.00000000
vt 0.94763522 0.00000000
vt 0.95623103 0.05405405
vt 0.95198100 0.00000000
vt 0.95623103 0.05405405
vt 0.96098905 0.05405405
vt 0.94763522 0.00000000
vt 0.94322295 0.00000000
vt 0.95137195 0.05405405
vt 0.94763522 0.00000000
vt 0.95137195 0.05405405
vt 0.95623103 0.05405405
vt 0.94322295 0.00000000
vt 0.93875217 0.00000000
vt 0.94645968 0.05405405
vt 0.94322295 0.00000000
vt 0.94645968 0.05405405
vt 0.95137195 0.05405405
vt 0.93875217 0.00000000
vt 0.93444363 0.00000000
vt 0.94154475 0.05405405
vt 0.93875217 0.00000000
vt 0.94154475 0.05405405
vt 0.94645968 0.05405405
vt 0.93444363 0.00000000
vt 0.93035583 0.00000000
vt 0.93663779 0.05405405
vt 0.93444363 0.00000000
vt 0.93663779 0.05405405
vt 0.94154475 0.05405405
vt 0.93035583 0.00000000
vt 0.92645420 0.00000000
vt 0.93195424 0.05405405
vt 0.93035583 0.00000000
vt 0.93195424 0.05405405
vt 0.93663779 0.05405405
vt 0.92645420 0.00000000
vt 0.92270683 0.00000000
vt 0.92745687 0.05405405
vt 0.92645420 0.00000000
vt 0.92745687 0.05405405
vt 0.93195424 0.05405405
vt 0.92270683 0.00000000
vt 0.91908712 0.00000000
vt 0.92311641 0.05405405
vt 0.92270683 0.00000000
vt 0.92311641 0.05405405
vt 0.92745687 0.05405405
vt 0.91908712 0.00000000
vt 0.91557645 0.00000000
vt 0.91890361 0.05405405
vt 0.91908712 0.00000000
vt 0.91890361 0.05405405
vt 0.92311641 0.05405405
vt 0.91557645 0.00000000
vt 0.91215089 0.00000000
vt 0.91479187 0.05405405
vt 0.91557645 0.00000000
vt 0.91479187 0.05405405
vt 0.91890361 0.05405405
vt 0.91215089 0.00000000
vt 0.90878917 0.00000000
vt 0.91075993 0.05405405
vt 0.91215089 0.00000000
vt 0.91075993 0.05405405
vt 0.91479187 0.05405405
vt 0.90878917 0.00000000
vt 0.90547797 0.00000000
vt 0.90678649 0.05405405
vt 0.90878917 0.00000000
vt 0.90678649 0.05405405
vt 0.91075993 0.05405405
vt 0.90547797 0.00000000
vt 0.90219869 0.00000000
vt 0.90285295 0.05405405
vt 0.90547797 0.00000000
vt 0.90285295 0.05405405
vt 0.90678649 0.05405405
vt 0.90219869 0.00000000
vt 0.89893536 0.00000000
vt 0.89893536 0.05405405
vt 0.90219869 0.00000000
vt 0.89893536 0.05405405
vt 0.90285295 0.05405405
vt 0.89893536 0.00000000
vt 0.89567204 0.00000000
vt 0.89501778 0.05405405
vt 0.89893536 0.00000000
vt 0.89501778 0.05405405
vt 0.89893536 0.05405405
vt 0.89567204 0.00000000
vt 0.89239276 0.00000000
vt 0.89108424 0.05405405
vt 0.89567204 0.00000000
vt 0.89108424 0.05405405
vt 0.89501778 0.05405405
vt 0.89239276 0.00000000
vt 0.88908156 0.00000000
vt 0.88711080 0.05405405
vt 0.89239276 0.00000000
vt 0.88711080 0.05405405
vt 0.89108424 0.05405405
vt 0.88908156 0.00000000
vt 0.88571983 0.00000000
vt 0.88307885 0.05405405
vt 0.88908156 0.00000000
vt 0.88307885 0.05405405
vt 0.88711080 0.05405405
vt 0.88571983 0.00000000
vt 0.88229427 0.00000000
vt 0.87896712 0.05405405
vt 0.88571983 0.00000000
vt 0.87896712 0.05405405
vt 0.88307885 0.05405405
vt 0.88229427 0.00000000
vt 0.87878095 0.00000000
vt 0.87475166 0.05405405
vt 0.88229427 0.00000000
vt 0.87475166 0.05405405
vt 0.87896712 0.05405405
vt 0.87878095 0.00000000
vt 0.87516390 0.00000000
vt 0.87041120 0.05405405
vt 0.87878095 0.00000000
vt 0.87041120 0.05405405
vt 0.87475166 0.05405405
vt 0.87516390 0.00000000
vt 0.87141653 0.00000000
vt 0.86591382 0.05405405
vt 0.87516390 0.00000000
vt 0.86591382 0.05405405
vt 0.87041120 0.05405405
vt 0.87141653 0.00000000
vt 0.86751224 0.00000000
vt 0.86123028 0.05405405
vt 0.87141653 0.00000000
vt 0.86123028 0.05405405
vt 0.86591382 0.05405405
vt 0.86751224 0.00000000
vt 0.86342444 0.00000000
vt 0.85632332 0.05405405
vt 0.86751224 0.00000000
vt 0.85632332 0.05405405
vt 0.86123028 0.05405405
vt 0.86342444 0.00000000
vt 0.85911324 0.00000000
vt 0.85115307 0.05405405
vt 0.86342444 0.00000000
vt 0.85115307 0.05405405
vt 0.85632332 0.05405405
vt 0.85911324 0.00000000
vt 0.85454405 0.00000000
vt 0.84566632 0.05405405
vt 0.85911324 0.00000000
vt 0.84566632 0.05405405
vt 0.85115307 0.05405405
vt 0.85454405 0.00000000
vt 0.84966103 0.00000000
vt 0.83980989 0.05405405
vt 0.85454405 0.00000000
vt 0.83980989 0.05405405
vt 0.84566632 0.05405405
vt 0.84966103 0.00000000
vt 0.84441099 0.00000000
vt 0.83350931 0.05405405
vt 0.84966103 0.00000000
vt 0.83350931 0.05405405
vt 0.83980989 0.05405405
vt 0.84441099 0.00000000
vt 0.83871946 0.00000000
vt 0.82667681 0.05405405
vt 0.84441099 0.00000000
vt 0.82667681 0.05405405
vt 0.83350931 0.05405405
vt 0.83871946 0.00000000
vt 0.83249600 0.00000000
vt 0.81921132 0.05405405
vt 0.83871946 0.00000000
vt 0.81921132 0.05405405
vt 0.82667681 0.05405405
vt 0.83249600 0.00000000
vt 0.82563159 0.00000000
vt 0.81097190 0.05405405
vt 0.83249600 0.00000000
vt 0.81097190 0.05405405
vt 0.81921132 0.05405405
vt 0.82563159 0.00000000
vt 0.81797727 0.00000000
vt 0.80178831 0.05405405
vt 0.82563159 0.00000000
vt 0.80178831 0.05405405
vt 0.81097190 0.05405405
vt 0.81797727 0.00000000
vt 0.80934954 0.00000000
vt 0.79143717 0.05405405
vt 0.81797727 0.00000000
vt 0.79143717 0.05405405
vt 0.80178831 0.05405405
vt 0.80934954 0.00000000
vt 0.79949840 0.00000000
vt 0.77961526 0.05405405
vt 0.80934954 0.00000000
vt 0.77961526 0.05405405
vt 0.79143717 0.05405405
vt 0.79949840 0.00000000
vt 0.78808342 0.00000000
vt 0.76591569 0.05405405
vt 0.79949840 0.00000000
vt 0.76591569 0.05405405
vt 0.77961526 0.05405405
vt 0.78808342 0.00000000
vt 0.77462852 0.00000000
vt 0.74976928 0.05405405
vt 0.78808342 0.00000000
vt 0.74976928 0.05405405
vt 0.76591569 0.05405405
vt 0.77462852 0.00000000
vt 0.75845020 0.00000000
vt 0.73035689 0.05405405
vt 0.77462852 0.00000000
vt 0.73035689 0.05405405
vt 0.74976928 0.05405405
vt 0.75845020 0.00000000
vt 0.73852185 0.00000000
vt 0.70644181 0.05405405
vt 0.75845020 0.00000000
vt 0.70644181 0.05405405
vt 0.73035689 0.05405405
vt 0.73852185 0.00000000
vt 0.71322909 0.00000000
vt 0.67608784 0.05405405
vt 0.73852185 0.00000000
vt 0.67608784 0.05405405
vt 0.70644181 0.05405405
vt 0.71322909 0.00000000
vt 0.67988042 0.00000000
vt 0.63606890 0.05405405
vt 0.71322909 0.00000000
vt 0.63606890 0.05405405
vt 0.67608784 0.05405405
vt 0.67988042 0.00000000
vt 0.63364335 0.00000000
vt 0.58057910 0.05405405
vt 0.67988042 0.00000000
vt 0.58057910 0.05405405
vt 0.63606890 0.05405405
vt 0.63364335 0.00000000
vt 0.56483429 0.00000000
vt 0.49799865 0.05405405
vt 0.63364335 0.00000000
vt 0.49799865 0.05405405
vt 0.58057910 0.05405405
vt 0.56483429 0.00000000
vt 0.45086796 0.00000000
vt 0.36121831 0.05405405
vt 0.56483429 0.00000000
vt 0.36121831 0.05405405
vt 0.49799865 0.05405405
vt 0.45086796 0.00000000
vt 0.22395923 0.00000000
vt 0.08885975 0.05405405
vt 0.45086796 0.00000000
vt 0.08885975 0.05405405
vt 0.36121831 0.05405405
vt 0.22395923 0.00000000
vt 0.02007197 0.00000000
vt 0.00547611 0.05405405
vt 0.22395923 0.99259909
vt 0.00547611 0.98003692
vt 0.08885975 1.00000000
vt 0.97963751 0.00000000
vt 0.95562265 0.00000000
vt 0.95562265 0.05405405
vt 0.97963751 0.00000000
vt 0.95562265 0.05405405
vt 0.98003692 0.05405405
vt 0.95562265 0.00000000
vt 0.93142435 0.00000000
vt 0.93106045 0.05405405
vt 0.95562265 0.00000000
vt 0.93106045 0.05405405
vt 0.95562265 0.05405405
vt 0.93142435 0.00000000
vt 0.90710771 0.00000000
vt 0.90637990 0.05405405
vt 0.93142435 0.00000000
vt 0.90637990 0.05405405
vt 0.93106045 0.05405405
vt 0.90710771 0.00000000
vt 0.88255587 0.00000000
vt 0.88145971 0.05405405
vt 0.90710771 0.00000000
vt 0.88145971 0.05405405
vt 0.90637990 0.05405405
vt 0.88255587 0.00000000
vt 0.85764307 0.00000000
vt 0.85617265 0.05405405
vt 0.88255587 0.00000000
vt 0.85617265 0.05405405
vt 0.88145971 0.05405405
vt 0.85764307 0.00000000
vt 0.83223767 0.00000000
vt 0.83038707 0.05405405
vt 0.85764307 0.00000000
vt 0.83038707 0.05405405
vt 0.85617265 0.05405405
vt 0.83223767 0.00000000
vt 0.80620061 0.00000000
vt 0.80395948 0.05405405
vt 0.83223767 0.00000000
vt 0.80395948 0.05405405
vt 0.83038707 0.05405405
vt 0.80620061 0.00000000
vt 0.77937509 0.00000000
vt 0.77673159 0.05405405
vt 0.80620061 0.00000000
vt 0.77673159 0.05405405
vt 0.80395948 0.05405405
vt 0.77937509 0.00000000
vt 0.75158950 0.00000000
vt 0.74852884 0.05405405
vt 0.77937509 0.00000000
vt 0.74852884 0.05405405
vt 0.77673159 0.05405405
vt 0.75158950 0.00000000
vt 0.72264859 0.00000000
vt 0.71915449 0.05405405
vt 0.75158950 0.00000000
vt 0.71915449 0.05405405
vt 0.74852884 0.05405405
vt 0.72264859 0.00000000
vt 0.69233193 0.00000000
vt 0.68838221 0.05405405
vt 0.72264859 0.00000000
vt 0.68838221 0.05405405
vt 0.71915449 0.05405405
vt 0.69233193 0.00000000
vt 0.66037917 0.00000000
vt 0.65595017 0.05405405
vt 0.69233193 0.00000000
vt 0.65595017 0.05405405
vt 0.68838221 0.05405405
vt 0.66037917 0.00000000
vt 0.62648854 0.00000000
vt 0.62154918 0.05405405
vt 0.66037917 0.00000000
vt 0.62154918 0.05405405
vt 0.65595017 0.05405405
vt 0.62648854 0.00000000
vt 0.59029613 0.00000000
vt 0.58481386 0.05405405
vt 0.62648854 0.00000000
vt 0.58481386 0.05405405
vt 0.62154918 0.05405405
vt 0.59029613 0.00000000
vt 0.55136702 0.00000000
vt 0.54530043 0.05405405
vt 0.59029613 0.00000000
vt 0.54530043 0.05405405
vt 0.58481386 0.05405405
vt 0.55136702 0.00000000
vt 0.50916571 0.00000000
vt 0.50246598 0.05405405
vt 0.55136702 0.00000000
vt 0.50246598 0.05405405
vt 0.54530043 0.05405405
vt 0.50916571 0.00000000
vt 0.46303244 0.00000000
vt 0.45564040 0.05405405
vt 0.50916571 0.00000000
vt 0.45564040 0.05405405
vt 0.50246598 0.05405405
vt 0.46303244 0.00000000
vt 0.41213140 0.00000000
vt 0.40397457 0.05405405
vt 0.46303244 0.00000000
vt 0.40397457 0.05405405
vt 0.45564040 0.05405405
vt 0.41213140 0.00000000
vt 0.35539454 0.00000000
vt 0.34638564 0.05405405
vt 0.41213140 0.00000000
vt 0.34638564 0.05405405
vt 0.40397457 0.05405405
vt 0.35539454 0.00000000
vt 0.29143429 0.00000000
vt 0.28146385 0.05405405
vt 0.35539454 0.00000000
vt 0.28146385 0.05405405
vt 0.34638564 0.05405405
vt 0.29143429 0.00000000
vt 0.21839710 0.00000000
vt 0.20732902 0.05405405
vt 0.29143429 0.00000000
vt 0.20732902 0.05405405
vt 0.28146385 0.05405405
vt 0.21839710 0.00000000
vt 0.13376667 0.00000000
vt 0.12142639 0.05405405
vt 0.21839710 0.00000000
vt 0.12142639 0.05405405
vt 0.20732902 0.05405405
vt 0.13376667 0.00000000
vt 0.03402377 0.00000000
vt 0.02339208 0.05405405
vt 0.13376667 0.00000000
vt 0.02339208 0.05405405
vt 0.12142639 0.05405405
vt 0.01329000 0.00000000
vt 0.09264968 0.00000000
vt 0.08636771 0.05405405
vt 0.01329000 0.00000000
vt 0.08636771 0.05405405
vt 0.00307449 0.05405405
vt 0.09264968 0.00000000
vt 0.19280473 0.00000000
vt 0.18730203 0.05405405
vt 0.09264968 0.00000000
vt 0.18730203 0.05405405
vt 0.08636771 0.05405405
vt 0.19280473 0.00000000
vt 0.28896241 0.00000000
vt 0.28420971 0.05405405
vt 0.19280473 0.00000000
vt 0.28420971 0.05405405
vt 0.18730203 0.05405405
vt 0.28896241 0.00000000
vt 0.38180092 0.00000000
vt 0.37776897 0.05405405
vt 0.28896241 0.00000000
vt 0.37776897 0.05405405
vt 0.28420971 0.05405405
vt 0.38180092 0.00000000
vt 0.47191334 0.00000000
vt 0.46858353 0.05405405
vt 0.38180092 0.00000000
vt 0.46858353 0.05405405
vt 0.37776897 0.05405405
vt 0.47191334 0.00000000
vt 0.55983425 0.00000000
vt 0.55719062 0.05405405
vt 0.47191334 0.00000000
vt 0.55719062 0.05405405
vt 0.46858353 0.05405405
vt 0.55983425 0.00000000
vt 0.64605569 0.00000000
vt 0.64408227 0.05405405
vt 0.55983425 0.00000000
vt 0.64408227 0.05405405
vt 0.55719062 0.05405405
vt 0.64605569 0.00000000
vt 0.73102977 0.00000000
vt 0.72971859 0.05405405
vt 0.64605569 0.00000000
vt 0.72971859 0.05405405
vt 0.64408227 0.05405405
vt 0.73102977 0.00000000
vt 0.81518470 0.00000000
vt 0.81453044 0.05405405
vt 0.73102977 0.00000000
vt 0.81453044 0.05405405
vt 0.72971859 0.05405405
vt 0.81518470 0.00000000
vt 0.89893536 0.00000000
vt 0.89893536 0.05405405
vt 0.81518470 0.00000000
vt 0.89893536 0.05405405
vt 0.81453044 0.05405405
vt 0.89893536 0.00000000
vt 0.98140943 0.00000000
vt 0.98244135 0.05405405
vt 0.89893536 0.00000000
vt 0.98244135 0.05405405
vt 0.89893536 0.05405405
vt 0.02186693 0.00000000
vt 0.46015521 0.00000000
vt 0.38514019 0.05405405
vt 0.02186693 0.00000000
vt 0.38514019 0.05405405
vt 0.01017311 0.05405405
vt 0.46015521 0.00000000
vt 0.62660540 0.00000000
vt 0.57677981 0.05405405
vt 0.46015521 0.00000000
vt 0.57677981 0.05405405
vt 0.38514019 0.05405405
vt 0.62660540 0.00000000
vt 0.71024914 0.00000000
vt 0.67308483 0.05405405
vt 0.62660540 0.00000000
vt 0.67308483 0.05405405
vt 0.57677981 0.05405405
vt 0.71024914 0.00000000
vt 0.76076409 0.00000000
vt 0.73124773 0.05405405
vt 0.71024914 0.00000000
vt 0.73124773 0.05405405
vt 0.67308483 0.05405405
vt 0.76076409 0.00000000
vt 0.79471537 0.00000000
vt 0.77034104 0.05405405
vt 0.76076409 0.00000000
vt 0.77034104 0.05405405
vt 0.73124773 0.05405405
vt 0.79471537 0.00000000
vt 0.81920361 0.00000000
vt 0.79853787 0.05405405
vt 0.79471537 0.00000000
vt 0.79853787 0.05405405
vt 0.77034104 0.05405405
vt 0.81920361 0.00000000
vt 0.83777911 0.00000000
vt 0.81992698 0.05405405
vt 0.81920361 0.00000000
vt 0.81992698 0.05405405
vt 0.79853787 0.05405405
vt 0.83777911 0.00000000
vt 0.85241672 0.00000000
vt 0.83678206 0.05405405
vt 0.83777911 0.00000000
vt 0.83678206 0.05405405
vt 0.81992698 0.05405405
vt 0.85241672 0.00000000
vt 0.86429989 0.00000000
vt 0.85046405 0.05405405
vt 0.85241672 0.00000000
vt 0.85046405 0.05405405
vt 0.83678206 0.05405405
vt 0.86429989 0.00000000
vt 0.87418158 0.00000000
vt 0.86184427 0.05405405
vt 0.86429989 0.00000000
vt 0.86184427 0.05405405
vt 0.85046405 0.05405405
vt 0.87418158 0.00000000
vt 0.88256770 0.00000000
vt 0.87149962 0.05405405
vt 0.87418158 0.00000000
vt 0.87149962 0.05405405
vt 0.86184427 0.05405405
vt 0.88256770 0.00000000
vt 0.88980441 0.00000000
vt 0.87983248 0.05405405
vt 0.88256770 0.00000000
vt 0.87983248 0.05405405
vt 0.87149962 0.05405405
vt 0.88980441 0.00000000
vt 0.89614170 0.00000000
vt 0.88713132 0.05405405
vt 0.88980441 0.00000000
vt 0.88713132 0.05405405
vt 0.87983248 0.05405405
vt 0.89614170 0.00000000
vt 0.90176450 0.00000000
vt 0.89360471 0.05405405
vt 0.89614170 0.00000000
vt 0.89360471 0.05405405
vt 0.88713132 0.05405405
vt 0.90176450 0.00000000
vt 0.90680742 0.00000000
vt 0.89941242 0.05405405
vt 0.90176450 0.00000000
vt 0.89941242 0.05405405
vt 0.89360471 0.05405405
vt 0.90680742 0.00000000
vt 0.91137992 0.00000000
vt 0.90467575 0.05405405
vt 0.90680742 0.00000000
vt 0.90467575 0.05405405
vt 0.89941242 0.05405405
vt 0.91137992 0.00000000
vt 0.91556188 0.00000000
vt 0.90949234 0.05405405
vt 0.91137992 0.00000000
vt 0.90949234 0.05405405
vt 0.90467575 0.05405405
vt 0.91556188 0.00000000
vt 0.91941840 0.00000000
vt 0.91393318 0.05405405
vt 0.91556188 0.00000000
vt 0.91393318 0.05405405
vt 0.90949234 0.05405405
vt 0.91941840 0.00000000
vt 0.92300569 0.00000000
vt 0.91806337 0.05405405
vt 0.91941840 0.00000000
vt 0.91806337 0.05405405
vt 0.91393318 0.05405405
vt 0.92300569 0.00000000
vt 0.92636369 0.00000000
vt 0.92193024 0.05405405
vt 0.92300569 0.00000000
vt 0.92193024 0.05405405
vt 0.91806337 0.05405405
vt 0.92636369 0.00000000
vt 0.92953086 0.00000000
vt 0.92557670 0.05405405
vt 0.92636369 0.00000000
vt 0.92557670 0.05405405
vt 0.92193024 0.05405405
vt 0.92953086 0.00000000
vt 0.93253530 0.00000000
vt 0.92903677 0.05405405
vt 0.92953086 0.00000000
vt 0.92903677 0.05405405
vt 0.92557670 0.05405405
vt 0.93253530 0.00000000
vt 0.93540218 0.00000000
vt 0.93233856 0.05405405
vt 0.93253530 0.00000000
vt 0.93233856 0.05405405
vt 0.92903677 0.05405405
vt 0.93540218 0.00000000
vt 0.93815662 0.00000000
vt 0.93551016 0.05405405
vt 0.93540218 0.00000000
vt 0.93551016 0.05405405
vt 0.93233856 0.05405405
vt 0.93815662 0.00000000
vt 0.94081491 0.00000000
vt 0.93857082 0.05405405
vt 0.93815662 0.00000000
vt 0.93857082 0.05405405
vt 0.93551016 0.05405405
vt 0.94081491 0.00000000
vt 0.94339480 0.00000000
vt 0.94154273 0.05405405
vt 0.94081491 0.00000000
vt 0.94154273 0.05405405
vt 0.93857082 0.05405405
vt 0.94339480 0.00000000
vt 0.94591256 0.00000000
vt 0.94444066 0.05405405
vt 0.94339480 0.00000000
vt 0.94444066 0.05405405
vt 0.94154273 0.05405405
vt 0.94591256 0.00000000
vt 0.94838150 0.00000000
vt 0.94728387 0.05405405
vt 0.94591256 0.00000000
vt 0.94728387 0.05405405
vt 0.94444066 0.05405405
vt 0.94838150 0.00000000
vt 0.95081494 0.00000000
vt 0.95008565 0.05405405
vt 0.94838150 0.00000000
vt 0.95008565 0.05405405
vt 0.94728387 0.05405405
vt 0.95081494 0.00000000
vt 0.95322471 0.00000000
vt 0.95286081 0.05405405
vt 0.95081494 0.00000000
vt 0.95286081 0.05405405
vt 0.95008565 0.05405405
vt 0.95322471 0.00000000
vt 0.95562265 0.00000000
vt 0.95562265 0.05405405
vt 0.95322471 0.00000000
vt 0.95562265 0.05405405
vt 0.95286081 0.05405405
vt 0.95562265 0.05405405
vt 0.95838449 0.05405405
vt 0.95838449 0.94594595
vt 0.95562265 0.05405405
vt 0.95838449 0.94594595
vt 0.95562265 0.94594595
vt 0.95838449 0.05405405
vt 0.96115965 0.05405405
vt 0.96115965 0.94594595
vt 0.95838449 0.05405405
vt 0.96115965 0.94594595
vt 0.95838449 0.94594595
vt 0.96115965 0.05405405
vt 0.96396143 0.05405405
vt 0.96396143 0.94594595
vt 0.96115965 0.05405405
vt 0.96396143 0.94594595
vt 0.96115965 0.94594595
vt 0.96396143 0.05405405
vt 0.96680020 0.05405405
vt 0.96680020 0.94594595
vt 0.96396143 0.05405405
vt 0.96680020 0.94594595
vt 0.96396143 0.94594595
vt 0.96680020 0.05405405
vt 0.96965228 0.05405405
vt 0.96965228 0.94594595
vt 0.96680020 0.05405405
vt 0.96965228 0.94594595
vt 0.96680020 0.94594595
vt 0.96965228 0.05405405
vt 0.97248365 0.05405405
vt 0.97248365 0.94594595
vt 0.96965228 0.05405405
vt 0.97248365 0.94594595
vt 0.96965228 0.94594595
vt 0.97248365 0.05405405
vt 0.97526916 0.05405405
vt 0.97526916 0.94594595
vt 0.97248365 0.05405405
vt 0.97526916 0.94594595
vt 0.97248365 0.94594595
vt 0.97526916 0.05405405
vt 0.97799402 0.05405405
vt 0.97799402 0.94594595
vt 0.97526916 0.05405405
vt 0.97799402 0.94594595
vt 0.97526916 0.94594595
vt 0.97799402 0.05405405
vt 0.98063752 0.05405405
vt 0.98063752 0.94594595
vt 0.97799402 0.05405405
vt 0.98063752 0.94594595
vt 0.97799402 0.94594595
vt 0.98063752 0.05405405
vt 0.98317155 0.05405405
vt 0.98317155 0.94594595
vt 0.98063752 0.05405405
vt 0.98317155 0.94594595
vt 0.98063752 0.94594595
vt 0.98317155 0.05405405
vt 0.98558280 0.05405405
vt 0.98558280 0.94594595
vt 0.98317155 0.05405405
vt 0.98558280 0.94594595
vt 0.98317155 0.94594595
vt 0.98558280 0.05405405
vt 0.98785499 0.05405405
vt 0.98785499 0.94594595
vt 0.98558280 0.05405405
vt 0.98785499 0.94594595
vt 0.98558280 0.94594595
vt 0.98785499 0.05405405
vt 0.98996891 0.05405405
vt 0.98996891 0.94594595
vt 0.98785499 0.05405405
vt 0.98996891 0.94594595
vt 0.98785499 0.94594595
vt 0.98219667 0.05405405
vt 0.97841738 0.05405405
vt 0.97841738 0.94594595
vt 0.98219667 0.05405405
vt 0.97841738 0.94594595
vt 0.98219667 0.94594595
vt 0.97841738 0.05405405
vt 0.97437746 0.05405405
vt 0.97437746 0.94594595
vt 0.97841738 0.05405405
vt 0.97437746 0.94594595
vt 0.97841738 0.94594595
vt 0.97437746 0.05405405
vt 0.97011412 0.05405405
vt 0.97011412 0.94594595
vt 0.97437746 0.05405405
vt 0.97011412 0.94594595
vt 0.97437746 0.94594595
vt 0.97011412 0.05405405
vt 0.96563270 0.05405405
vt 0.96563270 0.94594595
vt 0.97011412 0.05405405
vt 0.96563270 0.94594595
vt 0.97011412 0.94594595
vt 0.96563270 0.05405405
vt 0.96098905 0.05405405
vt 0.96098905 0.94594595
vt 0.96563270 0.05405405
vt 0.96098905 0.94594595
vt 0.96563270 0.94594595
vt 0.96098905 0.05405405
vt 0.95623103 0.05405405
vt 0.95623103 0.94594595
vt 0.96098905 0.05405405
vt 0.95623103 0.94594595
vt 0.96098905 0.94594595
vt 0.95623103 0.05405405
vt 0.95137195 0.05405405
vt 0.95137195 0.94594595
vt 0.95623103 0.05405405
vt 0.95137195 0.94594595
vt 0.95623103 0.94594595
vt 0.95137195 0.05405405
vt 0.94645968 0.05405405
vt 0.94645968 0.94594595
vt 0.95137195 0.05405405
vt 0.94645968 0.94594595
vt 0.95137195 0.94594595
vt 0.94645968 0.05405405
vt 0.94154475 0.05405405
vt 0.94154475 0.94594595
vt 0.94645968 0.05405405
vt 0.94154475 0.94594595
vt 0.94645968 0.94594595
vt 0.94154475 0.05405405
vt 0.93663779 0.05405405
vt 0.93663779 0.94594595
vt 0.94154475 0.05405405
vt 0.93663779 0.94594595
vt 0.94154475 0.94594595
vt 0.93663779 0.05405405
vt 0.93195424 0.05405405
vt 0.93195424 0.94594595
vt 0.93663779 0.05405405
vt 0.93195424 0.94594595
vt 0.93663779 0.94594595
vt 0.93195424 0.05405405
vt 0.92745687 0.05405405
vt 0.92745687 0.94594595
vt 0.93195424 0.05405405
vt 0.92745687 0.94594595
vt 0.93195424 0.94594595
vt 0.92745687 0.05405405
vt 0.92311641 0.05405405
vt 0.92311641 0.94594595
vt 0.92745687 0.05405405
vt 0.92311641 0.94594595
vt 0.92745687 0.94594595
vt 0.92311641 0.05405405
vt 0.91890361 0.05405405
vt 0.91890361 0.94594595
vt 0.92311641 0.05405405
vt 0.91890361 0.94594595
vt 0.92311641 0.94594595
vt 0.91890361 0.05405405
vt 0.91479187 0.05405405
vt 0.91479187 0.94594595
vt 0.91890361 0.05405405
vt 0.91479187 0.94594595
vt 0.91890361 0.94594595
vt 0.91479187 0.05405405
vt 0.91075993 0.05405405
vt 0.91075993 0.94594595
vt 0.91479187 0.05405405
vt 0.91075993 0.94594595
vt 0.91479187 0.94594595
vt 0.91075993 0.05405405
vt 0.90678649 0.05405405
vt 0.90678649 0.94594595
vt 0.91075993 0.05405405
vt 0.90678649 0.94594595
vt 0.91075993 0.94594595
vt 0.90678649 0.05405405
vt 0.90285295 0.05405405
vt 0.90285295 0.94594595
vt 0.90678649 0.05405405
vt 0.90285295 0.94594595
vt 0.90678649 0.94594595
vt 0.90285295 0.05405405
vt 0.89893536 0.05405405
vt 0.89893536 0.94594595
vt 0.90285295 0.05405405
vt 0.89893536 0.94594595
vt 0.90285295 0.94594595
vt 0.89893536 0.05405405
vt 0.89501778 0.05405405
vt 0.89501778 0.94594595
vt 0.89893536 0.05405405
vt 0.89501778 0.94594595
vt 0.89893536 0.94594595
vt 0.89501778 0.05405405
vt 0.89108424 0.05405405
vt 0.89108424 0.94594595
vt 0.89501778 0.05405405
vt 0.89108424 0.94594595
vt 0.89501778 0.94594595
vt 0.89108424 0.05405405
vt 0.88711080 0.05405405
vt 0.88711080 0.94594595
vt 0.89108424 0.05405405
vt 0.88711080 0.94594595
vt 0.89108424 0.94594595
vt 0.88711080 0.05405405
vt 0.88307885 0.05405405
vt 0.88307885 0.94594595
vt 0.88711080 0.05405405
vt 0.88307885 0.94594595
vt 0.88711080 0.94594595
vt 0.88307885 0.05405405
vt 0.87896712 0.05405405
vt 0.87896712 0.94594595
vt 0.88307885 0.05405405
vt 0.87896712 0.94594595
vt 0.88307885 0.94594595
vt 0.87896712 0.05405405
vt 0.87475166 0.05405405
vt 0.87475166 0.94594595
vt 0.87896712 0.05405405
vt 0.87475166 0.94594595
vt 0.87896712 0.94594595
vt 0.87475166 0.05405405
vt 0.87041120 0.05405405
vt 0.87041120 0.94594595
vt 0.87475166 0.05405405
vt 0.87041120 0.94594595
vt 0.87475166 0.94594595
vt 0.87041120 0.05405405
vt 0.86591382 0.05405405
vt 0.86591382 0.94594595
vt 0.87041120 0.05405405
vt 0.86591382 0.94594595
vt 0.87041120 0.94594595
vt 0.86591382 0.05405405
vt 0.86123028 0.05405405
vt 0.86123028 0.94594595
vt 0.86591382 0.05405405
vt 0.86123028 0.94594595
vt 0.86591382 0.94594595
vt 0.86123028 0.05405405
vt 0.85632332 0.05405405
vt 0.85632332 0.94594595
vt 0.86123028 0.05405405
vt 0.85632332 0.94594595
vt 0.86123028 0.94594595
vt 0.85632332 0.05405405
vt 0.85115307 0.05405405
vt 0.85115307 0.94594595
vt 0.85632332 0.05405405
vt 0.85115307 0.94594595
vt 0.85632332 0.94594595
vt 0.85115307 0.05405405
vt 0.84566632 0.05405405
vt 0.84566632 0.94594595
vt 0.85115307 0.05405405
vt 0.84566632 0.94594595
vt 0.85115307 0.94594595
vt 0.84566632 0.05405405
vt 0.83980989 0.05405405
vt 0.83980989 0.94594595
vt 0.84566632 0.05405405
vt 0.83980989 0.94594595
vt 0.84566632 0.94594595
vt 0.83980989 0.05405405
vt 0.83350931 0.05405405
vt 0.83350931 0.94594595
vt 0.83980989 0.05405405
vt 0.83350931 0.94594595
vt 0.83980989 0.94594595
vt 0.83350931 0.05405405
vt 0.82667681 0.05405405
vt 0.82667681 0.94594595
vt 0.83350931 0.05405405
vt 0.82667681 0.94594595
vt 0.83350931 0.94594595
vt 0.82667681 0.05405405
vt 0.81921132 0.05405405
vt 0.81921132 0.94594595
vt 0.82667681 0.05405405
vt 0.81921132 0.94594595
vt 0.82667681 0.94594595
vt 0.81921132 0.05405405
vt 0.81097190 0.05405405
vt 0.81097190 0.94594595
vt 0.81921132 0.05405405
vt 0.81097190 0.94594595
vt 0.81921132 0.94594595
vt 0.81097190 0.05405405
vt 0.80178831 0.05405405
vt 0.80178831 0.94594595
vt 0.81097190 0.05405405
vt 0.80178831 0.94594595
vt 0.81097190 0.94594595
vt 0.80178831 0.05405405
vt 0.79143717 0.05405405
vt 0.79143717 0.94594595
vt 0.80178831 0.05405405
vt 0.79143717 0.94594595
vt 0.80178831 0.94594595
vt 0.79143717 0.05405405
vt 0.77961526 0.05405405
vt 0.77961526 0.94594595
vt 0.79143717 0.05405405
vt 0.77961526 0.94594595
vt 0.79143717 0.94594595
vt 0.77961526 0.05405405
vt 0.76591569 0.05405405
vt 0.76591569 0.94594595
vt 0.77961526 0.05405405
vt 0.76591569 0.94594595
vt 0.77961526 0.94594595
vt 0.76591569 0.05405405
vt 0.74976928 0.05405405
vt 0.74976928 0.94594595
vt 0.76591569 0.05405405
vt 0.74976928 0.94594595
vt 0.76591569 0.94594595
vt 0.74976928 0.05405405
vt 0.73035689 0.05405405
vt 0.73035689 0.94594595
vt 0.74976928 0.05405405
vt 0.73035689 0.94594595
vt 0.74976928 0.94594595
vt 0.73035689 0.05405405
vt 0.70644181 0.05405405
vt 0.70644181 0.94594595
vt 0.73035689 0.05405405
vt 0.70644181 0.94594595
vt 0.73035689 0.94594595
vt 0.70644181 0.05405405
vt 0.67608784 0.05405405
vt 0.67608784 0.94594595
vt 0.70644181 0.05405405
vt 0.67608784 0.94594595
vt 0.70644181 0.94594595
vt 0.67608784 0.05405405
vt 0.63606890 0.05405405
vt 0.63606890 0.94594595
vt 0.67608784 0.05405405
vt 0.63606890 0.94594595
vt 0.67608784 0.94594595
vt 0.63606890 0.05405405
vt 0.58057910 0.05405405
vt 0.58057910 0.94594595
vt 0.63606890 0.05405405
vt 0.58057910 0.94594595
vt 0.63606890 0.94594595
vt 0.58057910 0.05405405
vt 0.49799865 0.05405405
vt 0.49799865 0.94594595
vt 0.58057910 0.05405405
vt 0.49799865 0.94594595
vt 0.58057910 0.94594595
vt 0.49799865 0.05405405
vt 0.36121831 0.05405405
vt 0.36121831 0.94594595
vt 0.49799865 0.05405405
vt 0.36121831 0.94594595
vt 0.49799865 0.94594595
vt 0.36121831 0.05405405
vt 0.08885975 0.05405405
vt 0.08885975 0.94594595
vt 0.36121831 0.05405405
vt 0.08885975 0.94594595
vt 0.36121831 0.94594595
vt 0.08885975 0.05405405
vt 0.00547611 0.05405405
vt 0.00547611 0.94594595
vt 0.08885975 0.05405405
vt 0.00547611 0.94594595
vt 0.08885975 0.94594595
vt 0.98003692 0.05405405
vt 0.95562265 0.05405405
vt 0.95562265 0.94594595
vt 0.98003692 0.05405405
vt 0.95562265 0.94594595
vt 0.98003692 0.94594595
vt 0.95562265 0.05405405
vt 0.93106045 0.05405405
vt 0.93106045 0.94594595
vt 0.95562265 0.05405405
vt 0.93106045 0.94594595
vt 0.95562265 0.94594595
vt 0.93106045 0.05405405
vt 0.90637990 0.05405405
vt 0.90637990 0.94594595
vt 0.93106045 0.05405405
vt 0.90637990 0.94594595
vt 0.93106045 0.94594595
vt 0.90637990 0.05405405
vt 0.88145971 0.05405405
vt 0.88145971 0.94594595
vt 0.90637990 0.05405405
vt 0.88145971 0.94594595
vt 0.90637990 0.94594595
vt 0.88145971 0.05405405
vt 0.85617265 0.05405405
vt 0.85617265 0.94594595
vt 0.88145971 0.05405405
vt 0.85617265 0.94594595
vt 0.88145971 0.94594595
vt 0.85617265 0.05405405
vt 0.83038707 0.05405405
vt 0.83038707 0.94594595
vt 0.85617265 0.05405405
vt 0.83038707 0.94594595
vt 0.85617265 0.94594595
vt 0.83038707 0.05405405
vt 0.80395948 0.05405405
vt 0.80395948 0.94594595
vt 0.83038707 0.05405405
vt 0.80395948 0.94594595
vt 0.83038707 0.94594595
vt 0.80395948 0.05405405
vt 0.77673159 0.05405405
vt 0.77673159 0.94594595
vt 0.80395948 0.05405405
vt 0.77673159 0.94594595
vt 0.80395948 0.94594595
vt 0.77673159 0.05405405
vt 0.74852884 0.05405405
vt 0.74852884 0.94594595
vt 0.77673159 0.05405405
vt 0.74852884 0.94594595
vt 0.77673159 0.94594595
vt 0.74852884 0.05405405
vt 0.71915449 0.05405405
vt 0.71915449 0.94594595
vt 0.74852884 0.05405405
vt 0.71915449 0.94594595
vt 0.74852884 0.94594595
vt 0.71915449 0.05405405
vt 0.68838221 0.05405405
vt 0.68838221 0.94594595
vt 0.71915449 0.05405405
vt 0.68838221 0.94594595
vt 0.71915449 0.94594595
vt 0.68838221 0.05405405
vt 0.65595017 0.05405405
vt 0.65595017 0.94594595
vt 0.68838221 0.05405405
vt 0.65595017 0.94594595
vt 0.68838221 0.94594595
vt 0.65595017 0.05405405
vt 0.62154918 0.05405405
vt 0.62154918 0.94594595
vt 0.65595017 0.05405405
vt 0.62154918 0.94594595
vt 0.65595017 0.94594595
vt 0.62154918 0.05405405
vt 0.58481386 0.05405405
vt 0.58481386 0.94594595
vt 0.62154918 0.05405405
vt 0.58481386 0.94594595
vt 0.62154918 0.94594595
vt 0.58481386 0.05405405
vt 0.54530043 0.05405405
vt 0.54530043 0.94594595
vt 0.58481386 0.05405405
vt 0.54530043 0.94594595
vt 0.58481386 0.94594595
vt 0.54530043 0.05405405
vt 0.50246598 0.05405405
vt 0.50246598 0.94594595
vt 0.54530043 0.05405405
vt 0.50246598 0.94594595
vt 0.54530043 0.94594595
vt 0.50246598 0.05405405
vt 0.45564040 0.05405405
vt 0.45564040 0.94594595
vt 0.50246598 0.05405405
vt 0.45564040 0.94594595
vt 0.50246598 0.94594595
vt 0.45564040 0.05405405
vt 0.40397457 0.05405405
vt 0.40397457 0.94594595
vt 0.45564040 0.05405405
vt 0.40397457 0.94594595
vt 0.45564040 0.94594595
vt 0.40397457 0.05405405
vt 0.34638564 0.05405405
vt 0.34638564 0.94594595
vt 0.40397457 0.05405405
vt 0.34638564 0.94594595
vt 0.40397457 0.94594595
vt 0.34638564 0.05405405
vt 0.28146385 0.05405405
vt 0.28146385 0.94594595
vt 0.34638564 0.05405405
vt 0.28146385 0.94594595
vt 0.34638564 0.94594595
vt 0.28146385 0.05405405
vt 0.20732902 0.05405405
vt 0.20732902 0.94594595
vt 0.28146385 0.05405405
vt 0.20732902 0.94594595
vt 0.28146385 0.94594595
vt 0.20732902 0.05405405
vt 0.12142639 0.05405405
vt 0.12142639 0.94594595
vt 0.20732902 0.05405405
vt 0.12142639 0.94594595
vt 0.20732902 0.94594595
vt 0.12142639 0.05405405
vt 0.02339208 0.05405405
vt 0.02339208 0.94594595
vt 0.12142639 0.05405405
vt 0.02339208 0.94594595
vt 0.12142639 0.94594595
vt 0.00307449 0.05405405
vt 0.08636771 0.05405405
vt 0.08636771 0.94594595
vt 0.00307449 0.05405405
vt 0.08636771 0.94594595
vt 0.00307449 0.94594595
vt 0.08636771 0.05405405
vt 0.18730203 0.05405405
vt 0.18730203 0.94594595
vt 0.08636771 0.05405405
vt 0.18730203 0.94594595
vt 0.08636771 0.94594595
vt 0.18730203 0.05405405
vt 0.28420971 0.05405405
vt 0.28420971 0.94594595
vt 0.18730203 0.05405405
vt 0.28420971 0.94594595
vt 0.18730203 0.94594595
vt 0.28420971 0.05405405
vt 0.37776897 0.05405405
vt 0.37776897 0.94594595
vt 0.28420971 0.05405405
vt 0.37776897 0.94594595
vt 0.28420971 0.94594595
vt 0.37776897 0.05405405
vt 0.46858353 0.05405405
vt 0.46858353 0.94594595
vt 0.37776897 0.05405405
vt 0.46858353 0.94594595
vt 0.37776897 0.94594595
vt 0.46858353 0.05405405
vt 0.55719062 0.05405405
vt 0.55719062 0.94594595
vt 0.46858353 0.05405405
vt 0.55719062 0.94594595
vt 0.46858353 0.94594595
vt 0.55719062 0.05405405
vt 0.64408227 0.05405405
vt 0.64408227 0.94594595
vt 0.55719062 0.05405405
vt 0.64408227 0.94594595
vt 0.55719062 0.94594595
vt 0.64408227 0.05405405
vt 0.72971859 0.05405405
vt 0.72971859 0.94594595
vt 0.64408227 0.05405405
vt 0.72971859 0.94594595
vt 0.64408227 0.94594595
vt 0.72971859 0.05405405
vt 0.81453044 0.05405405
vt 0.81453044 0.94594595
vt 0.72971859 0.05405405
vt 0.81453044 0.94594595
vt 0.72971859 0.94594595
vt 0.81453044 0.05405405
vt 0.89893536 0.05405405
vt 0.89893536 0.94594595
vt 0.81453044 0.05405405
vt 0.89893536 0.94594595
vt 0.81453044 0.94594595
vt 0.89893536 0.05405405
vt 0.98244135 0.05405405
vt 0.98244135 0.94594595
vt 0.89893536 0.05405405
vt 0.98244135 0.94594595
vt 0.89893536 0.94594595
vt 0.01017311 0.05405405
vt 0.38514019 0.05405405
vt 0.38514019 0.94594595
vt 0.01017311 0.05405405
vt 0.38514019 0.94594595
vt 0.01017311 0.94594595
vt 0.38514019 0.05405405
vt 0.57677981 0.05405405
vt 0.57677981 0.94594595
vt 0.38514019 0.05405405
vt 0.57677981 0.94594595
vt 0.38514019 0.94594595
vt 0.57677981 0.05405405
vt 0.67308483 0.05405405
vt 0.67308483 0.94594595
vt 0.57677981 0.05405405
vt 0.67308483 0.94594595
vt 0.57677981 0.94594595
vt 0.67308483 0.05405405
vt 0.73124773 0.05405405
vt 0.73124773 0.94594595
vt 0.67308483 0.05405405
vt 0.73124773 0.94594595
vt 0.67308483 0.94594595
vt 0.73124773 0.05405405
vt 0.77034104 0.05405405
vt 0.77034104 0.94594595
vt 0.73124773 0.05405405
vt 0.77034104 0.94594595
vt 0.73124773 0.94594595
vt 0.77034104 0.05405405
vt 0.79853787 0.05405405
vt 0.79853787 0.94594595
vt 0.77034104 0.05405405
vt 0.79853787 0.94594595
vt 0.77034104 0.94594595
vt 0.79853787 0.05405405
vt 0.81992698 0.05405405
vt 0.81992698 0.94594595
vt 0.79853787 0.05405405
vt 0.81992698 0.94594595
vt 0.79853787 0.94594595
vt 0.81992698 0.05405405
vt 0.83678206 0.05405405
vt 0.83678206 0.94594595
vt 0.81992698 0.05405405
vt 0.83678206 0.94594595
vt 0.81992698 0.94594595
vt 0.83678206 0.05405405
vt 0.85046405 0.05405405
vt 0.85046405 0.94594595
vt 0.83678206 0.05405405
vt 0.85046405 0.94594595
vt 0.83678206 0.94594595
vt 0.85046405 0.05405405
vt 0.86184427 0.05405405
vt 0.86184427 0.94594595
vt 0.85046405 0.05405405
vt 0.86184427 0.94594595
vt 0.85046405 0.94594595
vt 0.86184427 0.05405405
vt 0.87149962 0.05405405
vt 0.87149962 0.94594595
vt 0.86184427 0.05405405
vt 0.87149962 0.94594595
vt 0.86184427 0.94594595
vt 0.87149962 0.05405405
vt 0.87983248 0.05405405
vt 0.87983248 0.94594595
vt 0.87149962 0.05405405
vt 0.87983248 0.94594595
vt 0.87149962 0.94594595
vt 0.87983248 0.05405405
vt 0.88713132 0.05405405
vt 0.88713132 0.94594595
vt 0.87983248 0.05405405
vt 0.88713132 0.94594595
vt 0.87983248 0.94594595
vt 0.88713132 0.05405405
vt 0.89360471 0.05405405
vt 0.89360471 0.94594595
vt 0.88713132 0.05405405
vt 0.89360471 0.94594595
vt 0.88713132 0.94594595
vt 0.89360471 0.05405405
vt 0.89941242 0.05405405
vt 0.89941242 0.94594595
vt 0.89360471 0.05405405
vt 0.89941242 0.94594595
vt 0.89360471 0.94594595
vt 0.89941242 0.05405405
vt 0.90467575 0.05405405
vt 0.90467575 0.94594595
vt 0.89941242 0.05405405
vt 0.90467575 0.94594595
vt 0.89941242 0.94594595
vt 0.90467575 0.05405405
vt 0.90949234 0.05405405
vt 0.90949234 0.94594595
vt 0.90467575 0.05405405
vt 0.90949234 0.94594595
vt 0.90467575 0.94594595
vt 0.90949234 0.05405405
vt 0.91393318 0.05405405
vt 0.91393318 0.94594595
vt 0.90949234 0.05405405
vt 0.91393318 0.94594595
vt 0.90949234 0.94594595
vt 0.91393318 0.05405405
vt 0.91806337 0.05405405
vt 0.91806337 0.94594595
vt 0.91393318 0.05405405
vt 0.91806337 0.94594595
vt 0.91393318 0.94594595
vt 0.91806337 0.05405405
vt 0.92193024 0.05405405
vt 0.92193024 0.94594595
vt 0.91806337 0.05405405
vt 0.92193024 0.94594595
vt 0.91806337 0.94594595
vt 0.92193024 0.05405405
vt 0.92557670 0.05405405
vt 0.92557670 0.94594595
vt 0.92193024 0.05405405
vt 0.92557670 0.94594595
vt 0.92193024 0.94594595
vt 0.92557670 0.05405405
vt 0.92903677 0.05405405
vt 0.92903677 0.94594595
vt 0.92557670 0.05405405
vt 0.92903677 0.94594595
vt 0.92557670 0.94594595
vt 0.92903677 0.05405405
vt 0.93233856 0.05405405
vt 0.93233856 0.94594595
vt 0.92903677 0.05405405
vt 0.93233856 0.94594595
vt 0.92903677 0.94594595
vt 0.93233856 0.05405405
vt 0.93551016 0.05405405
vt 0.93551016 0.94594595
vt 0.93233856 0.05405405
vt 0.93551016 0.94594595
vt 0.93233856 0.94594595
vt 0.93551016 0.05405405
vt 0.93857082 0.05405405
vt 0.93857082 0.94594595
vt 0.93551016 0.05405405
vt 0.93857082 0.94594595
vt 0.93551016 0.94594595
vt 0.93857082 0.05405405
vt 0.94154273 0.05405405
vt 0.94154273 0.94594595
vt 0.93857082 0.05405405
vt 0.94154273 0.94594595
vt 0.93857082 0.94594595
vt 0.94154273 0.05405405
vt 0.94444066 0.05405405
vt 0.94444066 0.94594595
vt 0.94154273 0.05405405
vt 0.94444066 0.94594595
vt 0.94154273 0.94594595
vt 0.94444066 0.05405405
vt 0.94728387 0.05405405
vt 0.94728387 0.94594595
vt 0.94444066 0.05405405
vt 0.94728387 0.94594595
vt 0.94444066 0.94594595
vt 0.94728387 0.05405405
vt 0.95008565 0.05405405
vt 0.95008565 0.94594595
vt 0.94728387 0.05405405
vt 0.95008565 0.94594595
vt 0.94728387 0.94594595
vt 0.95008565 0.05405405
vt 0.95286081 0.05405405
vt 0.95286081 0.94594595
vt 0.95008565 0.05405405
vt 0.95286081 0.94594595
vt 0.95008565 0.94594595
vt 0.95286081 0.05405405
vt 0.95562265 0.05405405
vt 0.95562265 0.94594595
vt 0.95286081 0.05405405
vt 0.95562265 0.94594595
vt 0.95286081 0.94594595
vt 0.95562265 0.94594595
vt 0.95838449 0.94594595
vt 0.95802059 1.00000000
vt 0.95562265 0.94594595
vt 0.95802059 1.00000000
vt 0.95562265 1.00000000
vt 0.95838449 0.94594595
vt 0.96115965 0.94594595
vt 0.96043036 1.00000000
vt 0.95838449 0.94594595
vt 0.96043036 1.00000000
vt 0.95802059 1.00000000
vt 0.96115965 0.94594595
vt 0.96396143 0.94594595
vt 0.96286380 1.00000000
vt 0.96115965 0.94594595
vt 0.96286380 1.00000000
vt 0.96043036 1.00000000
vt 0.96396143 0.94594595
vt 0.96680020 0.94594595
vt 0.96533274 1.00000000
vt 0.96396143 0.94594595
vt 0.96533274 1.00000000
vt 0.96286380 1.00000000
vt 0.96680020 0.94594595
vt 0.96965228 0.94594595
vt 0.96783275 1.00000000
vt 0.96680020 0.94594595
vt 0.96783275 1.00000000
vt 0.96533274 1.00000000
vt 0.96965228 0.94594595
vt 0.97248365 0.94594595
vt 0.97032092 1.00000000
vt 0.96965228 0.94594595
vt 0.97032092 1.00000000
vt 0.96783275 1.00000000
vt 0.97248365 0.94594595
vt 0.97526916 0.94594595
vt 0.97277211 1.00000000
vt 0.97248365 0.94594595
vt 0.97277211 1.00000000
vt 0.97032092 1.00000000
vt 0.97526916 0.94594595
vt 0.97799402 0.94594595
vt 0.97516413 1.00000000
vt 0.97526916 0.94594595
vt 0.97516413 1.00000000
vt 0.97277211 1.00000000
vt 0.97799402 0.94594595
vt 0.98063752 0.94594595
vt 0.97747479 1.00000000
vt 0.97799402 0.94594595
vt 0.97747479 1.00000000
vt 0.97516413 1.00000000
vt 0.98063752 0.94594595
vt 0.98317155 0.94594595
vt 0.97968485 1.00000000
vt 0.98063752 0.94594595
vt 0.97968485 1.00000000
vt 0.97747479 1.00000000
vt 0.98317155 0.94594595
vt 0.98558280 0.94594595
vt 0.98177066 1.00000000
vt 0.98317155 0.94594595
vt 0.98177066 1.00000000
vt 0.97968485 1.00000000
vt 0.98558280 0.94594595
vt 0.98785499 0.94594595
vt 0.98371445 1.00000000
vt 0.98558280 0.94594595
vt 0.98371445 1.00000000
vt 0.98177066 1.00000000
vt 0.98785499 0.94594595
vt 0.98996891 0.94594595
vt 0.98550144 1.00000000
vt 0.98785499 0.94594595
vt 0.98550144 1.00000000
vt 0.98371445 1.00000000
vt 0.98219667 0.94594595
vt 0.97841738 0.94594595
vt 0.96792528 1.00000000
vt 0.98219667 0.94594595
vt 0.96792528 1.00000000
vt 0.97136679 1.00000000
vt 0.97841738 0.94594595
vt 0.97437746 0.94594595
vt 0.96422844 1.00000000
vt 0.97841738 0.94594595
vt 0.96422844 1.00000000
vt 0.96792528 1.00000000
vt 0.97437746 0.94594595
vt 0.97011412 0.94594595
vt 0.96031617 1.00000000
vt 0.97437746 0.94594595
vt 0.96031617 1.00000000
vt 0.96422844 1.00000000
vt 0.97011412 0.94594595
vt 0.96563270 0.94594595
vt 0.95622040 1.00000000
vt 0.97011412 0.94594595
vt 0.95622040 1.00000000
vt 0.96031617 1.00000000
vt 0.96563270 0.94594595
vt 0.96098905 0.94594595
vt 0.95198100 1.00000000
vt 0.96563270 0.94594595
vt 0.95198100 1.00000000
vt 0.95622040 1.00000000
vt 0.96098905 0.94594595
vt 0.95623103 0.94594595
vt 0.94763522 1.00000000
vt 0.96098905 0.94594595
vt 0.94763522 1.00000000
vt 0.95198100 1.00000000
vt 0.95623103 0.94594595
vt 0.95137195 0.94594595
vt 0.94322295 1.00000000
vt 0.95623103 0.94594595
vt 0.94322295 1.00000000
vt 0.94763522 1.00000000
vt 0.95137195 0.94594595
vt 0.94645968 0.94594595
vt 0.93875217 1.00000000
vt 0.95137195 0.94594595
vt 0.93875217 1.00000000
vt 0.94322295 1.00000000
vt 0.94645968 0.94594595
vt 0.94154475 0.94594595
vt 0.93444363 1.00000000
vt 0.94645968 0.94594595
vt 0.93444363 1.00000000
vt 0.93875217 1.00000000
vt 0.94154475 0.94594595
vt 0.93663779 0.94594595
vt 0.93035583 1.00000000
vt 0.94154475 0.94594595
vt 0.93035583 1.00000000
vt 0.93444363 1.00000000
vt 0.93663779 0.94594595
vt 0.93195424 0.94594595
vt 0.92645420 1.00000000
vt 0.93663779 0.94594595
vt 0.92645420 1.00000000
vt 0.93035583 1.00000000
vt 0.93195424 0.94594595
vt 0.92745687 0.94594595
vt 0.92270683 1.00000000
vt 0.93195424 0.94594595
vt 0.92270683 1.00000000
vt 0.92645420 1.00000000
vt 0.92745687 0.94594595
vt 0.92311641 0.94594595
vt 0.91908712 1.00000000
vt 0.92745687 0.94594595
vt 0.91908712 1.00000000
vt 0.92270683 1.00000000
vt 0.92311641 0.94594595
vt 0.91890361 0.94594595
vt 0.91557645 1.00000000
vt 0.92311641 0.94594595
vt 0.91557645 1.00000000
vt 0.91908712 1.00000000
vt 0.91890361 0.94594595
vt 0.91479187 0.94594595
vt 0.91215089 1.00000000
vt 0.91890361 0.94594595
vt 0.91215089 1.00000000
vt 0.91557645 1.00000000
vt 0.91479187 0.94594595
vt 0.91075993 0.94594595
vt 0.90878917 1.00000000
vt 0.91479187 0.94594595
vt 0.90878917 1.00000000
vt 0.91215089 1.00000000
vt 0.91075993 0.94594595
vt 0.90678649 0.94594595
vt 0.90547797 1.00000000
vt 0.91075993 0.94594595
vt 0.90547797 1.00000000
vt 0.90878917 1.00000000
vt 0.90678649 0.94594595
vt 0.90285295 0.94594595
vt 0.90219869 1.00000000
vt 0.90678649 0.94594595
vt 0.90219869 1.00000000
vt 0.90547797 1.00000000
vt 0.90285295 0.94594595
vt 0.89893536 0.94594595
vt 0.89893536 1.00000000
vt 0.90285295 0.94594595
vt 0.89893536 1.00000000
vt 0.90219869 1.00000000
vt 0.89893536 0.94594595
vt 0.89501778 0.94594595
vt 0.89567204 1.00000000
vt 0.89893536 0.94594595
vt 0.89567204 1.00000000
vt 0.89893536 1.00000000
vt 0.89501778 0.94594595
vt 0.89108424 0.94594595
vt 0.89239276 1.00000000
vt 0.89501778 0.94594595
vt 0.89239276 1.00000000
vt 0.89567204 1.00000000
vt 0.89108424 0.94594595
vt 0.88711080 0.94594595
vt 0.88908156 1.00000000
vt 0.89108424 0.94594595
vt 0.88908156 1.00000000
vt 0.89239276 1.00000000
vt 0.88711080 0.94594595
vt 0.88307885 0.94594595
vt 0.88571983 1.00000000
vt 0.88711080 0.94594595
vt 0.88571983 1.00000000
vt 0.88908156 1.00000000
vt 0.88307885 0.94594595
vt 0.87896712 0.94594595
vt 0.88229427 1.00000000
vt 0.88307885 0.94594595
vt 0.88229427 1.00000000
vt 0.88571983 1.00000000
vt 0.87896712 0.94594595
vt 0.87475166 0.94594595
vt 0.87878095 1.00000000
vt 0.87896712 0.94594595
vt 0.87878095 1.00000000
vt 0.88229427 1.00000000
vt 0.87475166 0.94594595
vt 0.87041120 0.94594595
vt 0.87516390 1.00000000
vt 0.87475166 0.94594595
vt 0.87516390 1.00000000
vt 0.87878095 1.00000000
vt 0.87041120 0.94594595
vt 0.86591382 0.94594595
vt 0.87141653 1.00000000
vt 0.87041120 0.94594595
vt 0.87141653 1.00000000
vt 0.87516390 1.00000000
vt 0.86591382 0.94594595
vt 0.86123028 0.94594595
vt 0.86751224 1.00000000
vt 0.86591382 0.94594595
vt 0.86751224 1.00000000
vt 0.87141653 1.00000000
vt 0.86123028 0.94594595
vt 0.85632332 0.94594595
vt 0.86342444 1.00000000
vt 0.86123028 0.94594595
vt 0.86342444 1.00000000
vt 0.86751224 1.00000000
vt 0.85632332 0.94594595
vt 0.85115307 0.94594595
vt 0.85911324 1.00000000
vt 0.85632332 0.94594595
vt 0.85911324 1.00000000
vt 0.86342444 1.00000000
vt 0.85115307 0.94594595
vt 0.84566632 0.94594595
vt 0.85454405 1.00000000
vt 0.85115307 0.94594595
vt 0.85454405 1.00000000
vt 0.85911324 1.00000000
vt 0.84566632 0.94594595
vt 0.83980989 0.94594595
vt 0.84966103 1.00000000
vt 0.84566632 0.94594595
vt 0.84966103 1.00000000
vt 0.85454405 1.00000000
vt 0.83980989 0.94594595
vt 0.83350931 0.94594595
vt 0.84441099 1.00000000
vt 0.83980989 0.94594595
vt 0.84441099 1.00000000
vt 0.84966103 1.00000000
vt 0.83350931 0.94594595
vt 0.82667681 0.94594595
vt 0.83871946 1.00000000
vt 0.83350931 0.94594595
vt 0.83871946 1.00000000
vt 0.84441099 1.00000000
vt 0.82667681 0.94594595
vt 0.81921132 0.94594595
vt 0.83249600 1.00000000
vt 0.82667681 0.94594595
vt 0.83249600 1.00000000
vt 0.83871946 1.00000000
vt 0.81921132 0.94594595
vt 0.81097190 0.94594595
vt 0.82563159 1.00000000
vt 0.81921132 0.94594595
vt 0.82563159 1.00000000
vt 0.83249600 1.00000000
vt 0.81097190 0.94594595
vt 0.80178831 0.94594595
vt 0.81797727 1.00000000
vt 0.81097190 0.94594595
vt 0.81797727 1.00000000
vt 0.82563159 1.00000000
vt 0.80178831 0.94594595
vt 0.79143717 0.94594595
vt 0.80934954 1.00000000
vt 0.80178831 0.94594595
vt 0.80934954 1.00000000
vt 0.81797727 1.00000000
vt 0.79143717 0.94594595
vt 0.77961526 0.94594595
vt 0.79949840 1.00000000
vt 0.79143717 0.94594595
vt 0.79949840 1.00000000
vt 0.80934954 1.00000000
vt 0.77961526 0.94594595
vt 0.76591569 0.94594595
vt 0.78808342 1.00000000
vt 0.77961526 0.94594595
vt 0.78808342 1.00000000
vt 0.79949840 1.00000000
vt 0.76591569 0.94594595
vt 0.74976928 0.94594595
vt 0.77462852 1.00000000
vt 0.76591569 0.94594595
vt 0.77462852 1.00000000
vt 0.78808342 1.00000000
vt 0.74976928 0.94594595
vt 0.73035689 0.94594595
vt 0.75845020 1.00000000
vt 0.74976928 0.94594595
vt 0.75845020 1.00000000
vt 0.77462852 1.00000000
vt 0.73035689 0.94594595
vt 0.70644181 0.94594595
vt 0.73852185 1.00000000
vt 0.73035689 0.94594595
vt 0.73852185 1.00000000
vt 0.75845020 1.00000000
vt 0.70644181 0.94594595
vt 0.67608784 0.94594595
vt 0.71322909 1.00000000
vt 0.70644181 0.94594595
vt 0.71322909 1.00000000
vt 0.73852185 1.00000000
vt 0.67608784 0.94594595
vt 0.63606890 0.94594595
vt 0.67988042 1.00000000
vt 0.67608784 0.94594595
vt 0.67988042 1.00000000
vt 0.71322909 1.00000000
vt 0.63606890 0.94594595
vt 0.58057910 0.94594595
vt 0.63364335 1.00000000
vt 0.63606890 0.94594595
vt 0.63364335 1.00000000
vt 0.67988042 1.00000000
vt 0.58057910 0.94594595
vt 0.49799865 0.94594595
vt 0.56483429 1.00000000
vt 0.58057910 0.94594595
vt 0.56483429 1.00000000
vt 0.63364335 1.00000000
vt 0.49799865 0.94594595
vt 0.36121831 0.94594595
vt 0.45086796 1.00000000
vt 0.49799865 0.94594595
vt 0.45086796 1.00000000
vt 0.56483429 1.00000000
vt 0.36121831 0.94594595
vt 0.08885975 0.94594595
vt 0.22395923 1.00000000
vt 0.36121831 0.94594595
vt 0.22395923 1.00000000
vt 0.45086796 1.00000000
vt 0.08885975 0.94594595
vt 0.00547611 0.94594595
vt 0.02007197 1.00000000
vt 0.08885975 1.00000000
vt 0.02007197 0.97963751
vt 0.22395923 0.99259909
vt 0.98003692 0.94594595
vt 0.95562265 0.94594595
vt 0.95562265 1.00000000
vt 0.98003692 0.94594595
vt 0.95562265 1.00000000
vt 0.97963751 1.00000000
vt 0.95562265 0.94594595
vt 0.93106045 0.94594595
vt 0.93142435 1.00000000
vt 0.95562265 0.94594595
vt 0.93142435 1.00000000
vt 0.95562265 1.00000000
vt 0.93106045 0.94594595
vt 0.90637990 0.94594595
vt 0.90710771 1.00000000
vt 0.93106045 0.94594595
vt 0.90710771 1.00000000
vt 0.93142435 1.00000000
vt 0.90637990 0.94594595
vt 0.88145971 0.94594595
vt 0.88255587 1.00000000
vt 0.90637990 0.94594595
vt 0.88255587 1.00000000
vt 0.90710771 1.00000000
vt 0.88145971 0.94594595
vt 0.85617265 0.94594595
vt 0.85764307 1.00000000
vt 0.88145971 0.94594595
vt 0.85764307 1.00000000
vt 0.88255587 1.00000000
vt 0.85617265 0.94594595
vt 0.83038707 0.94594595
vt 0.83223767 1.00000000
vt 0.85617265 0.94594595
vt 0.83223767 1.00000000
vt 0.85764307 1.00000000
vt 0.83038707 0.94594595
vt 0.80395948 0.94594595
vt 0.80620061 1.00000000
vt 0.83038707 0.94594595
vt 0.80620061 1.00000000
vt 0.83223767 1.00000000
vt 0.80395948 0.94594595
vt 0.77673159 0.94594595
vt 0.77937509 1.00000000
vt 0.80395948 0.94594595
vt 0.77937509 1.00000000
vt 0.80620061 1.00000000
vt 0.77673159 0.94594595
vt 0.74852884 0.94594595
vt 0.75158950 1.00000000
vt 0.77673159 0.94594595
vt 0.75158950 1.00000000
vt 0.77937509 1.00000000
vt 0.74852884 0.94594595
vt 0.71915449 0.94594595
vt 0.72264859 1.00000000
vt 0.74852884 0.94594595
vt 0.72264859 1.00000000
vt 0.75158950 1.00000000
vt 0.71915449 0.94594595
vt 0.68838221 0.94594595
vt 0.69233193 1.00000000
vt 0.71915449 0.94594595
vt 0.69233193 1.00000000
vt 0.72264859 1.00000000
vt 0.68838221 0.94594595
vt 0.65595017 0.94594595
vt 0.66037917 1.00000000
vt 0.68838221 0.94594595
vt 0.66037917 1.00000000
vt 0.69233193 1.00000000
vt 0.65595017 0.94594595
vt 0.62154918 0.94594595
vt 0.62648854 1.00000000
vt 0.65595017 0.94594595
vt 0.62648854 1.00000000
vt 0.66037917 1.00000000
vt 0.62154918 0.94594595
vt 0.58481386 0.94594595
vt 0.59029613 1.00000000
vt 0.62154918 0.94594595
vt 0.59029613 1.00000000
vt 0.62648854 1.00000000
vt 0.58481386 0.94594595
vt 0.54530043 0.94594595
vt 0.55136702 1.00000000
vt 0.58481386 0.94594595
vt 0.55136702 1.00000000
vt 0.59029613 1.00000000
vt 0.54530043 0.94594595
vt 0.50246598 0.94594595
vt 0.50916571 1.00000000
vt 0.54530043 0.94594595
vt 0.50916571 1.00000000
vt 0.55136702 1.00000000
vt 0.50246598 0.94594595
vt 0.45564040 0.94594595
vt 0.46303244 1.00000000
vt 0.50246598 0.94594595
vt 0.46303244 1.00000000
vt 0.50916571 1.00000000
vt 0.45564040 0.94594595
vt 0.40397457 0.94594595
vt 0.41213140 1.00000000
vt 0.45564040 0.94594595
vt 0.41213140 1.00000000
vt 0.46303244 1.00000000
vt 0.40397457 0.94594595
vt 0.34638564 0.94594595
vt 0.35539454 1.00000000
vt 0.40397457 0.94594595
vt 0.35539454 1.00000000
vt 0.41213140 1.00000000
vt 0.34638564 0.94594595
vt 0.28146385 0.94594595
vt 0.29143429 1.00000000
vt 0.34638564 0.94594595
vt 0.29143429 1.00000000
vt 0.35539454 1.00000000
vt 0.28146385 0.94594595
vt 0.20732902 0.94594595
vt 0.21839710 1.00000000
vt 0.28146385 0.94594595
vt 0.21839710 1.00000000
vt 0.29143429 1.00000000
vt 0.20732902 0.94594595
vt 0.12142639 0.94594595
vt 0.13376667 1.00000000
vt 0.20732902 0.94594595
vt 0.13376667 1.00000000
vt 0.21839710 1.00000000
vt 0.12142639 0.94594595
vt 0.02339208 0.94594595
vt 0.03402377 1.00000000
vt 0.12142639 0.94594595
vt 0.03402377 1.00000000
vt 0.13376667 1.00000000
vt 0.00307449 0.94594595
vt 0.08636771 0.94594595
vt 0.09264968 1.00000000
vt 0.00307449 0.94594595
vt 0.09264968 1.00000000
vt 0.01329000 1.00000000
vt 0.08636771 0.94594595
vt 0.18730203 0.94594595
vt 0.19280473 1.00000000
vt 0.08636771 0.94594595
vt 0.19280473 1.00000000
vt 0.09264968 1.00000000
vt 0.18730203 0.94594595
vt 0.28420971 0.94594595
vt 0.28896241 1.00000000
vt 0.18730203 0.94594595
vt 0.28896241 1.00000000
vt 0.19280473 1.00000000
vt 0.28420971 0.94594595
vt 0.37776897 0.94594595
vt 0.38180092 1.00000000
vt 0.28420971 0.94594595
vt 0.38180092 1.00000000
vt 0.28896241 1.00000000
vt 0.37776897 0.94594595
vt 0.46858353 0.94594595
vt 0.47191334 1.00000000
vt 0.37776897 0.94594595
vt 0.47191334 1.00000000
vt 0.38180092 1.00000000
vt 0.46858353 0.94594595
vt 0.55719062 0.94594595
vt 0.55983425 1.00000000
vt 0.46858353 0.94594595
vt 0.55983425 1.00000000
vt 0.47191334 1.00000000
vt 0.55719062 0.94594595
vt 0.64408227 0.94594595
vt 0.64605569 1.00000000
vt 0.55719062 0.94594595
vt 0.64605569 1.00000000
vt 0.55983425 1.00000000
vt 0.64408227 0.94594595
vt 0.72971859 0.94594595
vt 0.73102977 1.00000000
vt 0.64408227 0.94594595
vt 0.73102977 1.00000000
vt 0.64605569 1.00000000
vt 0.72971859 0.94594595
vt 0.81453044 0.94594595
vt 0.81518470 1.00000000
vt 0.72971859 0.94594595
vt 0.81518470 1.00000000
vt 0.73102977 1.00000000
vt 0.81453044 0.94594595
vt 0.89893536 0.94594595
vt 0.89893536 1.00000000
vt 0.81453044 0.94594595
vt 0.89893536 1.00000000
vt 0.81518470 1.00000000
vt 0.89893536 0.94594595
vt 0.98244135 0.94594595
vt 0.98140943 1.00000000
vt 0.89893536 0.94594595
vt 0.98140943 1.00000000
vt 0.89893536 1.00000000
vt 0.01017311 0.94594595
vt 0.38514019 0.94594595
vt 0.46015521 1.00000000
vt 0.01017311 0.94594595
vt 0.46015521 1.00000000
vt 0.02186693 1.00000000
vt 0.38514019 0.94594595
vt 0.57677981 0.94594595
vt 0.62660540 1.00000000
vt 0.38514019 0.94594595
vt 0.62660540 1.00000000
vt 0.46015521 1.00000000
vt 0.57677981 0.94594595
vt 0.67308483 0.94594595
vt 0.71024914 1.00000000
vt 0.57677981 0.94594595
vt 0.71024914 1.00000000
vt 0.62660540 1.00000000
vt 0.67308483 0.94594595
vt 0.73124773 0.94594595
vt 0.76076409 1.00000000
vt 0.67308483 0.94594595
vt 0.76076409 1.00000000
vt 0.71024914 1.00000000
vt 0.73124773 0.94594595
vt 0.77034104 0.94594595
vt 0.79471537 1.00000000
vt 0.73124773 0.94594595
vt 0.79471537 1.00000000
vt 0.76076409 1.00000000
vt 0.77034104 0.94594595
vt 0.79853787 0.94594595
vt 0.81920361 1.00000000
vt 0.77034104 0.94594595
vt 0.81920361 1.00000000
vt 0.79471537 1.00000000
vt 0.79853787 0.94594595
vt 0.81992698 0.94594595
vt 0.83777911 1.00000000
vt 0.79853787 0.94594595
vt 0.83777911 1.00000000
vt 0.81920361 1.00000000
vt 0.81992698 0.94594595
vt 0.83678206 0.94594595
vt 0.85241672 1.00000000
vt 0.81992698 0.94594595
vt 0.85241672 1.00000000
vt 0.83777911 1.00000000
vt 0.83678206 0.94594595
vt 0.85046405 0.94594595
vt 0.86429989 1.00000000
vt 0.83678206 0.94594595
vt 0.86429989 1.00000000
vt 0.85241672 1.00000000
vt 0.85046405 0.94594595
vt 0.86184427 0.94594595
vt 0.87418158 1.00000000
vt 0.85046405 0.94594595
vt 0.87418158 1.00000000
vt 0.86429989 1.00000000
vt 0.86184427 0.94594595
vt 0.87149962 0.94594595
vt 0.88256770 1.00000000
vt 0.86184427 0.94594595
vt 0.88256770 1.00000000
vt 0.87418158 1.00000000
vt 0.87149962 0.94594595
vt 0.87983248 0.94594595
vt 0.88980441 1.00000000
vt 0.87149962 0.94594595
vt 0.88980441 1.00000000
vt 0.88256770 1.00000000
vt 0.87983248 0.94594595
vt 0.88713132 0.94594595
vt 0.89614170 1.00000000
vt 0.87983248 0.94594595
vt 0.89614170 1.00000000
vt 0.88980441 1.00000000
vt 0.88713132 0.94594595
vt 0.89360471 0.94594595
vt 0.90176450 1.00000000
vt 0.88713132 0.94594595
vt 0.90176450 1.00000000
vt 0.89614170 1.00000000
vt 0.89360471 0.94594595
vt 0.89941242 0.94594595
vt 0.90680742 1.00000000
vt 0.89360471 0.94594595
vt 0.90680742 1.00000000
vt 0.90176450 1.00000000
vt 0.89941242 0.94594595
vt 0.90467575 0.94594595
vt 0.91137992 1.00000000
vt 0.89941242 0.94594595
vt 0.91137992 1.00000000
vt 0.90680742 1.00000000
vt 0.90467575 0.94594595
vt 0.90949234 0.94594595
vt 0.91556188 1.00000000
vt 0.90467575 0.94594595
vt 0.91556188 1.00000000
vt 0.91137992 1.00000000
vt 0.90949234 0.94594595
vt 0.91393318 0.94594595
vt 0.91941840 1.00000000
vt 0.90949234 0.94594595
vt 0.91941840 1.00000000
vt 0.91556188 1.00000000
vt 0.91393318 0.94594595
vt 0.91806337 0.94594595
vt 0.92300569 1.00000000
vt 0.91393318 0.94594595
vt 0.92300569 1.00000000
vt 0.91941840 1.00000000
vt 0.91806337 0.94594595
vt 0.92193024 0.94594595
vt 0.92636369 1.00000000
vt 0.91806337 0.94594595
vt 0.92636369 1.00000000
vt 0.92300569 1.00000000
vt 0.92193024 0.94594595
vt 0.92557670 0.94594595
vt 0.92953086 1.00000000
vt 0.92193024 0.94594595
vt 0.92953086 1.00000000
vt 0.92636369 1.00000000
vt 0.92557670 0.94594595
vt 0.92903677 0.94594595
vt 0.93253530 1.00000000
vt 0.92557670 0.94594595
vt 0.93253530 1.00000000
vt 0.92953086 1.00000000
vt 0.92903677 0.94594595
vt 0.93233856 0.94594595
vt 0.93540218 1.00000000
vt 0.92903677 0.94594595
vt 0.93540218 1.00000000
vt 0.93253530 1.00000000
vt 0.93233856 0.94594595
vt 0.93551016 0.94594595
vt 0.93815662 1.00000000
vt 0.93233856 0.94594595
vt 0.93815662 1.00000000
vt 0.93540218 1.00000000
vt 0.93551016 0.94594595
vt 0.93857082 0.94594595
vt 0.94081491 1.00000000
vt 0.93551016 0.94594595
vt 0.94081491 1.00000000
vt 0.93815662 1.00000000
vt 0.93857082 0.94594595
vt 0.94154273 0.94594595
vt 0.94339480 1.00000000
vt 0.93857082 0.94594595
vt 0.94339480 1.00000000
vt 0.94081491 1.00000000
vt 0.94154273 0.94594595
vt 0.94444066 0.94594595
vt 0.94591256 1.00000000
vt 0.94154273 0.94594595
vt 0.94591256 1.00000000
vt 0.94339480 1.00000000
vt 0.94444066 0.94594595
vt 0.94728387 0.94594595
vt 0.94838150 1.00000000
vt 0.94444066 0.94594595
vt 0.94838150 1.00000000
vt 0.94591256 1.00000000
vt 0.94728387 0.94594595
vt 0.95008565 0.94594595
vt 0.95081494 1.00000000
vt 0.94728387 0.94594595
vt 0.95081494 1.00000000
vt 0.94838150 1.00000000
vt 0.95008565 0.94594595
vt 0.95286081 0.94594595
vt 0.95322471 1.00000000
vt 0.95008565 0.94594595
vt 0.95322471 1.00000000
vt 0.95081494 1.00000000
vt 0.95286081 0.94594595
vt 0.95562265 0.94594595
vt 0.95562265 1.00000000
vt 0.95286081 0.94594595
vt 0.95562265 1.00000000
vt 0.95322471 1.00000000
vt 0.95562265 0.00000000
vt 0.95707384 0.05405405
vt 0.95707384 0.00000000
vt 0.95562265 0.00000000
vt 0.95562265 0.05405405
vt 0.95707384 0.05405405
vt 0.95707384 0.00000000
vt 0.95852207 0.05405405
vt 0.95852207 0.00000000
vt 0.95707384 0.00000000
vt 0.95707384 0.05405405
vt 0.95852207 0.05405405
vt 0.95852207 0.00000000
vt 0.95996438 0.05405405
vt 0.95996438 0.00000000
vt 0.95852207 0.00000000
vt 0.95852207 0.05405405
vt 0.95996438 0.05405405
vt 0.95996438 0.00000000
vt 0.96139486 0.05405405
vt 0.96139486 0.00000000
vt 0.95996438 0.00000000
vt 0.95996438 0.05405405
vt 0.96139486 0.05405405
vt 0.96139486 0.00000000
vt 0.96281202 0.05405405
vt 0.96281202 0.00000000
vt 0.96139486 0.00000000
vt 0.96139486 0.05405405
vt 0.96281202 0.05405405
vt 0.96281202 0.00000000
vt 0.96421143 0.05405405
vt 0.96421143 0.00000000
vt 0.96281202 0.00000000
vt 0.96281202 0.05405405
vt 0.96421143 0.05405405
vt 0.96421143 0.00000000
vt 0.96559013 0.05405405
vt 0.96559013 0.00000000
vt 0.96421143 0.00000000
vt 0.96421143 0.05405405
vt 0.96559013 0.05405405
vt 0.96559013 0.00000000
vt 0.96694517 0.05405405
vt 0.96694517 0.00000000
vt 0.96559013 0.00000000
vt 0.96559013 0.05405405
vt 0.96694517 0.05405405
vt 0.96694517 0.00000000
vt 0.96827210 0.05405405
vt 0.96827210 0.00000000
vt 0.96694517 0.00000000
vt 0.96694517 0.05405405
vt 0.96827210 0.05405405
vt 0.96827210 0.00000000
vt 0.96956944 0.05405405
vt 0.96956944 0.00000000
vt 0.96827210 0.00000000
vt 0.96827210 0.05405405
vt 0.96956944 0.05405405
vt 0.96956944 0.00000000
vt 0.97083275 0.05405405
vt 0.97083275 0.00000000
vt 0.96956944 0.00000000
vt 0.96956944 0.05405405
vt 0.97083275 0.05405405
vt 0.97083275 0.00000000
vt 0.97205909 0.05405405
vt 0.97205909 0.00000000
vt 0.97083275 0.00000000
vt 0.97083275 0.05405405
vt 0.97205909 0.05405405
vt 0.97205909 0.00000000
vt 0.97324696 0.05405405
vt 0.97324696 0.00000000
vt 0.97205909 0.00000000
vt 0.97205909 0.05405405
vt 0.97324696 0.05405405
vt 0.97324696 0.00000000
vt 0.97439194 0.05405405
vt 0.97439194 0.00000000
vt 0.97324696 0.00000000
vt 0.97324696 0.05405405
vt 0.97439194 0.05405405
vt 0.97439194 0.00000000
vt 0.97549105 0.05405405
vt 0.97549105 0.00000000
vt 0.97439194 0.00000000
vt 0.97439194 0.05405405
vt 0.97549105 0.05405405
vt 0.97549105 0.00000000
vt 0.97654283 0.05405405
vt 0.97654283 0.00000000
vt 0.97549105 0.00000000
vt 0.97549105 0.05405405
vt 0.97654283 0.05405405
vt 0.93654737 0.00000000
vt 0.93465639 0.05405405
vt 0.93465639 0.00000000
vt 0.93654737 0.00000000
vt 0.93654737 0.05405405
vt 0.93465639 0.05405405
vt 0.93465639 0.00000000
vt 0.93268031 0.05405405
vt 0.93268031 0.00000000
vt 0.93465639 0.00000000
vt 0.93465639 0.05405405
vt 0.93268031 0.05405405
vt 0.93268031 0.00000000
vt 0.93062179 0.05405405
vt 0.93062179 0.00000000
vt 0.93268031 0.00000000
vt 0.93268031 0.05405405
vt 0.93062179 0.05405405
vt 0.93062179 0.00000000
vt 0.92848613 0.05405405
vt 0.92848613 0.00000000
vt 0.93062179 0.00000000
vt 0.93062179 0.05405405
vt 0.92848613 0.05405405
vt 0.92848613 0.00000000
vt 0.92628133 0.05405405
vt 0.92628133 0.00000000
vt 0.92848613 0.00000000
vt 0.92848613 0.05405405
vt 0.92628133 0.05405405
vt 0.92628133 0.00000000
vt 0.92401003 0.05405405
vt 0.92401003 0.00000000
vt 0.92628133 0.00000000
vt 0.92628133 0.05405405
vt 0.92401003 0.05405405
vt 0.92401003 0.00000000
vt 0.92167757 0.05405405
vt 0.92167757 0.00000000
vt 0.92401003 0.00000000
vt 0.92401003 0.05405405
vt 0.92167757 0.05405405
vt 0.92167757 0.00000000
vt 0.91929191 0.05405405
vt 0.91929191 0.00000000
vt 0.92167757 0.00000000
vt 0.92167757 0.05405405
vt 0.91929191 0.05405405
vt 0.91929191 0.00000000
vt 0.91685572 0.05405405
vt 0.91685572 0.00000000
vt 0.91929191 0.00000000
vt 0.91929191 0.05405405
vt 0.91685572 0.05405405
vt 0.91685572 0.00000000
vt 0.91437698 0.05405405
vt 0.91437698 0.00000000
vt 0.91685572 0.00000000
vt 0.91685572 0.05405405
vt 0.91437698 0.05405405
vt 0.91437698 0.00000000
vt 0.91186100 0.05405405
vt 0.91186100 0.00000000
vt 0.91437698 0.00000000
vt 0.91437698 0.05405405
vt 0.91186100 0.05405405
vt 0.91186100 0.00000000
vt 0.90931311 0.05405405
vt 0.90931311 0.00000000
vt 0.91186100 0.00000000
vt 0.91186100 0.05405405
vt 0.90931311 0.05405405
vt 0.90931311 0.00000000
vt 0.90674128 0.05405405
vt 0.90674128 0.00000000
vt 0.90931311 0.00000000
vt 0.90931311 0.05405405
vt 0.90674128 0.05405405
vt 0.90674128 0.00000000
vt 0.90414817 0.05405405
vt 0.90414817 0.00000000
vt 0.90674128 0.00000000
vt 0.90674128 0.05405405
vt 0.90414817 0.05405405
vt 0.90414817 0.00000000
vt 0.90154443 0.05405405
vt 0.90154443 0.00000000
vt 0.90414817 0.00000000
vt 0.90414817 0.05405405
vt 0.90154443 0.05405405
vt 0.90154443 0.00000000
vt 0.89893536 0.05405405
vt 0.89893536 0.00000000
vt 0.90154443 0.00000000
vt 0.90154443 0.05405405
vt 0.89893536 0.05405405
vt 0.89893536 0.00000000
vt 0.89632630 0.05405405
vt 0.89632630 0.00000000
vt 0.89893536 0.00000000
vt 0.89893536 0.05405405
vt 0.89632630 0.05405405
vt 0.89632630 0.00000000
vt 0.89372256 0.05405405
vt 0.89372256 0.00000000
vt 0.89632630 0.00000000
vt 0.89632630 0.05405405
vt 0.89372256 0.05405405
vt 0.89372256 0.00000000
vt 0.89112945 0.05405405
vt 0.89112945 0.00000000
vt 0.89372256 0.00000000
vt 0.89372256 0.05405405
vt 0.89112945 0.05405405
vt 0.89112945 0.00000000
vt 0.88855762 0.05405405
vt 0.88855762 0.00000000
vt 0.89112945 0.00000000
vt 0.89112945 0.05405405
vt 0.88855762 0.05405405
vt 0.88855762 0.00000000
vt 0.88600973 0.05405405
vt 0.88600973 0.00000000
vt 0.88855762 0.00000000
vt 0.88855762 0.05405405
vt 0.88600973 0.05405405
vt 0.88600973 0.00000000
vt 0.88349375 0.05405405
vt 0.88349375 0.00000000
vt 0.88600973 0.00000000
vt 0.88600973 0.05405405
vt 0.88349375 0.05405405
vt 0.88349375 0.00000000
vt 0.88101501 0.05405405
vt 0.88101501 0.00000000
vt 0.88349375 0.00000000
vt 0.88349375 0.05405405
vt 0.88101501 0.05405405
vt 0.88101501 0.00000000
vt 0.87857882 0.05405405
vt 0.87857882 0.00000000
vt 0.88101501 0.00000000
vt 0.88101501 0.05405405
vt 0.87857882 0.05405405
vt 0.87857882 0.00000000
vt 0.87619316 0.05405405
vt 0.87619316 0.00000000
vt 0.87857882 0.00000000
vt 0.87857882 0.05405405
vt 0.87619316 0.05405405
vt 0.87619316 0.00000000
vt 0.87386070 0.05405405
vt 0.87386070 0.00000000
vt 0.87619316 0.00000000
vt 0.87619316 0.05405405
vt 0.87386070 0.05405405
vt 0.87386070 0.00000000
vt 0.87158940 0.05405405
vt 0.87158940 0.00000000
vt 0.87386070 0.00000000
vt 0.87386070 0.05405405
vt 0.87158940 0.05405405
vt 0.87158940 0.00000000
vt 0.86938460 0.05405405
vt 0.86938460 0.00000000
vt 0.87158940 0.00000000
vt 0.87158940 0.05405405
vt 0.86938460 0.05405405
vt 0.86938460 0.00000000
vt 0.86724894 0.05405405
vt 0.86724894 0.00000000
vt 0.86938460 0.00000000
vt 0.86938460 0.05405405
vt 0.86724894 0.05405405
vt 0.86724894 0.00000000
vt 0.86519041 0.05405405
vt 0.86519041 0.00000000
vt 0.86724894 0.00000000
vt 0.86724894 0.05405405
vt 0.86519041 0.05405405
vt 0.86519041 0.00000000
vt 0.86321433 0.05405405
vt 0.86321433 0.00000000
vt 0.86519041 0.00000000
vt 0.86519041 0.05405405
vt 0.86321433 0.05405405
vt 0.86321433 0.00000000
vt 0.86132336 0.05405405
vt 0.86132336 0.00000000
vt 0.86321433 0.00000000
vt 0.86321433 0.05405405
vt 0.86132336 0.05405405
vt 0.97654283 0.00000000
vt 0.97549105 0.05405405
vt 0.97549105 0.00000000
vt 0.97654283 0.00000000
vt 0.97654283 0.05405405
vt 0.97549105 0.05405405
vt 0.97549105 0.00000000
vt 0.97439194 0.05405405
vt 0.97439194 0.00000000
vt 0.97549105 0.00000000
vt 0.97549105 0.05405405
vt 0.97439194 0.05405405
vt 0.97439194 0.00000000
vt 0.97324696 0.05405405
vt 0.97324696 0.00000000
vt 0.97439194 0.00000000
vt 0.97439194 0.05405405
vt 0.97324696 0.05405405
vt 0.97324696 0.00000000
vt 0.97205909 0.05405405
vt 0.97205909 0.00000000
vt 0.97324696 0.00000000
vt 0.97324696 0.05405405
vt 0.97205909 0.05405405
vt 0.97205909 0.00000000
vt 0.97083275 0.05405405
vt 0.97083275 0.00000000
vt 0.97205909 0.00000000
vt 0.97205909 0.05405405
vt 0.97083275 0.05405405
vt 0.97083275 0.00000000
vt 0.96956944 0.05405405
vt 0.96956944 0.00000000
vt 0.97083275 0.00000000
vt 0.97083275 0.05405405
vt 0.96956944 0.05405405
vt 0.96956944 0.00000000
vt 0.96827210 0.05405405
vt 0.96827210 0.00000000
vt 0.96956944 0.00000000
vt 0.96956944 0.05405405
vt 0.96827210 0.05405405
vt 0.96827210 0.00000000
vt 0.96694517 0.05405405
vt 0.96694517 0.00000000
vt 0.96827210 0.00000000
vt 0.96827210 0.05405405
vt 0.96694517 0.05405405
vt 0.96694517 0.00000000
vt 0.96559013 0.05405405
vt 0.96559013 0.00000000
vt 0.96694517 0.00000000
vt 0.96694517 0.05405405
vt 0.96559013 0.05405405
vt 0.96559013 0.00000000
vt 0.96421143 0.05405405
vt 0.96421143 0.00000000
vt 0.96559013 0.00000000
vt 0.96559013 0.05405405
vt 0.96421143 0.05405405
vt 0.96421143 0.00000000
vt 0.96281202 0.05405405
vt 0.96281202 0.00000000
vt 0.96421143 0.00000000
vt 0.96421143 0.05405405
vt 0.96281202 0.05405405
vt 0.96281202 0.00000000
vt 0.96139486 0.05405405
vt 0.96139486 0.00000000
vt 0.96281202 0.00000000
vt 0.96281202 0.05405405
vt 0.96139486 0.05405405
vt 0.96139486 0.00000000
vt 0.95996438 0.05405405
vt 0.95996438 0.00000000
vt 0.96139486 0.00000000
vt 0.96139486 0.05405405
vt 0.95996438 0.05405405
vt 0.95996438 0.00000000
vt 0.95852207 0.05405405
vt 0.95852207 0.00000000
vt 0.95996438 0.00000000
vt 0.95996438 0.05405405
vt 0.95852207 0.05405405
vt 0.95852207 0.00000000
vt 0.95707384 0.05405405
vt 0.95707384 0.00000000
vt 0.95852207 0.00000000
vt 0.95852207 0.05405405
vt 0.95707384 0.05405405
vt 0.95707384 0.00000000
vt 0.95562265 0.05405405
vt 0.95562265 0.00000000
vt 0.95707384 0.00000000
vt 0.95707384 0.05405405
vt 0.95562265 0.05405405
vt 0.95562265 0.00000000
vt 0.95417146 0.05405405
vt 0.95417146 0.00000000
vt 0.95562265 0.00000000
vt 0.95562265 0.05405405
vt 0.95417146 0.05405405
vt 0.95417146 0.00000000
vt 0.95272323 0.05405405
vt 0.95272323 0.00000000
vt 0.95417146 0.00000000
vt 0.95417146 0.05405405
vt 0.95272323 0.05405405
vt 0.95272323 0.00000000
vt 0.95128092 0.05405405
vt 0.95128092 0.00000000
vt 0.95272323 0.00000000
vt 0.95272323 0.05405405
vt 0.95128092 0.05405405
vt 0.95128092 0.00000000
vt 0.94985044 0.05405405
vt 0.94985044 0.00000000
vt 0.95128092 0.00000000
vt 0.95128092 0.05405405
vt 0.94985044 0.05405405
vt 0.94985044 0.00000000
vt 0.94843328 0.05405405
vt 0.94843328 0.00000000
vt 0.94985044 0.00000000
vt 0.94985044 0.05405405
vt 0.94843328 0.05405405
vt 0.94843328 0.00000000
vt 0.94703387 0.05405405
vt 0.94703387 0.00000000
vt 0.94843328 0.00000000
vt 0.94843328 0.05405405
vt 0.94703387 0.05405405
vt 0.94703387 0.00000000
vt 0.94565516 0.05405405
vt 0.94565516 0.00000000
vt 0.94703387 0.00000000
vt 0.94703387 0.05405405
vt 0.94565516 0.05405405
vt 0.94565516 0.00000000
vt 0.94430013 0.05405405
vt 0.94430013 0.00000000
vt 0.94565516 0.00000000
vt 0.94565516 0.05405405
vt 0.94430013 0.05405405
vt 0.94430013 0.00000000
vt 0.94297320 0.05405405
vt 0.94297320 0.00000000
vt 0.94430013 0.00000000
vt 0.94430013 0.05405405
vt 0.94297320 0.05405405
vt 0.94297320 0.00000000
vt 0.94167586 0.05405405
vt 0.94167586 0.00000000
vt 0.94297320 0.00000000
vt 0.94297320 0.05405405
vt 0.94167586 0.05405405
vt 0.94167586 0.00000000
vt 0.94041255 0.05405405
vt 0.94041255 0.00000000
vt 0.94167586 0.00000000
vt 0.94167586 0.05405405
vt 0.94041255 0.05405405
vt 0.94041255 0.00000000
vt 0.93918621 0.05405405
vt 0.93918621 0.00000000
vt 0.94041255 0.00000000
vt 0.94041255 0.05405405
vt 0.93918621 0.05405405
vt 0.93918621 0.00000000
vt 0.93799834 0.05405405
vt 0.93799834 0.00000000
vt 0.93918621 0.00000000
vt 0.93918621 0.05405405
vt 0.93799834 0.05405405
vt 0.93799834 0.00000000
vt 0.93685336 0.05405405
vt 0.93685336 0.00000000
vt 0.93799834 0.00000000
vt 0.93799834 0.05405405
vt 0.93685336 0.05405405
vt 0.93685336 0.00000000
vt 0.93575425 0.05405405
vt 0.93575425 0.00000000
vt 0.93685336 0.00000000
vt 0.93685336 0.05405405
vt 0.93575425 0.05405405
vt 0.93575425 0.00000000
vt 0.93470247 0.05405405
vt 0.93470247 0.00000000
vt 0.93575425 0.00000000
vt 0.93575425 0.05405405
vt 0.93470247 0.05405405
vt 0.86132336 0.00000000
vt 0.86321433 0.05405405
vt 0.86321433 0.00000000
vt 0.86132336 0.00000000
vt 0.86132336 0.05405405
vt 0.86321433 0.05405405
vt 0.86321433 0.00000000
vt 0.86519041 0.05405405
vt 0.86519041 0.00000000
vt 0.86321433 0.00000000
vt 0.86321433 0.05405405
vt 0.86519041 0.05405405
vt 0.86519041 0.00000000
vt 0.86724894 0.05405405
vt 0.86724894 0.00000000
vt 0.86519041 0.00000000
vt 0.86519041 0.05405405
vt 0.86724894 0.05405405
vt 0.86724894 0.00000000
vt 0.86938460 0.05405405
vt 0.86938460 0.00000000
vt 0.86724894 0.00000000
vt 0.86724894 0.05405405
vt 0.86938460 0.05405405
vt 0.86938460 0.00000000
vt 0.87158940 0.05405405
vt 0.87158940 0.00000000
vt 0.86938460 0.00000000
vt 0.86938460 0.05405405
vt 0.87158940 0.05405405
vt 0.87158940 0.00000000
vt 0.87386070 0.05405405
vt 0.87386070 0.00000000
vt 0.87158940 0.00000000
vt 0.87158940 0.05405405
vt 0.87386070 0.05405405
vt 0.87386070 0.00000000
vt 0.87619316 0.05405405
vt 0.87619316 0.00000000
vt 0.87386070 0.00000000
vt 0.87386070 0.05405405
vt 0.87619316 0.05405405
vt 0.87619316 0.00000000
vt 0.87857882 0.05405405
vt 0.87857882 0.00000000
vt 0.87619316 0.00000000
vt 0.87619316 0.05405405
vt 0.87857882 0.05405405
vt 0.87857882 0.00000000
vt 0.88101501 0.05405405
vt 0.88101501 0.00000000
vt 0.87857882 0.00000000
vt 0.87857882 0.05405405
vt 0.88101501 0.05405405
vt 0.88101501 0.00000000
vt 0.88349375 0.05405405
vt 0.88349375 0.00000000
vt 0.88101501 0.00000000
vt 0.88101501 0.05405405
vt 0.88349375 0.05405405
vt 0.88349375 0.00000000
vt 0.88600973 0.05405405
vt 0.88600973 0.00000000
vt 0.88349375 0.00000000
vt 0.88349375 0.05405405
vt 0.88600973 0.05405405
vt 0.88600973 0.00000000
vt 0.88855762 0.05405405
vt 0.88855762 0.00000000
vt 0.88600973 0.00000000
vt 0.88600973 0.05405405
vt 0.88855762 0.05405405
vt 0.88855762 0.00000000
vt 0.89112945 0.05405405
vt 0.89112945 0.00000000
vt 0.88855762 0.00000000
vt 0.88855762 0.05405405
vt 0.89112945 0.05405405
vt 0.89112945 0.00000000
vt 0.89372256 0.05405405
vt 0.89372256 0.00000000
vt 0.89112945 0.00000000
vt 0.89112945 0.05405405
vt 0.89372256 0.05405405
vt 0.89372256 0.00000000
vt 0.89632630 0.05405405
vt 0.89632630 0.00000000
vt 0.89372256 0.00000000
vt 0.89372256 0.05405405
vt 0.89632630 0.05405405
vt 0.89632630 0.00000000
vt 0.89893536 0.05405405
vt 0.89893536 0.00000000
vt 0.89632630 0.00000000
vt 0.89632630 0.05405405
vt 0.89893536 0.05405405
vt 0.89893536 0.00000000
vt 0.90154443 0.05405405
vt 0.90154443 0.00000000
vt 0.89893536 0.00000000
vt 0.89893536 0.05405405
vt 0.90154443 0.05405405
vt 0.90154443 0.00000000
vt 0.90414817 0.05405405
vt 0.90414817 0.00000000
vt 0.90154443 0.00000000
vt 0.90154443 0.05405405
vt 0.90414817 0.05405405
vt 0.90414817 0.00000000
vt 0.90674128 0.05405405
vt 0.90674128 0.00000000
vt 0.90414817 0.00000000
vt 0.90414817 0.05405405
vt 0.90674128 0.05405405
vt 0.90674128 0.00000000
vt 0.90931311 0.05405405
vt 0.90931311 0.00000000
vt 0.90674128 0.00000000
vt 0.90674128 0.05405405
vt 0.90931311 0.05405405
vt 0.90931311 0.00000000
vt 0.91186100 0.05405405
vt 0.91186100 0.00000000
vt 0.90931311 0.00000000
vt 0.90931311 0.05405405
vt 0.91186100 0.05405405
vt 0.91186100 0.00000000
vt 0.91437698 0.05405405
vt 0.91437698 0.00000000
vt 0.91186100 0.00000000
vt 0.91186100 0.05405405
vt 0.91437698 0.05405405
vt 0.91437698 0.00000000
vt 0.91685572 0.05405405
vt 0.91685572 0.00000000
vt 0.91437698 0.00000000
vt 0.91437698 0.05405405
vt 0.91685572 0.05405405
vt 0.91685572 0.00000000
vt 0.91929191 0.05405405
vt 0.91929191 0.00000000
vt 0.91685572 0.00000000
vt 0.91685572 0.05405405
vt 0.91929191 0.05405405
vt 0.91929191 0.00000000
vt 0.92167757 0.05405405
vt 0.92167757 0.00000000
vt 0.91929191 0.00000000
vt 0.91929191 0.05405405
vt 0.92167757 0.05405405
vt 0.92167757 0.00000000
vt 0.92401003 0.05405405
vt 0.92401003 0.00000000
vt 0.92167757 0.00000000
vt 0.92167757 0.05405405
vt 0.92401003 0.05405405
vt 0.92401003 0.00000000
vt 0.92628133 0.05405405
vt 0.92628133 0.00000000
vt 0.92401003 0.00000000
vt 0.92401003 0.05405405
vt 0.92628133 0.05405405
vt 0.92628133 0.00000000
vt 0.92848613 0.05405405
vt 0.92848613 0.00000000
vt 0.92628133 0.00000000
vt 0.92628133 0.05405405
vt 0.92848613 0.05405405
vt 0.92848613 0.00000000
vt 0.93062179 0.05405405
vt 0.93062179 0.00000000
vt 0.92848613 0.00000000
vt 0.92848613 0.05405405
vt 0.93062179 0.05405405
vt 0.93062179 0.00000000
vt 0.93268031 0.05405405
vt 0.93268031 0.00000000
vt 0.93062179 0.00000000
vt 0.93062179 0.05405405
vt 0.93268031 0.05405405
vt 0.93268031 0.00000000
vt 0.93465639 0.05405405
vt 0.93465639 0.00000000
vt 0.93268031 0.00000000
vt 0.93268031 0.05405405
vt 0.93465639 0.05405405
vt 0.93465639 0.00000000
vt 0.93654737 0.05405405
vt 0.93654737 0.00000000
vt 0.93465639 0.00000000
vt 0.93465639 0.05405405
vt 0.93654737 0.05405405
vt 0.93470247 0.00000000
vt 0.93575425 0.05405405
vt 0.93575425 0.00000000
vt 0.93470247 0.00000000
vt 0.93470247 0.05405405
vt 0.93575425 0.05405405
vt 0.93575425 0.00000000
vt 0.93685336 0.05405405
vt 0.93685336 0.00000000
vt 0.93575425 0.00000000
vt 0.93575425 0.05405405
vt 0.93685336 0.05405405
vt 0.93685336 0.00000000
vt 0.93799834 0.05405405
vt 0.93799834 0.00000000
vt 0.93685336 0.00000000
vt 0.93685336 0.05405405
vt 0.93799834 0.05405405
vt 0.93799834 0.00000000
vt 0.93918621 0.05405405
vt 0.93918621 0.00000000
vt 0.93799834 0.00000000
vt 0.93799834 0.05405405
vt 0.93918621 0.05405405
vt 0.93918621 0.00000000
vt 0.94041255 0.05405405
vt 0.94041255 0.00000000
vt 0.93918621 0.00000000
vt 0.93918621 0.05405405
vt 0.94041255 0.05405405
vt 0.94041255 0.00000000
vt 0.94167586 0.05405405
vt 0.94167586 0.00000000
vt 0.94041255 0.00000000
vt 0.94041255 0.05405405
vt 0.94167586 0.05405405
vt 0.94167586 0.00000000
vt 0.94297320 0.05405405
vt 0.94297320 0.00000000
vt 0.94167586 0.00000000
vt 0.94167586 0.05405405
vt 0.94297320 0.05405405
vt 0.94297320 0.00000000
vt 0.94430013 0.05405405
vt 0.94430013 0.00000000
vt 0.94297320 0.00000000
vt 0.94297320 0.05405405
vt 0.94430013 0.05405405
vt 0.94430013 0.00000000
vt 0.94565516 0.05405405
vt 0.94565516 0.00000000
vt 0.94430013 0.00000000
vt 0.94430013 0.05405405
vt 0.94565516 0.05405405
vt 0.94565516 0.00000000
vt 0.94703387 0.05405405
vt 0.94703387 0.00000000
vt 0.94565516 0.00000000
vt 0.94565516 0.05405405
vt 0.94703387 0.05405405
vt 0.94703387 0.00000000
vt 0.94843328 0.05405405
vt 0.94843328 0.00000000
vt 0.94703387 0.00000000
vt 0.94703387 0.05405405
vt 0.94843328 0.05405405
vt 0.94843328 0.00000000
vt 0.94985044 0.05405405
vt 0.94985044 0.00000000
vt 0.94843328 0.00000000
vt 0.94843328 0.05405405
vt 0.94985044 0.05405405
vt 0.94985044 0.00000000
vt 0.95128092 0.05405405
vt 0.95128092 0.00000000
vt 0.94985044 0.00000000
vt 0.94985044 0.05405405
vt 0.95128092 0.05405405
vt 0.95128092 0.00000000
vt 0.95272323 0.05405405
vt 0.95272323 0.00000000
vt 0.95128092 0.00000000
vt 0.95128092 0.05405405
vt 0.95272323 0.05405405
vt 0.95272323 0.00000000
vt 0.95417146 0.05405405
vt 0.95417146 0.00000000
vt 0.95272323 0.00000000
vt 0.95272323 0.05405405
vt 0.95417146 0.05405405
vt 0.95417146 0.00000000
vt 0.95562265 0.05405405
vt 0.95562265 0.00000000
vt 0.95417146 0.00000000
vt 0.95417146 0.05405405
vt 0.95562265 0.05405405
vt 0.95562265 0.05405405
vt 0.95707384 0.94594595
vt 0.95707384 0.05405405
vt 0.95562265 0.05405405
vt 0.95562265 0.94594595
vt 0.95707384 0.94594595
vt 0.95707384 0.05405405
vt 0.95852207 0.94594595
vt 0.95852207 0.05405405
vt 0.95707384 0.05405405
vt 0.95707384 0.94594595
vt 0.95852207 0.94594595
vt 0.95852207 0.05405405
vt 0.95996438 0.94594595
vt 0.95996438 0.05405405
vt 0.95852207 0.05405405
vt 0.95852207 0.94594595
vt 0.95996438 0.94594595
vt 0.95996438 0.05405405
vt 0.96139486 0.94594595
vt 0.96139486 0.05405405
vt 0.95996438 0.05405405
vt 0.95996438 0.94594595
vt 0.96139486 0.94594595
vt 0.96139486 0.05405405
vt 0.96281202 0.94594595
vt 0.96281202 0.05405405
vt 0.96139486 0.05405405
vt 0.96139486 0.94594595
vt 0.96281202 0.94594595
vt 0.96281202 0.05405405
vt 0.96421143 0.94594595
vt 0.96421143 0.05405405
vt 0.96281202 0.05405405
vt 0.96281202 0.94594595
vt 0.96421143 0.94594595
vt 0.96421143 0.05405405
vt 0.96559013 0.94594595
vt 0.96559013 0.05405405
vt 0.96421143 0.05405405
vt 0.96421143 0.94594595
vt 0.96559013 0.94594595
vt 0.96559013 0.05405405
vt 0.96694517 0.94594595
vt 0.96694517 0.05405405
vt 0.96559013 0.05405405
vt 0.96559013 0.94594595
vt 0.96694517 0.94594595
vt 0.96694517 0.05405405
vt 0.96827210 0.94594595
vt 0.96827210 0.05405405
vt 0.96694517 0.05405405
vt 0.96694517 0.94594595
vt 0.96827210 0.94594595
vt 0.96827210 0.05405405
vt 0.96956944 0.94594595
vt 0.96956944 0.05405405
vt 0.96827210 0.05405405
vt 0.96827210 0.94594595
vt 0.96956944 0.94594595
vt 0.96956944 0.05405405
vt 0.97083275 0.94594595
vt 0.97083275 0.05405405
vt 0.96956944 0.05405405
vt 0.96956944 0.94594595
vt 0.97083275 0.94594595
vt 0.97083275 0.05405405
vt 0.97205909 0.94594595
vt 0.97205909 0.05405405
vt 0.97083275 0.05405405
vt 0.97083275 0.94594595
vt 0.97205909 0.94594595
vt 0.97205909 0.05405405
vt 0.97324696 0.94594595
vt 0.97324696 0.05405405
vt 0.97205909 0.05405405
vt 0.97205909 0.94594595
vt 0.97324696 0.94594595
vt 0.97324696 0.05405405
vt 0.97439194 0.94594595
vt 0.97439194 0.05405405
vt 0.97324696 0.05405405
vt 0.97324696 0.94594595
vt 0.97439194 0.94594595
vt 0.97439194 0.05405405
vt 0.97549105 0.94594595
vt 0.97549105 0.05405405
vt 0.97439194 0.05405405
vt 0.97439194 0.94594595
vt 0.97549105 0.94594595
vt 0.97549105 0.05405405
vt 0.97654283 0.94594595
vt 0.97654283 0.05405405
vt 0.97549105 0.05405405
vt 0.97549105 0.94594595
vt 0.97654283 0.94594595
vt 0.93654737 0.05405405
vt 0.93465639 0.94594595
vt 0.93465639 0.05405405
vt 0.93654737 0.05405405
vt 0.93654737 0.94594595
vt 0.93465639 0.94594595
vt 0.93465639 0.05405405
vt 0.93268031 0.94594595
vt 0.93268031 0.05405405
vt 0.93465639 0.05405405
vt 0.93465639 0.94594595
vt 0.93268031 0.94594595
vt 0.93268031 0.05405405
vt 0.93062179 0.94594595
vt 0.93062179 0.05405405
vt 0.93268031 0.05405405
vt 0.93268031 0.94594595
vt 0.93062179 0.94594595
vt 0.93062179 0.05405405
vt 0.92848613 0.94594595
vt 0.92848613 0.05405405
vt 0.93062179 0.05405405
vt 0.93062179 0.94594595
vt 0.92848613 0.94594595
vt 0.92848613 0.05405405
vt 0.92628133 0.94594595
vt 0.92628133 0.05405405
vt 0.92848613 0.05405405
vt 0.92848613 0.94594595
vt 0.92628133 0.94594595
vt 0.92628133 0.05405405
vt 0.92401003 0.94594595
vt 0.92401003 0.05405405
vt 0.92628133 0.05405405
vt 0.92628133 0.94594595
vt 0.92401003 0.94594595
vt 0.92401003 0.05405405
vt 0.92167757 0.94594595
vt 0.92167757 0.05405405
vt 0.92401003 0.05405405
vt 0.92401003 0.94594595
vt 0.92167757 0.94594595
vt 0.92167757 0.05405405
vt 0.91929191 0.94594595
vt 0.91929191 0.05405405
vt 0.92167757 0.05405405
vt 0.92167757 0.94594595
vt 0.91929191 0.94594595
vt 0.91929191 0.05405405
vt 0.91685572 0.94594595
vt 0.91685572 0.05405405
vt 0.91929191 0.05405405
vt 0.91929191 0.94594595
vt 0.91685572 0.94594595
vt 0.91685572 0.05405405
vt 0.91437698 0.94594595
vt 0.91437698 0.05405405
vt 0.91685572 0.05405405
vt 0.91685572 0.94594595
vt 0.91437698 0.94594595
vt 0.91437698 0.05405405
vt 0.91186100 0.94594595
vt 0.91186100 0.05405405
vt 0.91437698 0.05405405
vt 0.91437698 0.94594595
vt 0.91186100 0.94594595
vt 0.91186100 0.05405405
vt 0.90931311 0.94594595
vt 0.90931311 0.05405405
vt 0.91186100 0.05405405
vt 0.91186100 0.94594595
vt 0.90931311 0.94594595
vt 0.90931311 0.05405405
vt 0.90674128 0.94594595
vt 0.90674128 0.05405405
vt 0.90931311 0.05405405
vt 0.90931311 0.94594595
vt 0.90674128 0.94594595
vt 0.90674128 0.05405405
vt 0.90414817 0.94594595
vt 0.90414817 0.05405405
vt 0.90674128 0.05405405
vt 0.90674128 0.94594595
vt 0.90414817 0.94594595
vt 0.90414817 0.05405405
vt 0.90154443 0.94594595
vt 0.90154443 0.05405405
vt 0.90414817 0.05405405
vt 0.90414817 0.94594595
vt 0.90154443 0.94594595
vt 0.90154443 0.05405405
vt 0.89893536 0.94594595
vt 0.89893536 0.05405405
vt 0.90154443 0.05405405
vt 0.90154443 0.94594595
vt 0.89893536 0.94594595
vt 0.89893536 0.05405405
vt 0.89632630 0.94594595
vt 0.89632630 0.05405405
vt 0.89893536 0.05405405
vt 0.89893536 0.94594595
vt 0.89632630 0.94594595
vt 0.89632630 0.05405405
vt 0.89372256 0.94594595
vt 0.89372256 0.05405405
vt 0.89632630 0.05405405
vt 0.89632630 0.94594595
vt 0.89372256 0.94594595
vt 0.89372256 0.05405405
vt 0.89112945 0.94594595
vt 0.89112945 0.05405405
vt 0.89372256 0.05405405
vt 0.89372256 0.94594595
vt 0.89112945 0.94594595
vt 0.89112945 0.05405405
vt 0.88855762 0.94594595
vt 0.88855762 0.05405405
vt 0.89112945 0.05405405
vt 0.89112945 0.94594595
vt 0.88855762 0.94594595
vt 0.88855762 0.05405405
vt 0.88600973 0.94594595
vt 0.88600973 0.05405405
vt 0.88855762 0.05405405
vt 0.88855762 0.94594595
vt 0.88600973 0.94594595
vt 0.88600973 0.05405405
vt 0.88349375 0.94594595
vt 0.88349375 0.05405405
vt 0.88600973 0.05405405
vt 0.88600973 0.94594595
vt 0.88349375 0.94594595
vt 0.88349375 0.05405405
vt 0.88101501 0.94594595
vt 0.88101501 0.05405405
vt 0.88349375 0.05405405
vt 0.88349375 0.94594595
vt 0.88101501 0.94594595
vt 0.88101501 0.05405405
vt 0.87857882 0.94594595
vt 0.87857882 0.05405405
vt 0.88101501 0.05405405
vt 0.88101501 0.94594595
vt 0.87857882 0.94594595
vt 0.87857882 0.05405405
vt 0.87619316 0.94594595
vt 0.87619316 0.05405405
vt 0.87857882 0.05405405
vt 0.87857882 0.94594595
vt 0.87619316 0.94594595
vt 0.87619316 0.05405405
vt 0.87386070 0.94594595
vt 0.87386070 0.05405405
vt 0.87619316 0.05405405
vt 0.87619316 0.94594595
vt 0.87386070 0.94594595
vt 0.87386070 0.05405405
vt 0.87158940 0.94594595
vt 0.87158940 0.05405405
vt 0.87386070 0.05405405
vt 0.87386070 0.94594595
vt 0.87158940 0.94594595
vt 0.87158940 0.05405405
vt 0.86938460 0.94594595
vt 0.86938460 0.05405405
vt 0.87158940 0.05405405
vt 0.87158940 0.94594595
vt 0.86938460 0.94594595
vt 0.86938460 0.05405405
vt 0.86724894 0.94594595
vt 0.86724894 0.05405405
vt 0.86938460 0.05405405
vt 0.86938460 0.94594595
vt 0.86724894 0.94594595
vt 0.86724894 0.05405405
vt 0.86519041 0.94594595
vt 0.86519041 0.05405405
vt 0.86724894 0.05405405
vt 0.86724894 0.94594595
vt 0.86519041 0.94594595
vt 0.86519041 0.05405405
vt 0.86321433 0.94594595
vt 0.86321433 0.05405405
vt 0.86519041 0.05405405
vt 0.86519041 0.94594595
vt 0.86321433 0.94594595
vt 0.86321433 0.05405405
vt 0.86132336 0.94594595
vt 0.86132336 0.05405405
vt 0.86321433 0.05405405
vt 0.86321433 0.94594595
vt 0.86132336 0.94594595
vt 0.97654283 0.05405405
vt 0.97549105 0.94594595
vt 0.97549105 0.05405405
vt 0.97654283 0.05405405
vt 0.97654283 0.94594595
vt 0.97549105 0.94594595
vt 0.97549105 0.05405405
vt 0.97439194 0.94594595
vt 0.97439194 0.05405405
vt 0.97549105 0.05405405
vt 0.97549105 0.94594595
vt 0.97439194 0.94594595
vt 0.97439194 0.05405405
vt 0.97324696 0.94594595
vt 0.97324696 0.05405405
vt 0.97439194 0.05405405
vt 0.97439194 0.94594595
vt 0.97324696 0.94594595
vt 0.97324696 0.05405405
vt 0.97205909 0.94594595
vt 0.97205909 0.05405405
vt 0.97324696 0.05405405
vt 0.97324696 0.94594595
vt 0.97205909 0.94594595
vt 0.97205909 0.05405405
vt 0.97083275 0.94594595
vt 0.97083275 0.05405405
vt 0.97205909 0.05405405
vt 0.97205909 0.94594595
vt 0.97083275 0.94594595
vt 0.97083275 0.05405405
vt 0.96956944 0.94594595
vt 0.96956944 0.05405405
vt 0.97083275 0.05405405
vt 0.97083275 0.94594595
vt 0.96956944 0.94594595
vt 0.96956944 0.05405405
vt 0.96827210 0.94594595
vt 0.96827210 0.05405405
vt 0.96956944 0.05405405
vt 0.96956944 0.94594595
vt 0.96827210 0.94594595
vt 0.96827210 0.05405405
vt 0.96694517 0.94594595
vt 0.96694517 0.05405405
vt 0.96827210 0.05405405
vt 0.96827210 0.94594595
vt 0.96694517 0.94594595
vt 0.96694517 0.05405405
vt 0.96559013 0.94594595
vt 0.96559013 0.05405405
vt 0.96694517 0.05405405
vt 0.96694517 0.94594595
vt 0.96559013 0.94594595
vt 0.96559013 0.05405405
vt 0.96421143 0.94594595
vt 0.96421143 0.05405405
vt 0.96559013 0.05405405
vt 0.96559013 0.94594595
vt 0.96421143 0.94594595
vt 0.96421143 0.05405405
vt 0.96281202 0.94594595
vt 0.96281202 0.05405405
vt 0.96421143 0.05405405
vt 0.96421143 0.94594595
vt 0.96281202 0.94594595
vt 0.96281202 0.05405405
vt 0.96139486 0.94594595
vt 0.96139486 0.05405405
vt 0.96281202 0.05405405
vt 0.96281202 0.94594595
vt 0.96139486 0.94594595
vt 0.96139486 0.05405405
vt 0.95996438 0.94594595
vt 0.95996438 0.05405405
vt 0.96139486 0.05405405
vt 0.96139486 0.94594595
vt 0.95996438 0.94594595
vt 0.95996438 0.05405405
vt 0.95852207 0.94594595
vt 0.95852207 0.05405405
vt 0.95996438 0.05405405
vt 0.95996438 0.94594595
vt 0.95852207 0.94594595
vt 0.95852207 0.05405405
vt 0.95707384 0.94594595
vt 0.95707384 0.05405405
vt 0.95852207 0.05405405
vt 0.95852207 0.94594595
vt 0.95707384 0.94594595
vt 0.95707384 0.05405405
vt 0.95562265 0.94594595
vt 0.95562265 0.05405405
vt 0.95707384 0.05405405
vt 0.95707384 0.94594595
vt 0.95562265 0.94594595
vt 0.95562265 0.05405405
vt 0.95417146 0.94594595
vt 0.95417146 0.05405405
vt 0.95562265 0.05405405
vt 0.95562265 0.94594595
vt 0.95417146 0.94594595
vt 0.95417146 0.05405405
vt 0.95272323 0.94594595
vt 0.95272323 0.05405405
vt 0.95417146 0.05405405
vt 0.95417146 0.94594595
vt 0.95272323 0.94594595
vt 0.95272323 0.05405405
vt 0.95128092 0.94594595
vt 0.95128092 0.05405405
vt 0.95272323 0.05405405
vt 0.95272323 0.94594595
vt 0.95128092 0.94594595
vt 0.95128092 0.05405405
vt 0.94985044 0.94594595
vt 0.94985044 0.05405405
vt 0.95128092 0.05405405
vt 0.95128092 0.94594595
vt 0.94985044 0.94594595
vt 0.94985044 0.05405405
vt 0.94843328 0.94594595
vt 0.94843328 0.05405405
vt 0.94985044 0.05405405
vt 0.94985044 0.94594595
vt 0.94843328 0.94594595
vt 0.94843328 0.05405405
vt 0.94703387 0.94594595
vt 0.94703387 0.05405405
vt 0.94843328 0.05405405
vt 0.94843328 0.94594595
vt 0.94703387 0.94594595
vt 0.94703387 0.05405405
vt 0.94565516 0.94594595
vt 0.94565516 0.05405405
vt 0.94703387 0.05405405
vt 0.94703387 0.94594595
vt 0.94565516 0.94594595
vt 0.94565516 0.05405405
vt 0.94430013 0.94594595
vt 0.94430013 0.05405405
vt 0.94565516 0.05405405
vt 0.94565516 0.94594595
vt 0.94430013 0.94594595
vt 0.94430013 0.05405405
vt 0.94297320 0.94594595
vt 0.94297320 0.05405405
vt 0.94430013 0.05405405
vt 0.94430013 0.94594595
vt 0.94297320 0.94594595
vt 0.94297320 0.05405405
vt 0.94167586 0.94594595
vt 0.94167586 0.05405405
vt 0.94297320 0.05405405
vt 0.94297320 0.94594595
vt 0.94167586 0.94594595
vt 0.94167586 0.05405405
vt 0.94041255 0.94594595
vt 0.94041255 0.05405405
vt 0.94167586 0.05405405
vt 0.94167586 0.94594595
vt 0.94041255 0.94594595
vt 0.94041255 0.05405405
vt 0.93918621 0.94594595
vt 0.93918621 0.05405405
vt 0.94041255 0.05405405
vt 0.94041255 0.94594595
vt 0.93918621 0.94594595
vt 0.93918621 0.05405405
vt 0.93799834 0.94594595
vt 0.93799834 0.05405405
vt 0.93918621 0.05405405
vt 0.93918621 0.94594595
vt 0.93799834 0.94594595
vt 0.93799834 0.05405405
vt 0.93685336 0.94594595
vt 0.93685336 0.05405405
vt 0.93799834 0.05405405
vt 0.93799834 0.94594595
vt 0.93685336 0.94594595
vt 0.93685336 0.05405405
vt 0.93575425 0.94594595
vt 0.93575425 0.05405405
vt 0.93685336 0.05405405
vt 0.93685336 0.94594595
vt 0.93575425 0.94594595
vt 0.93575425 0.05405405
vt 0.93470247 0.94594595
vt 0.93470247 0.05405405
vt 0.93575425 0.05405405
vt 0.93575425 0.94594595
vt 0.93470247 0.94594595
vt 0.86132336 0.05405405
vt 0.86321433 0.94594595
vt 0.86321433 0.05405405
vt 0.86132336 0.05405405
vt 0.86132336 0.94594595
vt 0.86321433 0.94594595
vt 0.86321433 0.05405405
vt 0.86519041 0.94594595
vt 0.86519041 0.05405405
vt 0.86321433 0.05405405
vt 0.86321433 0.94594595
vt 0.86519041 0.94594595
vt 0.86519041 0.05405405
vt 0.86724894 0.94594595
vt 0.86724894 0.05405405
vt 0.86519041 0.05405405
vt 0.86519041 0.94594595
vt 0.86724894 0.94594595
vt 0.86724894 0.05405405
vt 0.86938460 0.94594595
vt 0.86938460 0.05405405
vt 0.86724894 0.05405405
vt 0.86724894 0.94594595
vt 0.86938460 0.94594595
vt 0.86938460 0.05405405
vt 0.87158940 0.94594595
vt 0.87158940 0.05405405
vt 0.86938460 0.05405405
vt 0.86938460 0.94594595
vt 0.87158940 0.94594595
vt 0.87158940 0.05405405
vt 0.87386070 0.94594595
vt 0.87386070 0.05405405
vt 0.87158940 0.05405405
vt 0.87158940 0.94594595
vt 0.87386070 0.94594595
vt 0.87386070 0.05405405
vt 0.87619316 0.94594595
vt 0.87619316 0.05405405
vt 0.87386070 0.05405405
vt 0.87386070 0.94594595
vt 0.87619316 0.94594595
vt 0.87619316 0.05405405
vt 0.87857882 0.94594595
vt 0.87857882 0.05405405
vt 0.87619316 0.05405405
vt 0.87619316 0.94594595
vt 0.87857882 0.94594595
vt 0.87857882 0.05405405
vt 0.88101501 0.94594595
vt 0.88101501 0.05405405
vt 0.87857882 0.05405405
vt 0.87857882 0.94594595
vt 0.88101501 0.94594595
vt 0.88101501 0.05405405
vt 0.88349375 0.94594595
vt 0.88349375 0.05405405
vt 0.88101501 0.05405405
vt 0.88101501 0.94594595
vt 0.88349375 0.94594595
vt 0.88349375 0.05405405
vt 0.88600973 0.94594595
vt 0.88600973 0.05405405
vt 0.88349375 0.05405405
vt 0.88349375 0.94594595
vt 0.88600973 0.94594595
vt 0.88600973 0.05405405
vt 0.88855762 0.94594595
vt 0.88855762 0.05405405
vt 0.88600973 0.05405405
vt 0.88600973 0.94594595
vt 0.88855762 0.94594595
vt 0.88855762 0.05405405
vt 0.89112945 0.94594595
vt 0.89112945 0.05405405
vt 0.88855762 0.05405405
vt 0.88855762 0.94594595
vt 0.89112945 0.94594595
vt 0.89112945 0.05405405
vt 0.89372256 0.94594595
vt 0.89372256 0.05405405
vt 0.89112945 0.05405405
vt 0.89112945 0.94594595
vt 0.89372256 0.94594595
vt 0.89372256 0.05405405
vt 0.89632630 0.94594595
vt 0.89632630 0.05405405
vt 0.89372256 0.05405405
vt 0.89372256 0.94594595
vt 0.89632630 0.94594595
vt 0.89632630 0.05405405
vt 0.89893536 0.94594595
vt 0.89893536 0.05405405
vt 0.89632630 0.05405405
vt 0.89632630 0.94594595
vt 0.89893536 0.94594595
vt 0.89893536 0.05405405
vt 0.90154443 0.94594595
vt 0.90154443 0.05405405
vt 0.89893536 0.05405405
vt 0.89893536 0.94594595
vt 0.90154443 0.94594595
vt 0.90154443 0.05405405
vt 0.90414817 0.94594595
vt 0.90414817 0.05405405
vt 0.90154443 0.05405405
vt 0.90154443 0.94594595
vt 0.90414817 0.94594595
vt 0.90414817 0.05405405
vt 0.90674128 0.94594595
vt 0.90674128 0.05405405
vt 0.90414817 0.05405405
vt 0.90414817 0.94594595
vt 0.90674128 0.94594595
vt 0.90674128 0.05405405
vt 0.90931311 0.94594595
vt 0.90931311 0.05405405
vt 0.90674128 0.05405405
vt 0.90674128 0.94594595
vt 0.90931311 0.94594595
vt 0.90931311 0.05405405
vt 0.91186100 0.94594595
vt 0.91186100 0.05405405
vt 0.90931311 0.05405405
vt 0.90931311 0.94594595
vt 0.91186100 0.94594595
vt 0.91186100 0.05405405
vt 0.91437698 0.94594595
vt 0.91437698 0.05405405
vt 0.91186100 0.05405405
vt 0.91186100 0.94594595
vt 0.91437698 0.94594595
vt 0.91437698 0.05405405
vt 0.91685572 0.94594595
vt 0.91685572 0.05405405
vt 0.91437698 0.05405405
vt 0.91437698 0.94594595
vt 0.91685572 0.94594595
vt 0.91685572 0.05405405
vt 0.91929191 0.94594595
vt 0.91929191 0.05405405
vt 0.91685572 0.05405405
vt 0.91685572 0.94594595
vt 0.91929191 0.94594595
vt 0.91929191 0.05405405
vt 0.92167757 0.94594595
vt 0.92167757 0.05405405
vt 0.91929191 0.05405405
vt 0.91929191 0.94594595
vt 0.92167757 0.94594595
vt 0.92167757 0.05405405
vt 0.92401003 0.94594595
vt 0.92401003 0.05405405
vt 0.92167757 0.05405405
vt 0.92167757 0.94594595
vt 0.92401003 0.94594595
vt 0.92401003 0.05405405
vt 0.92628133 0.94594595
vt 0.92628133 0.05405405
vt 0.92401003 0.05405405
vt 0.92401003 0.94594595
vt 0.92628133 0.94594595
vt 0.92628133 0.05405405
vt 0.92848613 0.94594595
vt 0.92848613 0.05405405
vt 0.92628133 0.05405405
vt 0.92628133 0.94594595
vt 0.92848613 0.94594595
vt 0.92848613 0.05405405
vt 0.93062179 0.94594595
vt 0.93062179 0.05405405
vt 0.92848613 0.05405405
vt 0.92848613 0.94594595
vt 0.93062179 0.94594595
vt 0.93062179 0.05405405
vt 0.93268031 0.94594595
vt 0.93268031 0.05405405
vt 0.93062179 0.05405405
vt 0.93062179 0.94594595
vt 0.93268031 0.94594595
vt 0.93268031 0.05405405
vt 0.93465639 0.94594595
vt 0.93465639 0.05405405
vt 0.93268031 0.05405405
vt 0.93268031 0.94594595
vt 0.93465639 0.94594595
vt 0.93465639 0.05405405
vt 0.93654737 0.94594595
vt 0.93654737 0.05405405
vt 0.93465639 0.05405405
vt 0.93465639 0.94594595
vt 0.93654737 0.94594595
vt 0.93470247 0.05405405
vt 0.93575425 0.94594595
vt 0.93575425 0.05405405
vt 0.93470247 0.05405405
vt 0.93470247 0.94594595
vt 0.93575425 0.94594595
vt 0.93575425 0.05405405
vt 0.93685336 0.94594595
vt 0.93685336 0.05405405
vt 0.93575425 0.05405405
vt 0.93575425 0.94594595
vt 0.93685336 0.94594595
vt 0.93685336 0.05405405
vt 0.93799834 0.94594595
vt 0.93799834 0.05405405
vt 0.93685336 0.05405405
vt 0.93685336 0.94594595
vt 0.93799834 0.94594595
vt 0.93799834 0.05405405
vt 0.93918621 0.94594595
vt 0.93918621 0.05405405
vt 0.93799834 0.05405405
vt 0.93799834 0.94594595
vt 0.93918621 0.94594595
vt 0.93918621 0.05405405
vt 0.94041255 0.94594595
vt 0.94041255 0.05405405
vt 0.93918621 0.05405405
vt 0.93918621 0.94594595
vt 0.94041255 0.94594595
vt 0.94041255 0.05405405
vt 0.94167586 0.94594595
vt 0.94167586 0.05405405
vt 0.94041255 0.05405405
vt 0.94041255 0.94594595
vt 0.94167586 0.94594595
vt 0.94167586 0.05405405
vt 0.94297320 0.94594595
vt 0.94297320 0.05405405
vt 0.94167586 0.05405405
vt 0.94167586 0.94594595
vt 0.94297320 0.94594595
vt 0.94297320 0.05405405
vt 0.94430013 0.94594595
vt 0.94430013 0.05405405
vt 0.94297320 0.05405405
vt 0.94297320 0.94594595
vt 0.94430013 0.94594595
vt 0.94430013 0.05405405
vt 0.94565516 0.94594595
vt 0.94565516 0.05405405
vt 0.94430013 0.05405405
vt 0.94430013 0.94594595
vt 0.94565516 0.94594595
vt 0.94565516 0.05405405
vt 0.94703387 0.94594595
vt 0.94703387 0.05405405
vt 0.94565516 0.05405405
vt 0.94565516 0.94594595
vt 0.94703387 0.94594595
vt 0.94703387 0.05405405
vt 0.94843328 0.94594595
vt 0.94843328 0.05405405
vt 0.94703387 0.05405405
vt 0.94703387 0.94594595
vt 0.94843328 0.94594595
vt 0.94843328 0.05405405
vt 0.94985044 0.94594595
vt 0.94985044 0.05405405
vt 0.94843328 0.05405405
vt 0.94843328 0.94594595
vt 0.94985044 0.94594595
vt 0.94985044 0.05405405
vt 0.95128092 0.94594595
vt 0.95128092 0.05405405
vt 0.94985044 0.05405405
vt 0.94985044 0.94594595
vt 0.95128092 0.94594595
vt 0.95128092 0.05405405
vt 0.95272323 0.94594595
vt 0.95272323 0.05405405
vt 0.95128092 0.05405405
vt 0.95128092 0.94594595
vt 0.95272323 0.94594595
vt 0.95272323 0.05405405
vt 0.95417146 0.94594595
vt 0.95417146 0.05405405
vt 0.95272323 0.05405405
vt 0.95272323 0.94594595
vt 0.95417146 0.94594595
vt 0.95417146 0.05405405
vt 0.95562265 0.94594595
vt 0.95562265 0.05405405
vt 0.95417146 0.05405405
vt 0.95417146 0.94594595
vt 0.95562265 0.94594595
vt 0.95562265 0.94594595
vt 0.95707384 1.00000000
vt 0.95707384 0.94594595
vt 0.95562265 0.94594595
vt 0.95562265 1.00000000
vt 0.95707384 1.00000000
vt 0.95707384 0.94594595
vt 0.95852207 1.00000000
vt 0.95852207 0.94594595
vt 0.95707384 0.94594595
vt 0.95707384 1.00000000
vt 0.95852207 1.00000000
vt 0.95852207 0.94594595
vt 0.95996438 1.00000000
vt 0.95996438 0.94594595
vt 0.95852207 0.94594595
vt 0.95852207 1.00000000
vt 0.95996438 1.00000000
vt 0.95996438 0.94594595
vt 0.96139486 1.00000000
vt 0.96139486 0.94594595
vt 0.95996438 0.94594595
vt 0.95996438 1.00000000
vt 0.96139486 1.00000000
vt 0.96139486 0.94594595
vt 0.96281202 1.00000000
vt 0.96281202 0.94594595
vt 0.96139486 0.94594595
vt 0.96139486 1.00000000
vt 0.96281202 1.00000000
vt 0.96281202 0.94594595
vt 0.96421143 1.00000000
vt 0.96421143 0.94594595
vt 0.96281202 0.94594595
vt 0.96281202 1.00000000
vt 0.96421143 1.00000000
vt 0.96421143 0.94594595
vt 0.96559013 1.00000000
vt 0.96559013 0.94594595
vt 0.96421143 0.94594595
vt 0.96421143 1.00000000
vt 0.96559013 1.00000000
vt 0.96559013 0.94594595
vt 0.96694517 1.00000000
vt 0.96694517 0.94594595
vt 0.96559013 0.94594595
vt 0.96559013 1.00000000
vt 0.96694517 1.00000000
vt 0.96694517 0.94594595
vt 0.96827210 1.00000000
vt 0.96827210 0.94594595
vt 0.96694517 0.94594595
vt 0.96694517 1.00000000
vt 0.96827210 1.00000000
vt 0.96827210 0.94594595
vt 0.96956944 1.00000000
vt 0.96956944 0.94594595
vt 0.96827210 0.94594595
vt 0.96827210 1.00000000
vt 0.96956944 1.00000000
vt 0.96956944 0.94594595
vt 0.97083275 1.00000000
vt 0.97083275 0.94594595
vt 0.96956944 0.94594595
vt 0.96956944 1.00000000
vt 0.97083275 1.00000000
vt 0.97083275 0.94594595
vt 0.97205909 1.00000000
vt 0.97205909 0.94594595
vt 0.97083275 0.94594595
vt 0.97083275 1.00000000
vt 0.97205909 1.00000000
vt 0.97205909 0.94594595
vt 0.97324696 1.00000000
vt 0.97324696 0.94594595
vt 0.97205909 0.94594595
vt 0.97205909 1.00000000
vt 0.97324696 1.00000000
vt 0.97324696 0.94594595
vt 0.97439194 1.00000000
vt 0.97439194 0.94594595
vt 0.97324696 0.94594595
vt 0.97324696 1.00000000
vt 0.97439194 1.00000000
vt 0.97439194 0.94594595
vt 0.97549105 1.00000000
vt 0.97549105 0.94594595
vt 0.97439194 0.94594595
vt 0.97439194 1.00000000
vt 0.97549105 1.00000000
vt 0.97549105 0.94594595
vt 0.97654283 1.00000000
vt 0.97654283 0.94594595
vt 0.97549105 0.94594595
vt 0.97549105 1.00000000
vt 0.97654283 1.00000000
vt 0.93654737 0.94594595
vt 0.93465639 1.00000000
vt 0.93465639 0.94594595
vt 0.93654737 0.94594595
vt 0.93654737 1.00000000
vt 0.93465639 1.00000000
vt 0.93465639 0.94594595
vt 0.93268031 1.00000000
vt 0.93268031 0.94594595
vt 0.93465639 0.94594595
vt 0.93465639 1.00000000
vt 0.93268031 1.00000000
vt 0.93268031 0.94594595
vt 0.93062179 1.00000000
vt 0.93062179 0.94594595
vt 0.93268031 0.94594595
vt 0.93268031 1.00000000
vt 0.93062179 1.00000000
vt 0.93062179 0.94594595
vt 0.92848613 1.00000000
vt 0.92848613 0.94594595
vt 0.93062179 0.94594595
vt 0.93062179 1.00000000
vt 0.92848613 1.00000000
vt 0.92848613 0.94594595
vt 0.92628133 1.00000000
vt 0.92628133 0.94594595
vt 0.92848613 0.94594595
vt 0.92848613 1.00000000
vt 0.92628133 1.00000000
vt 0.92628133 0.94594595
vt 0.92401003 1.00000000
vt 0.92401003 0.94594595
vt 0.92628133 0.94594595
vt 0.92628133 1.00000000
vt 0.92401003 1.00000000
vt 0.92401003 0.94594595
vt 0.92167757 1.00000000
vt 0.92167757 0.94594595
vt 0.92401003 0.94594595
vt 0.92401003 1.00000000
vt 0.92167757 1.00000000
vt 0.92167757 0.94594595
vt 0.91929191 1.00000000
vt 0.91929191 0.94594595
vt 0.92167757 0.94594595
vt 0.92167757 1.00000000
vt 0.91929191 1.00000000
vt 0.91929191 0.94594595
vt 0.91685572 1.00000000
vt 0.91685572 0.94594595
vt 0.91929191 0.94594595
vt 0.91929191 1.00000000
vt 0.91685572 1.00000000
vt 0.91685572 0.94594595
vt 0.91437698 1.00000000
vt 0.91437698 0.94594595
vt 0.91685572 0.94594595
vt 0.91685572 1.00000000
vt 0.91437698 1.00000000
vt 0.91437698 0.94594595
vt 0.91186100 1.00000000
vt 0.91186100 0.94594595
vt 0.91437698 0.94594595
vt 0.91437698 1.00000000
vt 0.91186100 1.00000000
vt 0.91186100 0.94594595
vt 0.90931311 1.00000000
vt 0.90931311 0.94594595
vt 0.91186100 0.94594595
vt 0.91186100 1.00000000
vt 0.90931311 1.00000000
vt 0.90931311 0.94594595
vt 0.90674128 1.00000000
vt 0.90674128 0.94594595
vt 0.90931311 0.94594595
vt 0.90931311 1.00000000
vt 0.90674128 1.00000000
vt 0.90674128 0.94594595
vt 0.90414817 1.00000000
vt 0.90414817 0.94594595
vt 0.90674128 0.94594595
vt 0.90674128 1.00000000
vt 0.90414817 1.00000000
vt 0.90414817 0.94594595
vt 0.90154443 1.00000000
vt 0.90154443 0.94594595
vt 0.90414817 0.94594595
vt 0.90414817 1.00000000
vt 0.90154443 1.00000000
vt 0.90154443 0.94594595
vt 0.89893536 1.00000000
vt 0.89893536 0.94594595
vt 0.90154443 0.94594595
vt 0.90154443 1.00000000
vt 0.89893536 1.00000000
vt 0.89893536 0.94594595
vt 0.89632630 1.00000000
vt 0.89632630 0.94594595
vt 0.89893536 0.94594595
vt 0.89893536 1.00000000
vt 0.89632630 1.00000000
vt 0.89632630 0.94594595
vt 0.89372256 1.00000000
vt 0.89372256 0.94594595
vt 0.89632630 0.94594595
vt 0.89632630 1.00000000
vt 0.89372256 1.00000000
vt 0.89372256 0.94594595
vt 0.89112945 1.00000000
vt 0.89112945 0.94594595
vt 0.89372256 0.94594595
vt 0.89372256 1.00000000
vt 0.89112945 1.00000000
vt 0.89112945 0.94594595
vt 0.88855762 1.00000000
vt 0.88855762 0.94594595
vt 0.89112945 0.94594595
vt 0.89112945 1.00000000
vt 0.88855762 1.00000000
vt 0.88855762 0.94594595
vt 0.88600973 1.00000000
vt 0.88600973 0.94594595
vt 0.88855762 0.94594595
vt 0.88855762 1.00000000
vt 0.88600973 1.00000000
vt 0.88600973 0.94594595
vt 0.88349375 1.00000000
vt 0.88349375 0.94594595
vt 0.88600973 0.94594595
vt 0.88600973 1.00000000
vt 0.88349375 1.00000000
vt 0.88349375 0.94594595
vt 0.88101501 1.00000000
vt 0.88101501 0.94594595
vt 0.88349375 0.94594595
vt 0.88349375 1.00000000
vt 0.88101501 1.00000000
vt 0.88101501 0.94594595
vt 0.87857882 1.00000000
vt 0.87857882 0.94594595
vt 0.88101501 0.94594595
vt 0.88101501 1.00000000
vt 0.87857882 1.00000000
vt 0.87857882 0.94594595
vt 0.87619316 1.00000000
vt 0.87619316 0.94594595
vt 0.87857882 0.94594595
vt 0.87857882 1.00000000
vt 0.87619316 1.00000000
vt 0.87619316 0.94594595
vt 0.87386070 1.00000000
vt 0.87386070 0.94594595
vt 0.87619316 0.94594595
vt 0.87619316 1.00000000
vt 0.87386070 1.00000000
vt 0.87386070 0.94594595
vt 0.87158940 1.00000000
vt 0.87158940 0.94594595
vt 0.87386070 0.94594595
vt 0.87386070 1.00000000
vt 0.87158940 1.00000000
vt 0.87158940 0.94594595
vt 0.86938460 1.00000000
vt 0.86938460 0.94594595
vt 0.87158940 0.94594595
vt 0.87158940 1.00000000
vt 0.86938460 1.00000000
vt 0.86938460 0.94594595
vt 0.86724894 1.00000000
vt 0.86724894 0.94594595
vt 0.86938460 0.94594595
vt 0.86938460 1.00000000
vt 0.86724894 1.00000000
vt 0.86724894 0.94594595
vt 0.86519041 1.00000000
vt 0.86519041 0.94594595
vt 0.86724894 0.94594595
vt 0.86724894 1.00000000
vt 0.86519041 1.00000000
vt 0.86519041 0.94594595
vt 0.86321433 1.00000000
vt 0.86321433 0.94594595
vt 0.86519041 0.94594595
vt 0.86519041 1.00000000
vt 0.86321433 1.00000000
vt 0.86321433 0.94594595
vt 0.86132336 1.00000000
vt 0.86132336 0.94594595
vt 0.86321433 0.94594595
vt 0.86321433 1.00000000
vt 0.86132336 1.00000000
vt 0.97654283 0.94594595
vt 0.97549105 1.00000000
vt 0.97549105 0.94594595
vt 0.97654283 0.94594595
vt 0.97654283 1.00000000
vt 0.97549105 1.00000000
vt 0.97549105 0.94594595
vt 0.97439194 1.00000000
vt 0.97439194 0.94594595
vt 0.97549105 0.94594595
vt 0.97549105 1.00000000
vt 0.97439194 1.00000000
vt 0.97439194 0.94594595
vt 0.97324696 1.00000000
vt 0.97324696 0.94594595
vt 0.97439194 0.94594595
vt 0.97439194 1.00000000
vt 0.97324696 1.00000000
vt 0.97324696 0.94594595
vt 0.97205909 1.00000000
vt 0.97205909 0.94594595
vt 0.97324696 0.94594595
vt 0.97324696 1.00000000
vt 0.97205909 1.00000000
vt 0.97205909 0.94594595
vt 0.97083275 1.00000000
vt 0.97083275 0.94594595
vt 0.97205909 0.94594595
vt 0.97205909 1.00000000
vt 0.97083275 1.00000000
vt 0.97083275 0.94594595
vt 0.96956944 1.00000000
vt 0.96956944 0.94594595
vt 0.97083275 0.94594595
vt 0.97083275 1.00000000
vt 0.96956944 1.00000000
vt 0.96956944 0.94594595
vt 0.96827210 1.00000000
vt 0.96827210 0.94594595
vt 0.96956944 0.94594595
vt 0.96956944 1.00000000
vt 0.96827210 1.00000000
vt 0.96827210 0.94594595
vt 0.96694517 1.00000000
vt 0.96694517 0.94594595
vt 0.96827210 0.94594595
vt 0.96827210 1.00000000
vt 0.96694517 1.00000000
vt 0.96694517 0.94594595
vt 0.96559013 1.00000000
vt 0.96559013 0.94594595
vt 0.96694517 0.94594595
vt 0.96694517 1.00000000
vt 0.96559013 1.00000000
vt 0.96559013 0.94594595
vt 0.96421143 1.00000000
vt 0.96421143 0.94594595
vt 0.96559013 0.94594595
vt 0.96559013 1.00000000
vt 0.96421143 1.00000000
vt 0.96421143 0.94594595
vt 0.96281202 1.00000000
vt 0.96281202 0.94594595
vt 0.96421143 0.94594595
vt 0.96421143 1.00000000
vt 0.96281202 1.00000000
vt 0.96281202 0.94594595
vt 0.96139486 1.00000000
vt 0.96139486 0.94594595
vt 0.96281202 0.94594595
vt 0.96281202 1.00000000
vt 0.96139486 1.00000000
vt 0.96139486 0.94594595
vt 0.95996438 1.00000000
vt 0.95996438 0.94594595
vt 0.96139486 0.94594595
vt 0.96139486 1.00000000
vt 0.95996438 1.00000000
vt 0.95996438 0.94594595
vt 0.95852207 1.00000000
vt 0.95852207 0.94594595
vt 0.95996438 0.94594595
vt 0.95996438 1.00000000
vt 0.95852207 1.00000000
vt 0.95852207 0.94594595
vt 0.95707384 1.00000000
vt 0.95707384 0.94594595
vt 0.95852207 0.94594595
vt 0.95852207 1.00000000
vt 0.95707384 1.00000000
vt 0.95707384 0.94594595
vt 0.95562265 1.00000000
vt 0.95562265 0.94594595
vt 0.95707384 0.94594595
vt 0.95707384 1.00000000
vt 0.95562265 1.00000000
vt 0.95562265 0.94594595
vt 0.95417146 1.00000000
vt 0.95417146 0.94594595
vt 0.95562265 0.94594595
vt 0.95562265 1.00000000
vt 0.95417146 1.00000000
vt 0.95417146 0.94594595
vt 0.95272323 1.00000000
vt 0.95272323 0.94594595
vt 0.95417146 0.94594595
vt 0.95417146 1.00000000
vt 0.95272323 1.00000000
vt 0.95272323 0.94594595
vt 0.95128092 1.00000000
vt 0.95128092 0.94594595
vt 0.95272323 0.94594595
vt 0.95272323 1.00000000
vt 0.95128092 1.00000000
vt 0.95128092 0.94594595
vt 0.94985044 1.00000000
vt 0.94985044 0.94594595
vt 0.95128092 0.94594595
vt 0.95128092 1.00000000
vt 0.94985044 1.00000000
vt 0.94985044 0.94594595
vt 0.94843328 1.00000000
vt 0.94843328 0.94594595
vt 0.94985044 0.94594595
vt 0.94985044 1.00000000
vt 0.94843328 1.00000000
vt 0.94843328 0.94594595
vt 0.94703387 1.00000000
vt 0.94703387 0.94594595
vt 0.94843328 0.94594595
vt 0.94843328 1.00000000
vt 0.94703387 1.00000000
vt 0.94703387 0.94594595
vt 0.94565516 1.00000000
vt 0.94565516 0.94594595
vt 0.94703387 0.94594595
vt 0.94703387 1.00000000
vt 0.94565516 1.00000000
vt 0.94565516 0.94594595
vt 0.94430013 1.00000000
vt 0.94430013 0.94594595
vt 0.94565516 0.94594595
vt 0.94565516 1.00000000
vt 0.94430013 1.00000000
vt 0.94430013 0.94594595
vt 0.94297320 1.00000000
vt 0.94297320 0.94594595
vt 0.94430013 0.94594595
vt 0.94430013 1.00000000
vt 0.94297320 1.00000000
vt 0.94297320 0.94594595
vt 0.94167586 1.00000000
vt 0.94167586 0.94594595
vt 0.94297320 0.94594595
vt 0.94297320 1.00000000
vt 0.94167586 1.00000000
vt 0.94167586 0.94594595
vt 0.94041255 1.00000000
vt 0.94041255 0.94594595
vt 0.94167586 0.94594595
vt 0.94167586 1.00000000
vt 0.94041255 1.00000000
vt 0.94041255 0.94594595
vt 0.93918621 1.00000000
vt 0.93918621 0.94594595
vt 0.94041255 0.94594595
vt 0.94041255 1.00000000
vt 0.93918621 1.00000000
vt 0.93918621 0.94594595
vt 0.93799834 1.00000000
vt 0.93799834 0.94594595
vt 0.93918621 0.94594595
vt 0.93918621 1.00000000
vt 0.93799834 1.00000000
vt 0.93799834 0.94594595
vt 0.93685336 1.00000000
vt 0.93685336 0.94594595
vt 0.93799834 0.94594595
vt 0.93799834 1.00000000
vt 0.93685336 1.00000000
vt 0.93685336 0.94594595
vt 0.93575425 1.00000000
vt 0.93575425 0.94594595
vt 0.93685336 0.94594595
vt 0.93685336 1.00000000
vt 0.93575425 1.00000000
vt 0.93575425 0.94594595
vt 0.93470247 1.00000000
vt 0.93470247 0.94594595
vt 0.93575425 0.94594595
vt 0.93575425 1.00000000
vt 0.93470247 1.00000000
vt 0.86132336 0.94594595
vt 0.86321433 1.00000000
vt 0.86321433 0.94594595
vt 0.86132336 0.94594595
vt 0.86132336 1.00000000
vt 0.86321433 1.00000000
vt 0.86321433 0.94594595
vt 0.86519041 1.00000000
vt 0.86519041 0.94594595
vt 0.86321433 0.94594595
vt 0.86321433 1.00000000
vt 0.86519041 1.00000000
vt 0.86519041 0.94594595
vt 0.86724894 1.00000000
vt 0.86724894 0.94594595
vt 0.86519041 0.94594595
vt 0.86519041 1.00000000
vt 0.86724894 1.00000000
vt 0.86724894 0.94594595
vt 0.86938460 1.00000000
vt 0.86938460 0.94594595
vt 0.86724894 0.94594595
vt 0.86724894 1.00000000
vt 0.86938460 1.00000000
vt 0.86938460 0.94594595
vt 0.87158940 1.00000000
vt 0.87158940 0.94594595
vt 0.86938460 0.94594595
vt 0.86938460 1.00000000
vt 0.87158940 1.00000000
vt 0.87158940 0.94594595
vt 0.87386070 1.00000000
vt 0.87386070 0.94594595
vt 0.87158940 0.94594595
vt 0.87158940 1.00000000
vt 0.87386070 1.00000000
vt 0.87386070 0.94594595
vt 0.87619316 1.00000000
vt 0.87619316 0.94594595
vt 0.87386070 0.94594595
vt 0.87386070 1.00000000
vt 0.87619316 1.00000000
vt 0.87619316 0.94594595
vt 0.87857882 1.00000000
vt 0.87857882 0.94594595
vt 0.87619316 0.94594595
vt 0.87619316 1.00000000
vt 0.87857882 1.00000000
vt 0.87857882 0.94594595
vt 0.88101501 1.00000000
vt 0.88101501 0.94594595
vt 0.87857882 0.94594595
vt 0.87857882 1.00000000
vt 0.88101501 1.00000000
vt 0.88101501 0.94594595
vt 0.88349375 1.00000000
vt 0.88349375 0.94594595
vt 0.88101501 0.94594595
vt 0.88101501 1.00000000
vt 0.88349375 1.00000000
vt 0.88349375 0.94594595
vt 0.88600973 1.00000000
vt 0.88600973 0.94594595
vt 0.88349375 0.94594595
vt 0.88349375 1.00000000
vt 0.88600973 1.00000000
vt 0.88600973 0.94594595
vt 0.88855762 1.00000000
vt 0.88855762 0.94594595
vt 0.88600973 0.94594595
vt 0.88600973 1.00000000
vt 0.88855762 1.00000000
vt 0.88855762 0.94594595
vt 0.89112945 1.00000000
vt 0.89112945 0.94594595
vt 0.88855762 0.94594595
vt 0.88855762 1.00000000
vt 0.89112945 1.00000000
vt 0.89112945 0.94594595
vt 0.89372256 1.00000000
vt 0.89372256 0.94594595
vt 0.89112945 0.94594595
vt 0.89112945 1.00000000
vt 0.89372256 1.00000000
vt 0.89372256 0.94594595
vt 0.89632630 1.00000000
vt 0.89632630 0.94594595
vt 0.89372256 0.94594595
vt 0.89372256 1.00000000
vt 0.89632630 1.00000000
vt 0.89632630 0.94594595
vt 0.89893536 1.00000000
vt 0.89893536 0.94594595
vt 0.89632630 0.94594595
vt 0.89632630 1.00000000
vt 0.89893536 1.00000000
vt 0.89893536 0.94594595
vt 0.90154443 1.00000000
vt 0.90154443 0.94594595
vt 0.89893536 0.94594595
vt 0.89893536 1.00000000
vt 0.90154443 1.00000000
vt 0.90154443 0.94594595
vt 0.90414817 1.00000000
vt 0.90414817 0.94594595
vt 0.90154443 0.94594595
vt 0.90154443 1.00000000
vt 0.90414817 1.00000000
vt 0.90414817 0.94594595
vt 0.90674128 1.00000000
vt 0.90674128 0.94594595
vt 0.90414817 0.94594595
vt 0.90414817 1.00000000
vt 0.90674128 1.00000000
vt 0.90674128 0.94594595
vt 0.90931311 1.00000000
vt 0.90931311 0.94594595
vt 0.90674128 0.94594595
vt 0.90674128 1.00000000
vt 0.90931311 1.00000000
vt 0.90931311 0.94594595
vt 0.91186100 1.00000000
vt 0.91186100 0.94594595
vt 0.90931311 0.94594595
vt 0.90931311 1.00000000
vt 0.91186100 1.00000000
vt 0.91186100 0.94594595
vt 0.91437698 1.00000000
vt 0.91437698 0.94594595
vt 0.91186100 0.94594595
vt 0.91186100 1.00000000
vt 0.91437698 1.00000000
vt 0.91437698 0.94594595
vt 0.91685572 1.00000000
vt 0.91685572 0.94594595
vt 0.91437698 0.94594595
vt 0.91437698 1.00000000
vt 0.91685572 1.00000000
vt 0.91685572 0.94594595
vt 0.91929191 1.00000000
vt 0.91929191 0.94594595
vt 0.91685572 0.94594595
vt 0.91685572 1.00000000
vt 0.91929191 1.00000000
vt 0.91929191 0.94594595
vt 0.92167757 1.00000000
vt 0.92167757 0.94594595
vt 0.91929191 0.94594595
vt 0.91929191 1.00000000
vt 0.92167757 1.00000000
vt 0.92167757 0.94594595
vt 0.92401003 1.00000000
vt 0.92401003 0.94594595
vt 0.92167757 0.94594595
vt 0.92167757 1.00000000
vt 0.92401003 1.00000000
vt 0.92401003 0.94594595
vt 0.92628133 1.00000000
vt 0.92628133 0.94594595
vt 0.92401003 0.94594595
vt 0.92401003 1.00000000
vt 0.92628133 1.00000000
vt 0.92628133 0.94594595
vt 0.92848613 1.00000000
vt 0.92848613 0.94594595
vt 0.92628133 0.94594595
vt 0.92628133 1.00000000
vt 0.92848613 1.00000000
vt 0.92848613 0.94594595
vt 0.93062179 1.00000000
vt 0.93062179 0.94594595
vt 0.92848613 0.94594595
vt 0.92848613 1.00000000
vt 0.93062179 1.00000000
vt 0.93062179 0.94594595
vt 0.93268031 1.00000000
vt 0.93268031 0.94594595
vt 0.93062179 0.94594595
vt 0.93062179 1.00000000
vt 0.93268031 1.00000000
vt 0.93268031 0.94594595
vt 0.93465639 1.00000000
vt 0.93465639 0.94594595
vt 0.93268031 0.94594595
vt 0.93268031 1.00000000
vt 0.93465639 1.00000000
vt 0.93465639 0.94594595
vt 0.93654737 1.00000000
vt 0.93654737 0.94594595
vt 0.93465639 0.94594595
vt 0.93465639 1.00000000
vt 0.93654737 1.00000000
vt 0.93470247 0.94594595
vt 0.93575425 1.00000000
vt 0.93575425 0.94594595
vt 0.93470247 0.94594595
vt 0.93470247 1.00000000
vt 0.93575425 1.00000000
vt 0.93575425 0.94594595
vt 0.93685336 1.00000000
vt 0.93685336 0.94594595
vt 0.93575425 0.94594595
vt 0.93575425 1.00000000
vt 0.93685336 1.00000000
vt 0.93685336 0.94594595
vt 0.93799834 1.00000000
vt 0.93799834 0.94594595
vt 0.93685336 0.94594595
vt 0.93685336 1.00000000
vt 0.93799834 1.00000000
vt 0.93799834 0.94594595
vt 0.93918621 1.00000000
vt 0.93918621 0.94594595
vt 0.93799834 0.94594595
vt 0.93799834 1.00000000
vt 0.93918621 1.00000000
vt 0.93918621 0.94594595
vt 0.94041255 1.00000000
vt 0.94041255 0.94594595
vt 0.93918621 0.94594595
vt 0.93918621 1.00000000
vt 0.94041255 1.00000000
vt 0.94041255 0.94594595
vt 0.94167586 1.00000000
vt 0.94167586 0.94594595
vt 0.94041255 0.94594595
vt 0.94041255 1.00000000
vt 0.94167586 1.00000000
vt 0.94167586 0.94594595
vt 0.94297320 1.00000000
vt 0.94297320 0.94594595
vt 0.94167586 0.94594595
vt 0.94167586 1.00000000
vt 0.94297320 1.00000000
vt 0.94297320 0.94594595
vt 0.94430013 1.00000000
vt 0.94430013 0.94594595
vt 0.94297320 0.94594595
vt 0.94297320 1.00000000
vt 0.94430013 1.00000000
vt 0.94430013 0.94594595
vt 0.94565516 1.00000000
vt 0.94565516 0.94594595
vt 0.94430013 0.94594595
vt 0.94430013 1.00000000
vt 0.94565516 1.00000000
vt 0.94565516 0.94594595
vt 0.94703387 1.00000000
vt 0.94703387 0.94594595
vt 0.94565516 0.94594595
vt 0.94565516 1.00000000
vt 0.94703387 1.00000000
vt 0.94703387 0.94594595
vt 0.94843328 1.00000000
vt 0.94843328 0.94594595
vt 0.94703387 0.94594595
vt 0.94703387 1.00000000
vt 0.94843328 1.00000000
vt 0.94843328 0.94594595
vt 0.94985044 1.00000000
vt 0.94985044 0.94594595
vt 0.94843328 0.94594595
vt 0.94843328 1.00000000
vt 0.94985044 1.00000000
vt 0.94985044 0.94594595
vt 0.95128092 1.00000000
vt 0.95128092 0.94594595
vt 0.94985044 0.94594595
vt 0.94985044 1.00000000
vt 0.95128092 1.00000000
vt 0.95128092 0.94594595
vt 0.95272323 1.00000000
vt 0.95272323 0.94594595
vt 0.95128092 0.94594595
vt 0.95128092 1.00000000
vt 0.95272323 1.00000000
vt 0.95272323 0.94594595
vt 0.95417146 1.00000000
vt 0.95417146 0.94594595
vt 0.95272323 0.94594595
vt 0.95272323 1.00000000
vt 0.95417146 1.00000000
vt 0.95417146 0.94594595
vt 0.95562265 1.00000000
vt 0.95562265 0.94594595
vt 0.95417146 0.94594595
vt 0.95417146 1.00000000
vt 0.95562265 1.00000000
vt 0.98670202 0.95562265
vt 0.98670202 0.95802059
vt 0.95206345 0.95707384
vt 0.98670202 0.95562265
vt 0.95206345 0.95707384
vt 0.95212728 0.95562265
vt 0.98670202 0.95562265
vt 0.95206345 0.95707384
vt 0.98670202 0.95802059
vt 0.98670202 0.95562265
vt 0.95212728 0.95562265
vt 0.95206345 0.95707384
vt 0.98670202 0.95802059
vt 0.98670202 0.96043036
vt 0.95187196 0.95852207
vt 0.98670202 0.95802059
vt 0.95187196 0.95852207
vt 0.95206345 0.95707384
vt 0.98670202 0.95802059
vt 0.95187196 0.95852207
vt 0.98670202 0.96043036
vt 0.98670202 0.95802059
vt 0.95206345 0.95707384
vt 0.95187196 0.95852207
vt 0.98670202 0.96043036
vt 0.98670202 0.96286380
vt 0.95155280 0.95996438
vt 0.98670202 0.96043036
vt 0.95155280 0.95996438
vt 0.95187196 0.95852207
vt 0.98670202 0.96043036
vt 0.95155280 0.95996438
vt 0.98670202 0.96286380
vt 0.98670202 0.96043036
vt 0.95187196 0.95852207
vt 0.95155280 0.95996438
vt 0.98670202 0.96286380
vt 0.98670202 0.96533274
vt 0.95110599 0.96139486
vt 0.98670202 0.96286380
vt 0.95110599 0.96139486
vt 0.95155280 0.95996438
vt 0.98670202 0.96286380
vt 0.95110599 0.96139486
vt 0.98670202 0.96533274
vt 0.98670202 0.96286380
vt 0.95155280 0.95996438
vt 0.95110599 0.96139486
vt 0.98670202 0.96533274
vt 0.98657170 0.96783275
vt 0.95053418 0.96281202
vt 0.98670202 0.96533274
vt 0.95053418 0.96281202
vt 0.95110599 0.96139486
vt 0.98670202 0.96533274
vt 0.95053418 0.96281202
vt 0.98657170 0.96783275
vt 0.98670202 0.96533274
vt 0.95110599 0.96139486
vt 0.95053418 0.96281202
vt 0.98657170 0.96783275
vt 0.98604776 0.97032092
vt 0.94983737 0.96421143
vt 0.98657170 0.96783275
vt 0.94983737 0.96421143
vt 0.95053418 0.96281202
vt 0.98657170 0.96783275
vt 0.94983737 0.96421143
vt 0.98604776 0.97032092
vt 0.98657170 0.96783275
vt 0.95053418 0.96281202
vt 0.94983737 0.96421143
vt 0.98604776 0.97032092
vt 0.98510626 0.97277211
vt 0.94901821 0.96559013
vt 0.98604776 0.97032092
vt 0.94901821 0.96559013
vt 0.94983737 0.96421143
vt 0.98604776 0.97032092
vt 0.94901821 0.96559013
vt 0.98510626 0.97277211
vt 0.98604776 0.97032092
vt 0.94983737 0.96421143
vt 0.94901821 0.96559013
vt 0.98510626 0.97277211
vt 0.98375519 0.97516413
vt 0.94807937 0.96694517
vt 0.98510626 0.97277211
vt 0.94807937 0.96694517
vt 0.94901821 0.96559013
vt 0.98510626 0.97277211
vt 0.94807937 0.96694517
vt 0.98375519 0.97516413
vt 0.98510626 0.97277211
vt 0.94901821 0.96559013
vt 0.94807937 0.96694517
vt 0.98375519 0.97516413
vt 0.98200252 0.97747479
vt 0.94702085 0.96827210
vt 0.98375519 0.97516413
vt 0.94702085 0.96827210
vt 0.94807937 0.96694517
vt 0.98375519 0.97516413
vt 0.94702085 0.96827210
vt 0.98200252 0.97747479
vt 0.98375519 0.97516413
vt 0.94807937 0.96694517
vt 0.94702085 0.96827210
vt 0.98200252 0.97747479
vt 0.97986952 0.97968485
vt 0.94584531 0.96956944
vt 0.98200252 0.97747479
vt 0.94584531 0.96956944
vt 0.94702085 0.96827210
vt 0.98200252 0.97747479
vt 0.94584531 0.96956944
vt 0.97986952 0.97968485
vt 0.98200252 0.97747479
vt 0.94702085 0.96827210
vt 0.94584531 0.96956944
vt 0.97986952 0.97968485
vt 0.97736950 0.98177066
vt 0.94456073 0.97083275
vt 0.97986952 0.97968485
vt 0.94456073 0.97083275
vt 0.94584531 0.96956944
vt 0.97986952 0.97968485
vt 0.94456073 0.97083275
vt 0.97736950 0.98177066
vt 0.97986952 0.97968485
vt 0.94584531 0.96956944
vt 0.94456073 0.97083275
vt 0.97736950 0.98177066
vt 0.97452373 0.98371445
vt 0.94316178 0.97205909
vt 0.97736950 0.98177066
vt 0.94316178 0.97205909
vt 0.94456073 0.97083275
vt 0.97736950 0.98177066
vt 0.94316178 0.97205909
vt 0.97452373 0.98371445
vt 0.97736950 0.98177066
vt 0.94456073 0.97083275
vt 0.94316178 0.97205909
vt 0.97452373 0.98371445
vt 0.97136679 0.98550144
vt 0.94165911 0.97324696
vt 0.97452373 0.98371445
vt 0.94165911 0.97324696
vt 0.94316178 0.97205909
vt 0.97452373 0.98371445
vt 0.94165911 0.97324696
vt 0.97136679 0.98550144
vt 0.97452373 0.98371445
vt 0.94316178 0.97205909
vt 0.94165911 0.97324696
vt 0.97136679 0.98550144
vt 0.96792528 0.98711387
vt 0.94005271 0.97439194
vt 0.97136679 0.98550144
vt 0.94005271 0.97439194
vt 0.94165911 0.97324696
vt 0.97136679 0.98550144
vt 0.94005271 0.97439194
vt 0.96792528 0.98711387
vt 0.97136679 0.98550144
vt 0.94165911 0.97324696
vt 0.94005271 0.97439194
vt 0.96792528 0.98711387
vt 0.96422844 0.98853843
vt 0.93834791 0.97549105
vt 0.96792528 0.98711387
vt 0.93834791 0.97549105
vt 0.94005271 0.97439194
vt 0.96792528 0.98711387
vt 0.93834791 0.97549105
vt 0.96422844 0.98853843
vt 0.96792528 0.98711387
vt 0.94005271 0.97439194
vt 0.93834791 0.97549105
vt 0.96422844 0.98853843
vt 0.96031617 0.98976328
vt 0.93654737 0.97654283
vt 0.96422844 0.98853843
vt 0.93654737 0.97654283
vt 0.93834791 0.97549105
vt 0.96422844 0.98853843
vt 0.93654737 0.97654283
vt 0.96031617 0.98976328
vt 0.96422844 0.98853843
vt 0.93834791 0.97549105
vt 0.93654737 0.97654283
vt 0.96031617 0.98976328
vt 0.95622040 0.99077808
vt 0.93465639 0.97754431
vt 0.96031617 0.98976328
vt 0.93465639 0.97754431
vt 0.93654737 0.97654283
vt 0.96031617 0.98976328
vt 0.93465639 0.97754431
vt 0.95622040 0.99077808
vt 0.96031617 0.98976328
vt 0.93654737 0.97654283
vt 0.93465639 0.97754431
vt 0.95622040 0.99077808
vt 0.95198100 0.99157394
vt 0.93268031 0.97849254
vt 0.95622040 0.99077808
vt 0.93268031 0.97849254
vt 0.93465639 0.97754431
vt 0.95622040 0.99077808
vt 0.93268031 0.97849254
vt 0.95198100 0.99157394
vt 0.95622040 0.99077808
vt 0.93465639 0.97754431
vt 0.93268031 0.97849254
vt 0.95198100 0.99157394
vt 0.94763522 0.99214495
vt 0.93062179 0.97938603
vt 0.95198100 0.99157394
vt 0.93062179 0.97938603
vt 0.93268031 0.97849254
vt 0.95198100 0.99157394
vt 0.93062179 0.97938603
vt 0.94763522 0.99214495
vt 0.95198100 0.99157394
vt 0.93268031 0.97849254
vt 0.93062179 0.97938603
vt 0.94763522 0.99214495
vt 0.94322295 0.99248962
vt 0.92848613 0.98022183
vt 0.94763522 0.99214495
vt 0.92848613 0.98022183
vt 0.93062179 0.97938603
vt 0.94763522 0.99214495
vt 0.92848613 0.98022183
vt 0.94322295 0.99248962
vt 0.94763522 0.99214495
vt 0.93062179 0.97938603
vt 0.92848613 0.98022183
vt 0.94322295 0.99248962
vt 0.93875217 0.99257246
vt 0.92628133 0.98099994
vt 0.94322295 0.99248962
vt 0.92628133 0.98099994
vt 0.92848613 0.98022183
vt 0.94322295 0.99248962
vt 0.92628133 0.98099994
vt 0.93875217 0.99257246
vt 0.94322295 0.99248962
vt 0.92848613 0.98022183
vt 0.92628133 0.98099994
vt 0.93875217 0.99257246
vt 0.93444363 0.99257246
vt 0.92401003 0.98171444
vt 0.93875217 0.99257246
vt 0.92401003 0.98171444
vt 0.92628133 0.98099994
vt 0.93875217 0.99257246
vt 0.92401003 0.98171444
vt 0.93444363 0.99257246
vt 0.93875217 0.99257246
vt 0.92628133 0.98099994
vt 0.92401003 0.98171444
vt 0.93444363 0.99257246
vt 0.93035583 0.99257394
vt 0.92167757 0.98236829
vt 0.93444363 0.99257246
vt 0.92167757 0.98236829
vt 0.92401003 0.98171444
vt 0.93444363 0.99257246
vt 0.92167757 0.98236829
vt 0.93035583 0.99257394
vt 0.93444363 0.99257246
vt 0.92401003 0.98171444
vt 0.92167757 0.98236829
vt 0.93035583 0.99257394
vt 0.92645420 0.99257394
vt 0.91929191 0.98295705
vt 0.93035583 0.99257394
vt 0.91929191 0.98295705
vt 0.92167757 0.98236829
vt 0.93035583 0.99257394
vt 0.91929191 0.98295705
vt 0.92645420 0.99257394
vt 0.93035583 0.99257394
vt 0.92167757 0.98236829
vt 0.91929191 0.98295705
vt 0.92645420 0.99257394
vt 0.92270683 0.99257394
vt 0.91685572 0.98347924
vt 0.92645420 0.99257394
vt 0.91685572 0.98347924
vt 0.91929191 0.98295705
vt 0.92645420 0.99257394
vt 0.91685572 0.98347924
vt 0.92270683 0.99257394
vt 0.92645420 0.99257394
vt 0.91929191 0.98295705
vt 0.91685572 0.98347924
vt 0.92270683 0.99257394
vt 0.91908712 0.99257394
vt 0.91437698 0.98393486
vt 0.92270683 0.99257394
vt 0.91437698 0.98393486
vt 0.91685572 0.98347924
vt 0.92270683 0.99257394
vt 0.91437698 0.98393486
vt 0.91908712 0.99257394
vt 0.92270683 0.99257394
vt 0.91685572 0.98347924
vt 0.91437698 0.98393486
vt 0.91908712 0.99257394
vt 0.91557645 0.99257394
vt 0.91186100 0.98432244
vt 0.91908712 0.99257394
vt 0.91186100 0.98432244
vt 0.91437698 0.98393486
vt 0.91908712 0.99257394
vt 0.91186100 0.98432244
vt 0.91557645 0.99257394
vt 0.91908712 0.99257394
vt 0.91437698 0.98393486
vt 0.91186100 0.98432244
vt 0.91557645 0.99257394
vt 0.91215089 0.99257394
vt 0.90931311 0.98464049
vt 0.91557645 0.99257394
vt 0.90931311 0.98464049
vt 0.91186100 0.98432244
vt 0.91557645 0.99257394
vt 0.90931311 0.98464049
vt 0.91215089 0.99257394
vt 0.91557645 0.99257394
vt 0.91186100 0.98432244
vt 0.90931311 0.98464049
vt 0.91215089 0.99257394
vt 0.90878917 0.99257394
vt 0.90674128 0.98488901
vt 0.91215089 0.99257394
vt 0.90674128 0.98488901
vt 0.90931311 0.98464049
vt 0.91215089 0.99257394
vt 0.90674128 0.98488901
vt 0.90878917 0.99257394
vt 0.91215089 0.99257394
vt 0.90931311 0.98464049
vt 0.90674128 0.98488901
vt 0.90878917 0.99257394
vt 0.90547797 0.99257394
vt 0.90414817 0.98506652
vt 0.90878917 0.99257394
vt 0.90414817 0.98506652
vt 0.90674128 0.98488901
vt 0.90878917 0.99257394
vt 0.90414817 0.98506652
vt 0.90547797 0.99257394
vt 0.90878917 0.99257394
vt 0.90674128 0.98488901
vt 0.90414817 0.98506652
vt 0.90547797 0.99257394
vt 0.90219869 0.99257394
vt 0.90154443 0.98517303
vt 0.90547797 0.99257394
vt 0.90154443 0.98517303
vt 0.90414817 0.98506652
vt 0.90547797 0.99257394
vt 0.90154443 0.98517303
vt 0.90219869 0.99257394
vt 0.90547797 0.99257394
vt 0.90414817 0.98506652
vt 0.90154443 0.98517303
vt 0.90219869 0.99257394
vt 0.89893536 0.99257394
vt 0.89893536 0.98520854
vt 0.90219869 0.99257394
vt 0.89893536 0.98520854
vt 0.90154443 0.98517303
vt 0.90219869 0.99257394
vt 0.89893536 0.98520854
vt 0.89893536 0.99257394
vt 0.90219869 0.99257394
vt 0.90154443 0.98517303
vt 0.89893536 0.98520854
vt 0.89893536 0.99257394
vt 0.89567204 0.99257394
vt 0.89632630 0.98517303
vt 0.89893536 0.99257394
vt 0.89632630 0.98517303
vt 0.89893536 0.98520854
vt 0.89893536 0.99257394
vt 0.89632630 0.98517303
vt 0.89567204 0.99257394
vt 0.89893536 0.99257394
vt 0.89893536 0.98520854
vt 0.89632630 0.98517303
vt 0.89567204 0.99257394
vt 0.89239276 0.99257542
vt 0.89372256 0.98506652
vt 0.89567204 0.99257394
vt 0.89372256 0.98506652
vt 0.89632630 0.98517303
vt 0.89567204 0.99257394
vt 0.89372256 0.98506652
vt 0.89239276 0.99257542
vt 0.89567204 0.99257394
vt 0.89632630 0.98517303
vt 0.89372256 0.98506652
vt 0.89239276 0.99257542
vt 0.88908156 0.99257542
vt 0.89112945 0.98488901
vt 0.89239276 0.99257542
vt 0.89112945 0.98488901
vt 0.89372256 0.98506652
vt 0.89239276 0.99257542
vt 0.89112945 0.98488901
vt 0.88908156 0.99257542
vt 0.89239276 0.99257542
vt 0.89372256 0.98506652
vt 0.89112945 0.98488901
vt 0.88908156 0.99257542
vt 0.88571983 0.99257542
vt 0.88855762 0.98464049
vt 0.88908156 0.99257542
vt 0.88855762 0.98464049
vt 0.89112945 0.98488901
vt 0.88908156 0.99257542
vt 0.88855762 0.98464049
vt 0.88571983 0.99257542
vt 0.88908156 0.99257542
vt 0.89112945 0.98488901
vt 0.88855762 0.98464049
vt 0.88571983 0.99257542
vt 0.88229427 0.99257542
vt 0.88600973 0.98432244
vt 0.88571983 0.99257542
vt 0.88600973 0.98432244
vt 0.88855762 0.98464049
vt 0.88571983 0.99257542
vt 0.88600973 0.98432244
vt 0.88229427 0.99257542
vt 0.88571983 0.99257542
vt 0.88855762 0.98464049
vt 0.88600973 0.98432244
vt 0.88229427 0.99257542
vt 0.87878095 0.99257542
vt 0.88349375 0.98393486
vt 0.88229427 0.99257542
vt 0.88349375 0.98393486
vt 0.88600973 0.98432244
vt 0.88229427 0.99257542
vt 0.88349375 0.98393486
vt 0.87878095 0.99257542
vt 0.88229427 0.99257542
vt 0.88600973 0.98432244
vt 0.88349375 0.98393486
vt 0.87878095 0.99257542
vt 0.87516390 0.99257542
vt 0.88101501 0.98347924
vt 0.87878095 0.99257542
vt 0.88101501 0.98347924
vt 0.88349375 0.98393486
vt 0.87878095 0.99257542
vt 0.88101501 0.98347924
vt 0.87516390 0.99257542
vt 0.87878095 0.99257542
vt 0.88349375 0.98393486
vt 0.88101501 0.98347924
vt 0.87516390 0.99257542
vt 0.87141653 0.99257542
vt 0.87857882 0.98295705
vt 0.87516390 0.99257542
vt 0.87857882 0.98295705
vt 0.88101501 0.98347924
vt 0.87516390 0.99257542
vt 0.87857882 0.98295705
vt 0.87141653 0.99257542
vt 0.87516390 0.99257542
vt 0.88101501 0.98347924
vt 0.87857882 0.98295705
vt 0.87141653 0.99257542
vt 0.86751224 0.99257542
vt 0.87619316 0.98236829
vt 0.87141653 0.99257542
vt 0.87619316 0.98236829
vt 0.87857882 0.98295705
vt 0.87141653 0.99257542
vt 0.87619316 0.98236829
vt 0.86751224 0.99257542
vt 0.87141653 0.99257542
vt 0.87857882 0.98295705
vt 0.87619316 0.98236829
vt 0.86751224 0.99257542
vt 0.86342444 0.99257542
vt 0.87386070 0.98171444
vt 0.86751224 0.99257542
vt 0.87386070 0.98171444
vt 0.87619316 0.98236829
vt 0.86751224 0.99257542
vt 0.87386070 0.98171444
vt 0.86342444 0.99257542
vt 0.86751224 0.99257542
vt 0.87619316 0.98236829
vt 0.87386070 0.98171444
vt 0.86342444 0.99257542
vt 0.85911324 0.99257542
vt 0.87158940 0.98099994
vt 0.86342444 0.99257542
vt 0.87158940 0.98099994
vt 0.87386070 0.98171444
vt 0.86342444 0.99257542
vt 0.87158940 0.98099994
vt 0.85911324 0.99257542
vt 0.86342444 0.99257542
vt 0.87386070 0.98171444
vt 0.87158940 0.98099994
vt 0.85911324 0.99257542
vt 0.85454405 0.99257542
vt 0.86938460 0.98022183
vt 0.85911324 0.99257542
vt 0.86938460 0.98022183
vt 0.87158940 0.98099994
vt 0.85911324 0.99257542
vt 0.86938460 0.98022183
vt 0.85454405 0.99257542
vt 0.85911324 0.99257542
vt 0.87158940 0.98099994
vt 0.86938460 0.98022183
vt 0.85454405 0.99257542
vt 0.84966103 0.99257690
vt 0.86724894 0.97938603
vt 0.85454405 0.99257542
vt 0.86724894 0.97938603
vt 0.86938460 0.98022183
vt 0.85454405 0.99257542
vt 0.86724894 0.97938603
vt 0.84966103 0.99257690
vt 0.85454405 0.99257542
vt 0.86938460 0.98022183
vt 0.86724894 0.97938603
vt 0.84966103 0.99257690
vt 0.84441099 0.99257690
vt 0.86519041 0.97849254
vt 0.84966103 0.99257690
vt 0.86519041 0.97849254
vt 0.86724894 0.97938603
vt 0.84966103 0.99257690
vt 0.86519041 0.97849254
vt 0.84441099 0.99257690
vt 0.84966103 0.99257690
vt 0.86724894 0.97938603
vt 0.86519041 0.97849254
vt 0.84441099 0.99257690
vt 0.83871946 0.99257690
vt 0.86321433 0.97754431
vt 0.84441099 0.99257690
vt 0.86321433 0.97754431
vt 0.86519041 0.97849254
vt 0.84441099 0.99257690
vt 0.86321433 0.97754431
vt 0.83871946 0.99257690
vt 0.84441099 0.99257690
vt 0.86519041 0.97849254
vt 0.86321433 0.97754431
vt 0.83871946 0.99257690
vt 0.83249600 0.99257690
vt 0.86132336 0.97654283
vt 0.83871946 0.99257690
vt 0.86132336 0.97654283
vt 0.86321433 0.97754431
vt 0.83871946 0.99257690
vt 0.86132336 0.97654283
vt 0.83249600 0.99257690
vt 0.83871946 0.99257690
vt 0.86321433 0.97754431
vt 0.86132336 0.97654283
vt 0.83249600 0.99257690
vt 0.82563159 0.99257690
vt 0.85952282 0.97549105
vt 0.83249600 0.99257690
vt 0.85952282 0.97549105
vt 0.86132336 0.97654283
vt 0.83249600 0.99257690
vt 0.85952282 0.97549105
vt 0.82563159 0.99257690
vt 0.83249600 0.99257690
vt 0.86132336 0.97654283
vt 0.85952282 0.97549105
vt 0.82563159 0.99257690
vt 0.81797727 0.99257690
vt 0.85781801 0.97439194
vt 0.82563159 0.99257690
vt 0.85781801 0.97439194
vt 0.85952282 0.97549105
vt 0.82563159 0.99257690
vt 0.85781801 0.97439194
vt 0.81797727 0.99257690
vt 0.82563159 0.99257690
vt 0.85952282 0.97549105
vt 0.85781801 0.97439194
vt 0.81797727 0.99257690
vt 0.80934954 0.99257838
vt 0.85621162 0.97324696
vt 0.81797727 0.99257690
vt 0.85621162 0.97324696
vt 0.85781801 0.97439194
vt 0.81797727 0.99257690
vt 0.85621162 0.97324696
vt 0.80934954 0.99257838
vt 0.81797727 0.99257690
vt 0.85781801 0.97439194
vt 0.85621162 0.97324696
vt 0.80934954 0.99257838
vt 0.79949840 0.99257838
vt 0.85470895 0.97205909
vt 0.80934954 0.99257838
vt 0.85470895 0.97205909
vt 0.85621162 0.97324696
vt 0.80934954 0.99257838
vt 0.85470895 0.97205909
vt 0.79949840 0.99257838
vt 0.80934954 0.99257838
vt 0.85621162 0.97324696
vt 0.85470895 0.97205909
vt 0.79949840 0.99257838
vt 0.78808342 0.99257838
vt 0.85331000 0.97083275
vt 0.79949840 0.99257838
vt 0.85331000 0.97083275
vt 0.85470895 0.97205909
vt 0.79949840 0.99257838
vt 0.85331000 0.97083275
vt 0.78808342 0.99257838
vt 0.79949840 0.99257838
vt 0.85470895 0.97205909
vt 0.85331000 0.97083275
vt 0.78808342 0.99257838
vt 0.77462852 0.99257838
vt 0.85202542 0.96956944
vt 0.78808342 0.99257838
vt 0.85202542 0.96956944
vt 0.85331000 0.97083275
vt 0.78808342 0.99257838
vt 0.85202542 0.96956944
vt 0.77462852 0.99257838
vt 0.78808342 0.99257838
vt 0.85331000 0.97083275
vt 0.85202542 0.96956944
vt 0.77462852 0.99257838
vt 0.75845020 0.99257986
vt 0.85084987 0.96827210
vt 0.77462852 0.99257838
vt 0.85084987 0.96827210
vt 0.85202542 0.96956944
vt 0.77462852 0.99257838
vt 0.85084987 0.96827210
vt 0.75845020 0.99257986
vt 0.77462852 0.99257838
vt 0.85202542 0.96956944
vt 0.85084987 0.96827210
vt 0.75845020 0.99257986
vt 0.73852185 0.99257986
vt 0.84979135 0.96694517
vt 0.75845020 0.99257986
vt 0.84979135 0.96694517
vt 0.85084987 0.96827210
vt 0.75845020 0.99257986
vt 0.84979135 0.96694517
vt 0.73852185 0.99257986
vt 0.75845020 0.99257986
vt 0.85084987 0.96827210
vt 0.84979135 0.96694517
vt 0.73852185 0.99257986
vt 0.71322909 0.99258134
vt 0.84885252 0.96559013
vt 0.73852185 0.99257986
vt 0.84885252 0.96559013
vt 0.84979135 0.96694517
vt 0.73852185 0.99257986
vt 0.84885252 0.96559013
vt 0.71322909 0.99258134
vt 0.73852185 0.99257986
vt 0.84979135 0.96694517
vt 0.84885252 0.96559013
vt 0.71322909 0.99258134
vt 0.67988042 0.99258282
vt 0.84803336 0.96421143
vt 0.71322909 0.99258134
vt 0.84803336 0.96421143
vt 0.84885252 0.96559013
vt 0.71322909 0.99258134
vt 0.84803336 0.96421143
vt 0.67988042 0.99258282
vt 0.71322909 0.99258134
vt 0.84885252 0.96559013
vt 0.84803336 0.96421143
vt 0.67988042 0.99258282
vt 0.63364335 0.99258430
vt 0.84733655 0.96281202
vt 0.67988042 0.99258282
vt 0.84733655 0.96281202
vt 0.84803336 0.96421143
vt 0.67988042 0.99258282
vt 0.84733655 0.96281202
vt 0.63364335 0.99258430
vt 0.67988042 0.99258282
vt 0.84803336 0.96421143
vt 0.84733655 0.96281202
vt 0.63364335 0.99258430
vt 0.56483429 0.99258726
vt 0.84676473 0.96139486
vt 0.63364335 0.99258430
vt 0.84676473 0.96139486
vt 0.84733655 0.96281202
vt 0.63364335 0.99258430
vt 0.84676473 0.96139486
vt 0.56483429 0.99258726
vt 0.63364335 0.99258430
vt 0.84733655 0.96281202
vt 0.84676473 0.96139486
vt 0.56483429 0.99258726
vt 0.45086796 0.99259021
vt 0.84631792 0.95996438
vt 0.56483429 0.99258726
vt 0.84631792 0.95996438
vt 0.84676473 0.96139486
vt 0.56483429 0.99258726
vt 0.84631792 0.95996438
vt 0.45086796 0.99259021
vt 0.56483429 0.99258726
vt 0.84676473 0.96139486
vt 0.84631792 0.95996438
vt 0.45086796 0.99259021
vt 0.22395923 0.99259909
vt 0.84599877 0.95852207
vt 0.45086796 0.99259021
vt 0.84599877 0.95852207
vt 0.84631792 0.95996438
vt 0.45086796 0.99259021
vt 0.84599877 0.95852207
vt 0.22395923 0.99259909
vt 0.45086796 0.99259021
vt 0.84631792 0.95996438
vt 0.84599877 0.95852207
vt 0.22395923 0.99259909
vt 0.02007197 0.97963751
vt 0.84580728 0.95707384
vt 0.22395923 0.99259909
vt 0.84580728 0.95707384
vt 0.84599877 0.95852207
vt 0.22395923 0.99259909
vt 0.84580728 0.95707384
vt 0.02007197 0.97963751
vt 0.22395923 0.99259909
vt 0.84599877 0.95852207
vt 0.84580728 0.95707384
vt 0.02007197 0.97963751
vt 0.01334585 0.95562265
vt 0.84574345 0.95562265
vt 0.02007197 0.97963751
vt 0.84574345 0.95562265
vt 0.84580728 0.95707384
vt 0.02007197 0.97963751
vt 0.84574345 0.95562265
vt 0.01334585 0.95562265
vt 0.02007197 0.97963751
vt 0.84580728 0.95707384
vt 0.84574345 0.95562265
vt 0.01334585 0.95562265
vt 0.01334585 0.93142435
vt 0.84580728 0.95417146
vt 0.01334585 0.95562265
vt 0.84580728 0.95417146
vt 0.84574345 0.95562265
vt 0.01334585 0.95562265
vt 0.84580728 0.95417146
vt 0.01334585 0.93142435
vt 0.01334585 0.95562265
vt 0.84574345 0.95562265
vt 0.84580728 0.95417146
vt 0.01334585 0.93142435
vt 0.01334319 0.90710771
vt 0.84599877 0.95272323
vt 0.01334585 0.93142435
vt 0.84599877 0.95272323
vt 0.84580728 0.95417146
vt 0.01334585 0.93142435
vt 0.84599877 0.95272323
vt 0.01334319 0.90710771
vt 0.01334585 0.93142435
vt 0.84580728 0.95417146
vt 0.84599877 0.95272323
vt 0.01334319 0.90710771
vt 0.01334319 0.88255587
vt 0.84631792 0.95128092
vt 0.01334319 0.90710771
vt 0.84631792 0.95128092
vt 0.84599877 0.95272323
vt 0.01334319 0.90710771
vt 0.84631792 0.95128092
vt 0.01334319 0.88255587
vt 0.01334319 0.90710771
vt 0.84599877 0.95272323
vt 0.84631792 0.95128092
vt 0.01334319 0.88255587
vt 0.01334053 0.85764307
vt 0.84676473 0.94985044
vt 0.01334319 0.88255587
vt 0.84676473 0.94985044
vt 0.84631792 0.95128092
vt 0.01334319 0.88255587
vt 0.84676473 0.94985044
vt 0.01334053 0.85764307
vt 0.01334319 0.88255587
vt 0.84631792 0.95128092
vt 0.84676473 0.94985044
vt 0.01334053 0.85764307
vt 0.01334053 0.83223767
vt 0.84733655 0.94843328
vt 0.01334053 0.85764307
vt 0.84733655 0.94843328
vt 0.84676473 0.94985044
vt 0.01334053 0.85764307
vt 0.84733655 0.94843328
vt 0.01334053 0.83223767
vt 0.01334053 0.85764307
vt 0.84676473 0.94985044
vt 0.84733655 0.94843328
vt 0.01334053 0.83223767
vt 0.01333787 0.80620061
vt 0.84803336 0.94703387
vt 0.01334053 0.83223767
vt 0.84803336 0.94703387
vt 0.84733655 0.94843328
vt 0.01334053 0.83223767
vt 0.84803336 0.94703387
vt 0.01333787 0.80620061
vt 0.01334053 0.83223767
vt 0.84733655 0.94843328
vt 0.84803336 0.94703387
vt 0.01333787 0.80620061
vt 0.01333521 0.77937509
vt 0.84885252 0.94565516
vt 0.01333787 0.80620061
vt 0.84885252 0.94565516
vt 0.84803336 0.94703387
vt 0.01333787 0.80620061
vt 0.84885252 0.94565516
vt 0.01333521 0.77937509
vt 0.01333787 0.80620061
vt 0.84803336 0.94703387
vt 0.84885252 0.94565516
vt 0.01333521 0.77937509
vt 0.01333521 0.75158950
vt 0.84979135 0.94430013
vt 0.01333521 0.77937509
vt 0.84979135 0.94430013
vt 0.84885252 0.94565516
vt 0.01333521 0.77937509
vt 0.84979135 0.94430013
vt 0.01333521 0.75158950
vt 0.01333521 0.77937509
vt 0.84885252 0.94565516
vt 0.84979135 0.94430013
vt 0.01333521 0.75158950
vt 0.01333255 0.72264859
vt 0.85084987 0.94297320
vt 0.01333521 0.75158950
vt 0.85084987 0.94297320
vt 0.84979135 0.94430013
vt 0.01333521 0.75158950
vt 0.85084987 0.94297320
vt 0.01333255 0.72264859
vt 0.01333521 0.75158950
vt 0.84979135 0.94430013
vt 0.85084987 0.94297320
vt 0.01333255 0.72264859
vt 0.01332989 0.69233193
vt 0.85202542 0.94167586
vt 0.01333255 0.72264859
vt 0.85202542 0.94167586
vt 0.85084987 0.94297320
vt 0.01333255 0.72264859
vt 0.85202542 0.94167586
vt 0.01332989 0.69233193
vt 0.01333255 0.72264859
vt 0.85084987 0.94297320
vt 0.85202542 0.94167586
vt 0.01332989 0.69233193
vt 0.01332989 0.66037917
vt 0.85331000 0.94041255
vt 0.01332989 0.69233193
vt 0.85331000 0.94041255
vt 0.85202542 0.94167586
vt 0.01332989 0.69233193
vt 0.85331000 0.94041255
vt 0.01332989 0.66037917
vt 0.01332989 0.69233193
vt 0.85202542 0.94167586
vt 0.85331000 0.94041255
vt 0.01332989 0.66037917
vt 0.01332723 0.62648854
vt 0.85470895 0.93918621
vt 0.01332989 0.66037917
vt 0.85470895 0.93918621
vt 0.85331000 0.94041255
vt 0.01332989 0.66037917
vt 0.85470895 0.93918621
vt 0.01332723 0.62648854
vt 0.01332989 0.66037917
vt 0.85331000 0.94041255
vt 0.85470895 0.93918621
vt 0.01332723 0.62648854
vt 0.01332457 0.59029613
vt 0.85621162 0.93799834
vt 0.01332723 0.62648854
vt 0.85621162 0.93799834
vt 0.85470895 0.93918621
vt 0.01332723 0.62648854
vt 0.85621162 0.93799834
vt 0.01332457 0.59029613
vt 0.01332723 0.62648854
vt 0.85470895 0.93918621
vt 0.85621162 0.93799834
vt 0.01332457 0.59029613
vt 0.01332191 0.55136702
vt 0.85781801 0.93685336
vt 0.01332457 0.59029613
vt 0.85781801 0.93685336
vt 0.85621162 0.93799834
vt 0.01332457 0.59029613
vt 0.85781801 0.93685336
vt 0.01332191 0.55136702
vt 0.01332457 0.59029613
vt 0.85621162 0.93799834
vt 0.85781801 0.93685336
vt 0.01332191 0.55136702
vt 0.01331926 0.50916571
vt 0.85952282 0.93575425
vt 0.01332191 0.55136702
vt 0.85952282 0.93575425
vt 0.85781801 0.93685336
vt 0.01332191 0.55136702
vt 0.85952282 0.93575425
vt 0.01331926 0.50916571
vt 0.01332191 0.55136702
vt 0.85781801 0.93685336
vt 0.85952282 0.93575425
vt 0.01331926 0.50916571
vt 0.01331660 0.46303244
vt 0.86132336 0.93470247
vt 0.01331926 0.50916571
vt 0.86132336 0.93470247
vt 0.85952282 0.93575425
vt 0.01331926 0.50916571
vt 0.86132336 0.93470247
vt 0.01331660 0.46303244
vt 0.01331926 0.50916571
vt 0.85952282 0.93575425
vt 0.86132336 0.93470247
vt 0.01331660 0.46303244
vt 0.01331394 0.41213140
vt 0.86321433 0.93370099
vt 0.01331660 0.46303244
vt 0.86321433 0.93370099
vt 0.86132336 0.93470247
vt 0.01331660 0.46303244
vt 0.86321433 0.93370099
vt 0.01331394 0.41213140
vt 0.01331660 0.46303244
vt 0.86132336 0.93470247
vt 0.86321433 0.93370099
vt 0.01331394 0.41213140
vt 0.01330862 0.35539454
vt 0.86519041 0.93275276
vt 0.01331394 0.41213140
vt 0.86519041 0.93275276
vt 0.86321433 0.93370099
vt 0.01331394 0.41213140
vt 0.86519041 0.93275276
vt 0.01330862 0.35539454
vt 0.01331394 0.41213140
vt 0.86321433 0.93370099
vt 0.86519041 0.93275276
vt 0.01330862 0.35539454
vt 0.01330596 0.29143429
vt 0.86724894 0.93185927
vt 0.01330862 0.35539454
vt 0.86724894 0.93185927
vt 0.86519041 0.93275276
vt 0.01330862 0.35539454
vt 0.86724894 0.93185927
vt 0.01330596 0.29143429
vt 0.01330862 0.35539454
vt 0.86519041 0.93275276
vt 0.86724894 0.93185927
vt 0.01330596 0.29143429
vt 0.01330064 0.21839710
vt 0.86938460 0.93102346
vt 0.01330596 0.29143429
vt 0.86938460 0.93102346
vt 0.86724894 0.93185927
vt 0.01330596 0.29143429
vt 0.86938460 0.93102346
vt 0.01330064 0.21839710
vt 0.01330596 0.29143429
vt 0.86724894 0.93185927
vt 0.86938460 0.93102346
vt 0.01330064 0.21839710
vt 0.01329532 0.13376667
vt 0.87158940 0.93024536
vt 0.01330064 0.21839710
vt 0.87158940 0.93024536
vt 0.86938460 0.93102346
vt 0.01330064 0.21839710
vt 0.87158940 0.93024536
vt 0.01329532 0.13376667
vt 0.01330064 0.21839710
vt 0.86938460 0.93102346
vt 0.87158940 0.93024536
vt 0.01329532 0.13376667
vt 0.01329000 0.03402377
vt 0.87386070 0.92953086
vt 0.01329532 0.13376667
vt 0.87386070 0.92953086
vt 0.87158940 0.93024536
vt 0.01329532 0.13376667
vt 0.87386070 0.92953086
vt 0.01329000 0.03402377
vt 0.01329532 0.13376667
vt 0.87158940 0.93024536
vt 0.87386070 0.92953086
vt 0.01329000 0.03402377
vt 0.09264968 0.00742606
vt 0.87619316 0.92887701
vt 0.01329000 0.03402377
vt 0.87619316 0.92887701
vt 0.87386070 0.92953086
vt 0.01329000 0.03402377
vt 0.87619316 0.92887701
vt 0.09264968 0.00742606
vt 0.01329000 0.03402377
vt 0.87386070 0.92953086
vt 0.87619316 0.92887701
vt 0.09264968 0.00742606
vt 0.19280473 0.00742162
vt 0.87857882 0.92828825
vt 0.09264968 0.00742606
vt 0.87857882 0.92828825
vt 0.87619316 0.92887701
vt 0.09264968 0.00742606
vt 0.87857882 0.92828825
vt 0.19280473 0.00742162
vt 0.09264968 0.00742606
vt 0.87619316 0.92887701
vt 0.87857882 0.92828825
vt 0.19280473 0.00742162
vt 0.28896241 0.00741866
vt 0.88101501 0.92776606
vt 0.19280473 0.00742162
vt 0.88101501 0.92776606
vt 0.87857882 0.92828825
vt 0.19280473 0.00742162
vt 0.88101501 0.92776606
vt 0.28896241 0.00741866
vt 0.19280473 0.00742162
vt 0.87857882 0.92828825
vt 0.88101501 0.92776606
vt 0.28896241 0.00741866
vt 0.38180092 0.00741570
vt 0.88349375 0.92731044
vt 0.28896241 0.00741866
vt 0.88349375 0.92731044
vt 0.88101501 0.92776606
vt 0.28896241 0.00741866
vt 0.88349375 0.92731044
vt 0.38180092 0.00741570
vt 0.28896241 0.00741866
vt 0.88101501 0.92776606
vt 0.88349375 0.92731044
vt 0.38180092 0.00741570
vt 0.47191334 0.00741274
vt 0.88600973 0.92692286
vt 0.38180092 0.00741570
vt 0.88600973 0.92692286
vt 0.88349375 0.92731044
vt 0.38180092 0.00741570
vt 0.88600973 0.92692286
vt 0.47191334 0.00741274
vt 0.38180092 0.00741570
vt 0.88349375 0.92731044
vt 0.88600973 0.92692286
vt 0.47191334 0.00741274
vt 0.55983425 0.00740831
vt 0.88855762 0.92660481
vt 0.47191334 0.00741274
vt 0.88855762 0.92660481
vt 0.88600973 0.92692286
vt 0.47191334 0.00741274
vt 0.88855762 0.92660481
vt 0.55983425 0.00740831
vt 0.47191334 0.00741274
vt 0.88600973 0.92692286
vt 0.88855762 0.92660481
vt 0.55983425 0.00740831
vt 0.64605569 0.00740535
vt 0.89112945 0.92635629
vt 0.55983425 0.00740831
vt 0.89112945 0.92635629
vt 0.88855762 0.92660481
vt 0.55983425 0.00740831
vt 0.89112945 0.92635629
vt 0.64605569 0.00740535
vt 0.55983425 0.00740831
vt 0.88855762 0.92660481
vt 0.89112945 0.92635629
vt 0.64605569 0.00740535
vt 0.73102977 0.00740239
vt 0.89372256 0.92617878
vt 0.64605569 0.00740535
vt 0.89372256 0.92617878
vt 0.89112945 0.92635629
vt 0.64605569 0.00740535
vt 0.89372256 0.92617878
vt 0.73102977 0.00740239
vt 0.64605569 0.00740535
vt 0.89112945 0.92635629
vt 0.89372256 0.92617878
vt 0.73102977 0.00740239
vt 0.81518470 0.00739943
vt 0.89632630 0.92607227
vt 0.73102977 0.00740239
vt 0.89632630 0.92607227
vt 0.89372256 0.92617878
vt 0.73102977 0.00740239
vt 0.89632630 0.92607227
vt 0.81518470 0.00739943
vt 0.73102977 0.00740239
vt 0.89372256 0.92617878
vt 0.89632630 0.92607227
vt 0.81518470 0.00739943
vt 0.89893536 0.00739647
vt 0.89893536 0.92603676
vt 0.81518470 0.00739943
vt 0.89893536 0.92603676
vt 0.89632630 0.92607227
vt 0.81518470 0.00739943
vt 0.89893536 0.92603676
vt 0.89893536 0.00739647
vt 0.81518470 0.00739943
vt 0.89632630 0.92607227
vt 0.89893536 0.92603676
vt 0.89893536 0.00739647
vt 0.98140943 0.02186693
vt 0.90154443 0.92607227
vt 0.89893536 0.00739647
vt 0.90154443 0.92607227
vt 0.89893536 0.92603676
vt 0.89893536 0.00739647
vt 0.90154443 0.92607227
vt 0.98140943 0.02186693
vt 0.89893536 0.00739647
vt 0.89893536 0.92603676
vt 0.90154443 0.92607227
vt 0.98140943 0.02186693
vt 0.98667011 0.46015521
vt 0.90414817 0.92617878
vt 0.98140943 0.02186693
vt 0.90414817 0.92617878
vt 0.90154443 0.92607227
vt 0.98140943 0.02186693
vt 0.90414817 0.92617878
vt 0.98667011 0.46015521
vt 0.98140943 0.02186693
vt 0.90154443 0.92607227
vt 0.90414817 0.92617878
vt 0.98667011 0.46015521
vt 0.98668074 0.62660540
vt 0.90674128 0.92635629
vt 0.98667011 0.46015521
vt 0.90674128 0.92635629
vt 0.90414817 0.92617878
vt 0.98667011 0.46015521
vt 0.90674128 0.92635629
vt 0.98668074 0.62660540
vt 0.98667011 0.46015521
vt 0.90414817 0.92617878
vt 0.90674128 0.92635629
vt 0.98668074 0.62660540
vt 0.98668606 0.71024914
vt 0.90931311 0.92660481
vt 0.98668074 0.62660540
vt 0.90931311 0.92660481
vt 0.90674128 0.92635629
vt 0.98668074 0.62660540
vt 0.90931311 0.92660481
vt 0.98668606 0.71024914
vt 0.98668074 0.62660540
vt 0.90674128 0.92635629
vt 0.90931311 0.92660481
vt 0.98668606 0.71024914
vt 0.98668872 0.76076409
vt 0.91186100 0.92692286
vt 0.98668606 0.71024914
vt 0.91186100 0.92692286
vt 0.90931311 0.92660481
vt 0.98668606 0.71024914
vt 0.91186100 0.92692286
vt 0.98668872 0.76076409
vt 0.98668606 0.71024914
vt 0.90931311 0.92660481
vt 0.91186100 0.92692286
vt 0.98668872 0.76076409
vt 0.98669138 0.79471537
vt 0.91437698 0.92731044
vt 0.98668872 0.76076409
vt 0.91437698 0.92731044
vt 0.91186100 0.92692286
vt 0.98668872 0.76076409
vt 0.91437698 0.92731044
vt 0.98669138 0.79471537
vt 0.98668872 0.76076409
vt 0.91186100 0.92692286
vt 0.91437698 0.92731044
vt 0.98669138 0.79471537
vt 0.98669404 0.81920361
vt 0.91685572 0.92776606
vt 0.98669138 0.79471537
vt 0.91685572 0.92776606
vt 0.91437698 0.92731044
vt 0.98669138 0.79471537
vt 0.91685572 0.92776606
vt 0.98669404 0.81920361
vt 0.98669138 0.79471537
vt 0.91437698 0.92731044
vt 0.91685572 0.92776606
vt 0.98669404 0.81920361
vt 0.98669404 0.83777911
vt 0.91929191 0.92828825
vt 0.98669404 0.81920361
vt 0.91929191 0.92828825
vt 0.91685572 0.92776606
vt 0.98669404 0.81920361
vt 0.91929191 0.92828825
vt 0.98669404 0.83777911
vt 0.98669404 0.81920361
vt 0.91685572 0.92776606
vt 0.91929191 0.92828825
vt 0.98669404 0.83777911
vt 0.98669404 0.85241672
vt 0.92167757 0.92887701
vt 0.98669404 0.83777911
vt 0.92167757 0.92887701
vt 0.91929191 0.92828825
vt 0.98669404 0.83777911
vt 0.92167757 0.92887701
vt 0.98669404 0.85241672
vt 0.98669404 0.83777911
vt 0.91929191 0.92828825
vt 0.92167757 0.92887701
vt 0.98669404 0.85241672
vt 0.98669670 0.86429989
vt 0.92401003 0.92953086
vt 0.98669404 0.85241672
vt 0.92401003 0.92953086
vt 0.92167757 0.92887701
vt 0.98669404 0.85241672
vt 0.92401003 0.92953086
vt 0.98669670 0.86429989
vt 0.98669404 0.85241672
vt 0.92167757 0.92887701
vt 0.92401003 0.92953086
vt 0.98669670 0.86429989
vt 0.98669670 0.87418158
vt 0.92628133 0.93024536
vt 0.98669670 0.86429989
vt 0.92628133 0.93024536
vt 0.92401003 0.92953086
vt 0.98669670 0.86429989
vt 0.92628133 0.93024536
vt 0.98669670 0.87418158
vt 0.98669670 0.86429989
vt 0.92401003 0.92953086
vt 0.92628133 0.93024536
vt 0.98669670 0.87418158
vt 0.98669670 0.88256770
vt 0.92848613 0.93102346
vt 0.98669670 0.87418158
vt 0.92848613 0.93102346
vt 0.92628133 0.93024536
vt 0.98669670 0.87418158
vt 0.92848613 0.93102346
vt 0.98669670 0.88256770
vt 0.98669670 0.87418158
vt 0.92628133 0.93024536
vt 0.92848613 0.93102346
vt 0.98669670 0.88256770
vt 0.98669670 0.88980441
vt 0.93062179 0.93185927
vt 0.98669670 0.88256770
vt 0.93062179 0.93185927
vt 0.92848613 0.93102346
vt 0.98669670 0.88256770
vt 0.93062179 0.93185927
vt 0.98669670 0.88980441
vt 0.98669670 0.88256770
vt 0.92848613 0.93102346
vt 0.93062179 0.93185927
vt 0.98669670 0.88980441
vt 0.98669670 0.89614170
vt 0.93268031 0.93275276
vt 0.98669670 0.88980441
vt 0.93268031 0.93275276
vt 0.93062179 0.93185927
vt 0.98669670 0.88980441
vt 0.93268031 0.93275276
vt 0.98669670 0.89614170
vt 0.98669670 0.88980441
vt 0.93062179 0.93185927
vt 0.93268031 0.93275276
vt 0.98669670 0.89614170
vt 0.98669936 0.90176450
vt 0.93465639 0.93370099
vt 0.98669670 0.89614170
vt 0.93465639 0.93370099
vt 0.93268031 0.93275276
vt 0.98669670 0.89614170
vt 0.93465639 0.93370099
vt 0.98669936 0.90176450
vt 0.98669670 0.89614170
vt 0.93268031 0.93275276
vt 0.93465639 0.93370099
vt 0.98669936 0.90176450
vt 0.98669936 0.90680742
vt 0.93654737 0.93470247
vt 0.98669936 0.90176450
vt 0.93654737 0.93470247
vt 0.93465639 0.93370099
vt 0.98669936 0.90176450
vt 0.93654737 0.93470247
vt 0.98669936 0.90680742
vt 0.98669936 0.90176450
vt 0.93465639 0.93370099
vt 0.93654737 0.93470247
vt 0.98669936 0.90680742
vt 0.98669936 0.91137992
vt 0.93834791 0.93575425
vt 0.98669936 0.90680742
vt 0.93834791 0.93575425
vt 0.93654737 0.93470247
vt 0.98669936 0.90680742
vt 0.93834791 0.93575425
vt 0.98669936 0.91137992
vt 0.98669936 0.90680742
vt 0.93654737 0.93470247
vt 0.93834791 0.93575425
vt 0.98669936 0.91137992
vt 0.98669936 0.91556188
vt 0.94005271 0.93685336
vt 0.98669936 0.91137992
vt 0.94005271 0.93685336
vt 0.93834791 0.93575425
vt 0.98669936 0.91137992
vt 0.94005271 0.93685336
vt 0.98669936 0.91556188
vt 0.98669936 0.91137992
vt 0.93834791 0.93575425
vt 0.94005271 0.93685336
vt 0.98669936 0.91556188
vt 0.98669936 0.91941840
vt 0.94165911 0.93799834
vt 0.98669936 0.91556188
vt 0.94165911 0.93799834
vt 0.94005271 0.93685336
vt 0.98669936 0.91556188
vt 0.94165911 0.93799834
vt 0.98669936 0.91941840
vt 0.98669936 0.91556188
vt 0.94005271 0.93685336
vt 0.94165911 0.93799834
vt 0.98669936 0.91941840
vt 0.98669936 0.92300569
vt 0.94316178 0.93918621
vt 0.98669936 0.91941840
vt 0.94316178 0.93918621
vt 0.94165911 0.93799834
vt 0.98669936 0.91941840
vt 0.94316178 0.93918621
vt 0.98669936 0.92300569
vt 0.98669936 0.91941840
vt 0.94165911 0.93799834
vt 0.94316178 0.93918621
vt 0.98669936 0.92300569
vt 0.98669936 0.92636369
vt 0.94456073 0.94041255
vt 0.98669936 0.92300569
vt 0.94456073 0.94041255
vt 0.94316178 0.93918621
vt 0.98669936 0.92300569
vt 0.94456073 0.94041255
vt 0.98669936 0.92636369
vt 0.98669936 0.92300569
vt 0.94316178 0.93918621
vt 0.94456073 0.94041255
vt 0.98669936 0.92636369
vt 0.98669936 0.92953086
vt 0.94584531 0.94167586
vt 0.98669936 0.92636369
vt 0.94584531 0.94167586
vt 0.94456073 0.94041255
vt 0.98669936 0.92636369
vt 0.94584531 0.94167586
vt 0.98669936 0.92953086
vt 0.98669936 0.92636369
vt 0.94456073 0.94041255
vt 0.94584531 0.94167586
vt 0.98669936 0.92953086
vt 0.98669936 0.93253530
vt 0.94702085 0.94297320
vt 0.98669936 0.92953086
vt 0.94702085 0.94297320
vt 0.94584531 0.94167586
vt 0.98669936 0.92953086
vt 0.94702085 0.94297320
vt 0.98669936 0.93253530
vt 0.98669936 0.92953086
vt 0.94584531 0.94167586
vt 0.94702085 0.94297320
vt 0.98669936 0.93253530
vt 0.98669936 0.93540218
vt 0.94807937 0.94430013
vt 0.98669936 0.93253530
vt 0.94807937 0.94430013
vt 0.94702085 0.94297320
vt 0.98669936 0.93253530
vt 0.94807937 0.94430013
vt 0.98669936 0.93540218
vt 0.98669936 0.93253530
vt 0.94702085 0.94297320
vt 0.94807937 0.94430013
vt 0.98669936 0.93540218
vt 0.98669936 0.93815662
vt 0.94901821 0.94565516
vt 0.98669936 0.93540218
vt 0.94901821 0.94565516
vt 0.94807937 0.94430013
vt 0.98669936 0.93540218
vt 0.94901821 0.94565516
vt 0.98669936 0.93815662
vt 0.98669936 0.93540218
vt 0.94807937 0.94430013
vt 0.94901821 0.94565516
vt 0.98669936 0.93815662
vt 0.98669936 0.94081491
vt 0.94983737 0.94703387
vt 0.98669936 0.93815662
vt 0.94983737 0.94703387
vt 0.94901821 0.94565516
vt 0.98669936 0.93815662
vt 0.94983737 0.94703387
vt 0.98669936 0.94081491
vt 0.98669936 0.93815662
vt 0.94901821 0.94565516
vt 0.94983737 0.94703387
vt 0.98669936 0.94081491
vt 0.98669936 0.94339480
vt 0.95053418 0.94843328
vt 0.98669936 0.94081491
vt 0.95053418 0.94843328
vt 0.94983737 0.94703387
vt 0.98669936 0.94081491
vt 0.95053418 0.94843328
vt 0.98669936 0.94339480
vt 0.98669936 0.94081491
vt 0.94983737 0.94703387
vt 0.95053418 0.94843328
vt 0.98669936 0.94339480
vt 0.98670202 0.94591256
vt 0.95110599 0.94985044
vt 0.98669936 0.94339480
vt 0.95110599 0.94985044
vt 0.95053418 0.94843328
vt 0.98669936 0.94339480
vt 0.95110599 0.94985044
vt 0.98670202 0.94591256
vt 0.98669936 0.94339480
vt 0.95053418 0.94843328
vt 0.95110599 0.94985044
vt 0.98670202 0.94591256
vt 0.98670202 0.94838150
vt 0.95155280 0.95128092
vt 0.98670202 0.94591256
vt 0.95155280 0.95128092
vt 0.95110599 0.94985044
vt 0.98670202 0.94591256
vt 0.95155280 0.95128092
vt 0.98670202 0.94838150
vt 0.98670202 0.94591256
vt 0.95110599 0.94985044
vt 0.95155280 0.95128092
vt 0.98670202 0.94838150
vt 0.98670202 0.95081494
vt 0.95187196 0.95272323
vt 0.98670202 0.94838150
vt 0.95187196 0.95272323
vt 0.95155280 0.95128092
vt 0.98670202 0.94838150
vt 0.95187196 0.95272323
vt 0.98670202 0.95081494
vt 0.98670202 0.94838150
vt 0.95155280 0.95128092
vt 0.95187196 0.95272323
vt 0.98670202 0.95081494
vt 0.98670202 0.95322471
vt 0.95206345 0.95417146
vt 0.98670202 0.95081494
vt 0.95206345 0.95417146
vt 0.95187196 0.95272323
vt 0.98670202 0.95081494
vt 0.95206345 0.95417146
vt 0.98670202 0.95322471
vt 0.98670202 0.95081494
vt 0.95187196 0.95272323
vt 0.95206345 0.95417146
vt 0.98670202 0.95322471
vt 0.98670202 0.95562265
vt 0.95212728 0.95562265
vt 0.98670202 0.95322471
vt 0.95212728 0.95562265
vt 0.95206345 0.95417146
vt 0.98670202 0.95322471
vt 0.95212728 0.95562265
vt 0.98670202 0.95562265
vt 0.98670202 0.95322471
vt 0.95206345 0.95417146
vt 0.95212728 0.95562265
f 1/1 2/2 130/3
f 1/4 130/5 129/6
f 2/7 3/8 131/9
f 2/10 131/11 130/12
f 3/13 4/14 132/15
f 3/16 132/17 131/18
f 4/19 5/20 133/21
f 4/22 133/23 132/24
f 5/25 6/26 134/27
f 5/28 134/29 133/30
f 6/31 7/32 135/33
f 6/34 135/35 134/36
f 7/37 8/38 136/39
f 7/40 136/41 135/42
f 8/43 9/44 137/45
f 8/46 137/47 136/48
f 9/49 10/50 138/51
f 9/52 138/53 137/54
f 10/55 11/56 139/57
f 10/58 139/59 138/60
f 11/61 12/62 140/63
f 11/64 140/65 139/66
f 12/67 13/68 141/69
f 12/70 141/71 140/72
f 13/73 14/74 142/75
f 13/76 142/77 141/78
f 14/79 15/80 143/81
f 14/82 143/83 142/84
f 15/85 16/86 144/87
f 15/88 144/89 143/90
f 16/91 17/92 145/93
f 16/94 145/95 144/96
f 17/97 18/98 146/99
f 17/100 146/101 145/102
f 18/103 19/104 147/105
f 18/106 147/107 146/108
f 19/109 20/110 148/111
f 19/112 148/113 147/114
f 20/115 21/116 149/117
f 20/118 149/119 148/120
f 21/121 22/122 150/123
f 21/124 150/125 149/126
f 22/127 23/128 151/129
f 22/130 151/131 150/132
f 23/133 24/134 152/135
f 23/136 152/137 151/138
f 24/139 25/140 153/141
f 24/142 153/143 152/144
f 25/145 26/146 154/147
f 25/148 154/149 153/150
f 26/151 27/152 155/153
f 26/154 155/155 154/156
f 27/157 28/158 156/159
f 27/160 156/161 155/162
f 28/163 29/164 157/165
f 28/166 157/167 156/168
f 29/169 30/170 158/171
f 29/172 158/173 157/174
f 30/175 31/176 159/177
f 30/178 159/179 158/180
f 31/181 32/182 160/183
f 31/184 160/185 159/186
f 32/187 33/188 161/189
f 32/190 161/191 160/192
f 33/193 34/194 162/195
f 33/196 162/197 161/198
f 34/199 35/200 163/201
f 34/202 163/203 162/204
f 35/205 36/206 164/207
f 35/208 164/209 163/210
f 36/211 37/212 165/213
f 36/214 165/215 164/216
f 37/217 38/218 166/219
f 37/220 166/221 165/222
f 38/223 39/224 167/225
f 38/226 167/227 166/228
f 39/229 40/230 168/231
f 39/232 168/233 167/234
f 40/235 41/236 169/237
f 40/238 169/239 168/240
f 41/241 42/242 170/243
f 41/244 170/245 169/246
f 42/247 43/248 171/249
f 42/250 171/251 170/252
f 43/253 44/254 172/255
f 43/256 172/257 171/258
f 44/259 45/260 173/261
f 44/262 173/263 172/264
f 45/265 46/266 174/267
f 45/268 174/269 173/270
f 46/271 47/272 175/273
f 46/274 175/275 174/276
f 47/277 48/278 176/279
f 47/280 176/281 175/282
f 48/283 49/284 177/285
f 48/286 177/287 176/288
f 49/289 50/290 178/291
f 49/292 178/293 177/294
f 50/295 51/296 179/297
f 50/298 179/299 178/300
f 51/301 52/302 180/303
f 51/304 180/305 179/306
f 52/307 53/308 181/309
f 52/310 181/311 180/312
f 53/313 54/314 182/315
f 53/316 182/317 181/318
f 54/319 55/320 183/321
f 54/322 183/323 182/324
f 55/325 56/326 184/327
f 55/328 184/329 183/330
f 56/331 57/332 185/333
f 56/334 185/335 184/336
f 57/337 58/338 186/339
f 57/340 186/341 185/342
f 58/343 59/344 187/345
f 58/346 187/347 186/348
f 59/349 60/350 188/351
f 59/352 188/353 187/354
f 60/355 61/356 189/357
f 60/358 189/359 188/360
f 61/361 62/362 190/363
f 61/364 190/365 189/366
f 62/367 63/368 191/369
f 62/370 191/371 190/372
f 63/373 64/374 192/375
f 63/376 192/377 191/378
f 64/379 65/380 193/381
f 64/382 193/383 192/384
f 65/385 66/386 194/387
f 65/388 194/389 193/390
f 66/391 67/392 195/393
f 66/394 195/395 194/396
f 67/397 68/398 196/399
f 67/400 196/401 195/402
f 68/403 69/404 197/405
f 68/406 197/407 196/408
f 69/409 70/410 198/411
f 69/412 198/413 197/414
f 70/415 71/416 199/417
f 70/418 199/419 198/420
f 71/421 72/422 200/423
f 71/424 200/425 199/426
f 72/427 73/428 201/429
f 72/430 201/431 200/432
f 73/433 74/434 202/435
f 73/436 202/437 201/438
f 74/439 75/440 203/441
f 74/442 203/443 202/444
f 75/445 76/446 204/447
f 75/448 204/449 203/450
f 76/451 77/452 205/453
f 76/454 205/455 204/456
f 77/457 78/458 206/459
f 77/460 206/461 205/462
f 78/463 79/464 207/465
f 78/466 207/467 206/468
f 79/469 80/470 208/471
f 79/472 208/473 207/474
f 80/475 81/476 209/477
f 80/478 209/479 208/480
f 81/481 82/482 210/483
f 81/484 210/485 209/486
f 82/487 83/488 211/489
f 82/490 211/491 210/492
f 83/493 84/494 212/495
f 83/496 212/497 211/498
f 84/499 85/500 213/501
f 84/502 213/503 212/504
f 85/505 86/506 214/507
f 85/508 214/509 213/510
f 86/511 87/512 215/513
f 86/514 215/515 214/516
f 87/517 88/518 216/519
f 87/520 216/521 215/522
f 88/523 89/524 217/525
f 88/526 217/527 216/528
f 89/529 90/530 218/531
f 89/532 218/533 217/534
f 90/535 91/536 219/537
f 90/538 219/539 218/540
f 91/541 92/542 220/543
f 91/544 220/545 219/546
f 92/547 93/548 221/549
f 92/550 221/551 220/552
f 93/553 94/554 222/555
f 93/556 222/557 221/558
f 94/559 95/560 223/561
f 94/562 223/563 222/564
f 95/565 96/566 224/567
f 95/568 224/569 223/570
f 96/571 97/572 225/573
f 96/574 225/575 224/576
f 97/577 98/578 226/579
f 97/580 226/581 225/582
f 98/583 99/584 227/585
f 98/586 227/587 226/588
f 99/589 100/590 228/591
f 99/592 228/593 227/594
f 100/595 101/596 229/597
f 100/598 229/599 228/600
f 101/601 102/602 230/603
f 101/604 230/605 229/606
f 102/607 103/608 231/609
f 102/610 231/611 230/612
f 103/613 104/614 232/615
f 103/616 232/617 231/618
f 104/619 105/620 233/621
f 104/622 233/623 232/624
f 105/625 106/626 234/627
f 105/628 234/629 233/630
f 106/631 107/632 235/633
f 106/634 235/635 234/636
f 107/637 108/638 236/639
f 107/640 236/641 235/642
f 108/643 109/644 237/645
f 108/646 237/647 236/648
f 109/649 110/650 238/651
f 109/652 238/653 237/654
f 110/655 111/656 239/657
f 110/658 239/659 238/660
f 111/661 112/662 240/663
f 111/664 240/665 239/666
f 112/667 113/668 241/669
f 112/670 241/671 240/672
f 113/673 114/674 242/675
f 113/676 242/677 241/678
f 114/679 115/680 243/681
f 114/682 243/683 242/684
f 115/685 116/686 244/687
f 115/688 244/689 243/690
f 116/691 117/692 245/693
f 116/694 245/695 244/696
f 117/697 118/698 246/699
f 117/700 246/701 245/702
f 118/703 119/704 247/705
f 118/706 247/707 246/708
f 119/709 120/710 248/711
f 119/712 248/713 247/714
f 120/715 121/716 249/717
f 120/718 249/719 248/720
f 121/721 122/722 250/723
f 121/724 250/725 249/726
f 122/727 123/728 251/729
f 122/730 251/731 250/732
f 123/733 124/734 252/735
f 123/736 252/737 251/738
f 124/739 125/740 253/741
f 124/742 253/743 252/744
f 125/745 126/746 254/747
f 125/748 254/749 253/750
f 126/751 127/752 255/753
f 126/754 255/755 254/756
f 127/757 128/758 256/759
f 127/760 256/761 255/762
f 128/763 1/764 129/765
f 128/766 129/767 256/768
f 129/769 130/770 258/771
f 129/772 258/773 257/774
f 130/775 131/776 259/777
f 130/778 259/779 258/780
f 131/781 132/782 260/783
f 131/784 260/785 259/786
f 132/787 133/788 261/789
f 132/790 261/791 260/792
f 133/793 134/794 262/795
f 133/796 262/797 261/798
f 134/799 135/800 263/801
f 134/802 263/803 262/804
f 135/805 136/806 264/807
f 135/808 264/809 263/810
f 136/811 137/812 265/813
f 136/814 265/815 264/816
f 137/817 138/818 266/819
f 137/820 266/821 265/822
f 138/823 139/824 267/825
f 138/826 267/827 266/828
f 139/829 140/830 268/831
f 139/832 268/833 267/834
f 140/835 141/836 269/837
f 140/838 269/839 268/840
f 141/841 142/842 270/843
f 141/844 270/845 269/846
f 142/847 143/848 271/849
f 142/850 271/851 270/852
f 143/853 144/854 272/855
f 143/856 272/857 271/858
f 144/859 145/860 273/861
f 144/862 273/863 272/864
f 145/865 146/866 274/867
f 145/868 274/869 273/870
f 146/871 147/872 275/873
f 146/874 275/875 274/876
f 147/877 148/878 276/879
f 147/880 276/881 275/882
f 148/883 149/884 277/885
f 148/886 277/887 276/888
f 149/889 150/890 278/891
f 149/892 278/893 277/894
f 150/895 151/896 279/897
f 150/898 279/899 278/900
f 151/901 152/902 280/903
f 151/904 280/905 279/906
f 152/907 153/908 281/909
f 152/910 281/911 280/912
f 153/913 154/914 282/915
f 153/916 282/917 281/918
f 154/919 155/920 283/921
f 154/922 283/923 282/924
f 155/925 156/926 284/927
f 155/928 284/929 283/930
f 156/931 157/932 285/933
f 156/934 285/935 284/936
f 157/937 158/938 286/939
f 157/940 286/941 285/942
f 158/943 159/944 287/945
f 158/946 287/947 286/948
f 159/949 160/950 288/951
f 159/952 288/953 287/954
f 160/955 161/956 289/957
f 160/958 289/959 288/960
f 161/961 162/962 290/963
f 161/964 290/965 289/966
f 162/967 163/968 291/969
f 162/970 291/971 290/972
f 163/973 164/974 292/975
f 163/976 292/977 291/978
f 164/979 165/980 293/981
f 164/982 293/983 292/984
f 165/985 166/986 294/987
f 165/988 294/989 293/990
f 166/991 167/992 295/993
f 166/994 295/995 294/996
f 167/997 168/998 296/999
f 167/1000 296/1001 295/1002
f 168/1003 169/1004 297/1005
f 168/1006 297/1007 296/1008
f 169/1009 170/1010 298/1011
f 169/1012 298/1013 297/1014
f 170/1015 171/1016 299/1017
f 170/1018 299/1019 298/1020
f 171/1021 172/1022 300/1023
f 171/1024 300/1025 299/1026
f 172/1027 173/1028 301/1029
f 172/1030 301/1031 300/1032
f 173/1033 174/1034 302/1035
f 173/1036 302/1037 301/1038
f 174/1039 175/1040 303/1041
f 174/1042 303/1043 302/1044
f 175/1045 176/1046 304/1047
f 175/1048 304/1049 303/1050
f 176/1051 177/1052 305/1053
f 176/1054 305/1055 304/1056
f 177/1057 178/1058 306/1059
f 177/1060 306/1061 305/1062
f 178/1063 179/1064 307/1065
f 178/1066 307/1067 306/1068
f 179/1069 180/1070 308/1071
f 179/1072 308/1073 307/1074
f 180/1075 181/1076 309/1077
f 180/1078 309/1079 308/1080
f 181/1081 182/1082 310/1083
f 181/1084 310/1085 309/1086
f 182/1087 183/1088 311/1089
f 182/1090 311/1091 310/1092
f 183/1093 184/1094 312/1095
f 183/1096 312/1097 311/1098
f 184/1099 185/1100 313/1101
f 184/1102 313/1103 312/1104
f 185/1105 186/1106 314/1107
f 185/1108 314/1109 313/1110
f 186/1111 187/1112 315/1113
f 186/1114 315/1115 314/1116
f 187/1117 188/1118 316/1119
f 187/1120 316/1121 315/1122
f 188/1123 189/1124 317/1125
f 188/1126 317/1127 316/1128
f 189/1129 190/1130 318/1131
f 189/1132 318/1133 317/1134
f 190/1135 191/1136 319/1137
f 190/1138 319/1139 318/1140
f 191/1141 192/1142 320/1143
f 191/1144 320/1145 319/1146
f 192/1147 193/1148 321/1149
f 192/1150 321/1151 320/1152
f 193/1153 194/1154 322/1155
f 193/1156 322/1157 321/1158
f 194/1159 195/1160 323/1161
f 194/1162 323/1163 322/1164
f 195/1165 196/1166 324/1167
f 195/1168 324/1169 323/1170
f 196/1171 197/1172 325/1173
f 196/1174 325/1175 324/1176
f 197/1177 198/1178 326/1179
f 197/1180 326/1181 325/1182
f 198/1183 199/1184 327/1185
f 198/1186 327/1187 326/1188
f 199/1189 200/1190 328/1191
f 199/1192 328/1193 327/1194
f 200/1195 201/1196 329/1197
f 200/1198 329/1199 328/1200
f 201/1201 202/1202 330/1203
f 201/1204 330/1205 329/1206
f 202/1207 203/1208 331/1209
f 202/1210 331/1211 330/1212
f 203/1213 204/1214 332/1215
f 203/1216 332/1217 331/1218
f 204/1219 205/1220 333/1221
f 204/1222 333/1223 332/1224
f 205/1225 206/1226 334/1227
f 205/1228 334/1229 333/1230
f 206/1231 207/1232 335/1233
f 206/1234 335/1235 334/1236
f 207/1237 208/1238 336/1239
f 207/1240 336/1241 335/1242
f 208/1243 209/1244 337/1245
f 208/1246 337/1247 336/1248
f 209/1249 210/1250 338/1251
f 209/1252 338/1253 337/1254
f 210/1255 211/1256 339/1257
f 210/1258 339/1259 338/1260
f 211/1261 212/1262 340/1263
f 211/1264 340/1265 339/1266
f 212/1267 213/1268 341/1269
f 212/1270 341/1271 340/1272
f 213/1273 214/1274 342/1275
f 213/1276 342/1277 341/1278
f 214/1279 215/1280 343/1281
f 214/1282 343/1283 342/1284
f 215/1285 216/1286 344/1287
f 215/1288 344/1289 343/1290
f 216/1291 217/1292 345/1293
f 216/1294 345/1295 344/1296
f 217/1297 218/1298 346/1299
f 217/1300 346/1301 345/1302
f 218/1303 219/1304 347/1305
f 218/1306 347/1307 346/1308
f 219/1309 220/1310 348/1311
f 219/1312 348/1313 347/1314
f 220/1315 221/1316 349/1317
f 220/1318 349/1319 348/1320
f 221/1321 222/1322 350/1323
f 221/1324 350/1325 349/1326
f 222/1327 223/1328 351/1329
f 222/1330 351/1331 350/1332
f 223/1333 224/1334 352/1335
f 223/1336 352/1337 351/1338
f 224/1339 225/1340 353/1341
f 224/1342 353/1343 352/1344
f 225/1345 226/1346 354/1347
f 225/1348 354/1349 353/1350
f 226/1351 227/1352 355/1353
f 226/1354 355/1355 354/1356
f 227/1357 228/1358 356/1359
f 227/1360 356/1361 355/1362
f 228/1363 229/1364 357/1365
f 228/1366 357/1367 356/1368
f 229/1369 230/1370 358/1371
f 229/1372 358/1373 357/1374
f 230/1375 231/1376 359/1377
f 230/1378 359/1379 358/1380
f 231/1381 232/1382 360/1383
f 231/1384 360/1385 359/1386
f 232/1387 233/1388 361/1389
f 232/1390 361/1391 360/1392
f 233/1393 234/1394 362/1395
f 233/1396 362/1397 361/1398
f 234/1399 235/1400 363/1401
f 234/1402 363/1403 362/1404
f 235/1405 236/1406 364/1407
f 235/1408 364/1409 363/1410
f 236/1411 237/1412 365/1413
f 236/1414 365/1415 364/1416
f 237/1417 238/1418 366/1419
f 237/1420 366/1421 365/1422
f 238/1423 239/1424 367/1425
f 238/1426 367/1427 366/1428
f 239/1429 240/1430 368/1431
f 239/1432 368/1433 367/1434
f 240/1435 241/1436 369/1437
f 240/1438 369/1439 368/1440
f 241/1441 242/1442 370/1443
f 241/1444 370/1445 369/1446
f 242/1447 243/1448 371/1449
f 242/1450 371/1451 370/1452
f 243/1453 244/1454 372/1455
f 243/1456 372/1457 371/1458
f 244/1459 245/1460 373/1461
f 244/1462 373/1463 372/1464
f 245/1465 246/1466 374/1467
f 245/1468 374/1469 373/1470
f 246/1471 247/1472 375/1473
f 246/1474 375/1475 374/1476
f 247/1477 248/1478 376/1479
f 247/1480 376/1481 375/1482
f 248/1483 249/1484 377/1485
f 248/1486 377/1487 376/1488
f 249/1489 250/1490 378/1491
f 249/1492 378/1493 377/1494
f 250/1495 251/1496 379/1497
f 250/1498 379/1499 378/1500
f 251/1501 252/1502 380/1503
f 251/1504 380/1505 379/1506
f 252/1507 253/1508 381/1509
f 252/1510 381/1511 380/1512
f 253/1513 254/1514 382/1515
f 253/1516 382/1517 381/1518
f 254/1519 255/1520 383/1521
f 254/1522 383/1523 382/1524
f 255/1525 256/1526 384/1527
f 255/1528 384/1529 383/1530
f 256/1531 129/1532 257/1533
f 256/1534 257/1535 384/1536
f 257/1537 258/1538 386/1539
f 257/1540 386/1541 385/1542
f 258/1543 259/1544 387/1545
f 258/1546 387/1547 386/1548
f 259/1549 260/1550 388/1551
f 259/1552 388/1553 387/1554
f 260/1555 261/1556 389/1557
f 260/1558 389/1559 388/1560
f 261/1561 262/1562 390/1563
f 261/1564 390/1565 389/1566
f 262/1567 263/1568 391/1569
f 262/1570 391/1571 390/1572
f 263/1573 264/1574 392/1575
f 263/1576 392/1577 391/1578
f 264/1579 265/1580 393/1581
f 264/1582 393/1583 392/1584
f 265/1585 266/1586 394/1587
f 265/1588 394/1589 393/1590
f 266/1591 267/1592 395/1593
f 266/1594 395/1595 394/1596
f 267/1597 268/1598 396/1599
f 267/1600 396/1601 395/1602
f 268/1603 269/1604 397/1605
f 268/1606 397/1607 396/1608
f 269/1609 270/1610 398/1611
f 269/1612 398/1613 397/1614
f 270/1615 271/1616 399/1617
f 270/1618 399/1619 398/1620
f 271/1621 272/1622 400/1623
f 271/1624 400/1625 399/1626
f 272/1627 273/1628 401/1629
f 272/1630 401/1631 400/1632
f 273/1633 274/1634 402/1635
f 273/1636 402/1637 401/1638
f 274/1639 275/1640 403/1641
f 274/1642 403/1643 402/1644
f 275/1645 276/1646 404/1647
f 275/1648 404/1649 403/1650
f 276/1651 277/1652 405/1653
f 276/1654 405/1655 404/1656
f 277/1657 278/1658 406/1659
f 277/1660 406/1661 405/1662
f 278/1663 279/1664 407/1665
f 278/1666 407/1667 406/1668
f 279/1669 280/1670 408/1671
f 279/1672 408/1673 407/1674
f 280/1675 281/1676 409/1677
f 280/1678 409/1679 408/1680
f 281/1681 282/1682 410/1683
f 281/1684 410/1685 409/1686
f 282/1687 283/1688 411/1689
f 282/1690 411/1691 410/1692
f 283/1693 284/1694 412/1695
f 283/1696 412/1697 411/1698
f 284/1699 285/1700 413/1701
f 284/1702 413/1703 412/1704
f 285/1705 286/1706 414/1707
f 285/1708 414/1709 413/1710
f 286/1711 287/1712 415/1713
f 286/1714 415/1715 414/1716
f 287/1717 288/1718 416/1719
f 287/1720 416/1721 415/1722
f 288/1723 289/1724 417/1725
f 288/1726 417/1727 416/1728
f 289/1729 290/1730 418/1731
f 289/1732 418/1733 417/1734
f 290/1735 291/1736 419/1737
f 290/1738 419/1739 418/1740
f 291/1741 292/1742 420/1743
f 291/1744 420/1745 419/1746
f 292/1747 293/1748 421/1749
f 292/1750 421/1751 420/1752
f 293/1753 294/1754 422/1755
f 293/1756 422/1757 421/1758
f 294/1759 295/1760 423/1761
f 294/1762 423/1763 422/1764
f 295/1765 296/1766 424/1767
f 295/1768 424/1769 423/1770
f 296/1771 297/1772 425/1773
f 296/1774 425/1775 424/1776
f 297/1777 298/1778 426/1779
f 297/1780 426/1781 425/1782
f 298/1783 299/1784 427/1785
f 298/1786 427/1787 426/1788
f 299/1789 300/1790 428/1791
f 299/1792 428/1793 427/1794
f 300/1795 301/1796 429/1797
f 300/1798 429/1799 428/1800
f 301/1801 302/1802 430/1803
f 301/1804 430/1805 429/1806
f 302/1807 303/1808 431/1809
f 302/1810 431/1811 430/1812
f 303/1813 304/1814 432/1815
f 303/1816 432/1817 431/1818
f 304/1819 305/1820 433/1821
f 304/1822 433/1823 432/1824
f 305/1825 306/1826 434/1827
f 305/1828 434/1829 433/1830
f 306/1831 307/1832 435/1833
f 306/1834 435/1835 434/1836
f 307/1837 308/1838 436/1839
f 307/1840 436/1841 435/1842
f 308/1843 309/1844 437/1845
f 308/1846 437/1847 436/1848
f 309/1849 310/1850 438/1851
f 309/1852 438/1853 437/1854
f 310/1855 311/1856 439/1857
f 310/1858 439/1859 438/1860
f 311/1861 312/1862 440/1863
f 311/1864 440/1865 439/1866
f 312/1867 313/1868 441/1869
f 312/1870 441/1871 440/1872
f 313/1873 314/1874 442/1875
f 313/1876 442/1877 441/1878
f 314/1879 315/1880 443/1881
f 314/1882 443/1883 442/1884
f 315/1885 316/1886 444/1887
f 315/1888 444/1889 443/1890
f 316/1891 317/1892 445/1893
f 316/1894 445/1895 444/1896
f 317/1897 318/1898 446/1899
f 317/1900 446/1901 445/1902
f 318/1903 319/1904 447/1905
f 318/1906 447/1907 446/1908
f 319/1909 320/1910 448/1911
f 319/1912 448/1913 447/1914
f 320/1915 321/1916 449/1917
f 320/1918 449/1919 448/1920
f 321/1921 322/1922 450/1923
f 321/1924 450/1925 449/1926
f 322/1927 323/1928 451/1929
f 322/1930 451/1931 450/1932
f 323/1933 324/1934 452/1935
f 323/1936 452/1937 451/1938
f 324/1939 325/1940 453/1941
f 324/1942 453/1943 452/1944
f 325/1945 326/1946 454/1947
f 325/1948 454/1949 453/1950
f 326/1951 327/1952 455/1953
f 326/1954 455/1955 454/1956
f 327/1957 328/1958 456/1959
f 327/1960 456/1961 455/1962
f 328/1963 329/1964 457/1965
f 328/1966 457/1967 456/1968
f 329/1969 330/1970 458/1971
f 329/1972 458/1973 457/1974
f 330/1975 331/1976 459/1977
f 330/1978 459/1979 458/1980
f 331/1981 332/1982 460/1983
f 331/1984 460/1985 459/1986
f 332/1987 333/1988 461/1989
f 332/1990 461/1991 460/1992
f 333/1993 334/1994 462/1995
f 333/1996 462/1997 461/1998
f 334/1999 335/2000 463/2001
f 334/2002 463/2003 462/2004
f 335/2005 336/2006 464/2007
f 335/2008 464/2009 463/2010
f 336/2011 337/2012 465/2013
f 336/2014 465/2015 464/2016
f 337/2017 338/2018 466/2019
f 337/2020 466/2021 465/2022
f 338/2023 339/2024 467/2025
f 338/2026 467/2027 466/2028
f 339/2029 340/2030 468/2031
f 339/2032 468/2033 467/2034
f 340/2035 341/2036 469/2037
f 340/2038 469/2039 468/2040
f 341/2041 342/2042 470/2043
f 341/2044 470/2045 469/2046
f 342/2047 343/2048 471/2049
f 342/2050 471/2051 470/2052
f 343/2053 344/2054 472/2055
f 343/2056 472/2057 471/2058
f 344/2059 345/2060 473/2061
f 344/2062 473/2063 472/2064
f 345/2065 346/2066 474/2067
f 345/2068 474/2069 473/2070
f 346/2071 347/2072 475/2073
f 346/2074 475/2075 474/2076
f 347/2077 348/2078 476/2079
f 347/2080 476/2081 475/2082
f 348/2083 349/2084 477/2085
f 348/2086 477/2087 476/2088
f 349/2089 350/2090 478/2091
f 349/2092 478/2093 477/2094
f 350/2095 351/2096 479/2097
f 350/2098 479/2099 478/2100
f 351/2101 352/2102 480/2103
f 351/2104 480/2105 479/2106
f 352/2107 353/2108 481/2109
f 352/2110 481/2111 480/2112
f 353/2113 354/2114 482/2115
f 353/2116 482/2117 481/2118
f 354/2119 355/2120 483/2121
f 354/2122 483/2123 482/2124
f 355/2125 356/2126 484/2127
f 355/2128 484/2129 483/2130
f 356/2131 357/2132 485/2133
f 356/2134 485/2135 484/2136
f 357/2137 358/2138 486/2139
f 357/2140 486/2141 485/2142
f 358/2143 359/2144 487/2145
f 358/2146 487/2147 486/2148
f 359/2149 360/2150 488/2151
f 359/2152 488/2153 487/2154
f 360/2155 361/2156 489/2157
f 360/2158 489/2159 488/2160
f 361/2161 362/2162 490/2163
f 361/2164 490/2165 489/2166
f 362/2167 363/2168 491/2169
f 362/2170 491/2171 490/2172
f 363/2173 364/2174 492/2175
f 363/2176 492/2177 491/2178
f 364/2179 365/2180 493/2181
f 364/2182 493/2183 492/2184
f 365/2185 366/2186 494/2187
f 365/2188 494/2189 493/2190
f 366/2191 367/2192 495/2193
f 366/2194 495/2195 494/2196
f 367/2197 368/2198 496/2199
f 367/2200 496/2201 495/2202
f 368/2203 369/2204 497/2205
f 368/2206 497/2207 496/2208
f 369/2209 370/2210 498/2211
f 369/2212 498/2213 497/2214
f 370/2215 371/2216 499/2217
f 370/2218 499/2219 498/2220
f 371/2221 372/2222 500/2223
f 371/2224 500/2225 499/2226
f 372/2227 373/2228 501/2229
f 372/2230 501/2231 500/2232
f 373/2233 374/2234 502/2235
f 373/2236 502/2237 501/2238
f 374/2239 375/2240 503/2241
f 374/2242 503/2243 502/2244
f 375/2245 376/2246 504/2247
f 375/2248 504/2249 503/2250
f 376/2251 377/2252 505/2253
f 376/2254 505/2255 504/2256
f 377/2257 378/2258 506/2259
f 377/2260 506/2261 505/2262
f 378/2263 379/2264 507/2265
f 378/2266 507/2267 506/2268
f 379/2269 380/2270 508/2271
f 379/2272 508/2273 507/2274
f 380/2275 381/2276 509/2277
f 380/2278 509/2279 508/2280
f 381/2281 382/2282 510/2283
f 381/2284 510/2285 509/2286
f 382/2287 383/2288 511/2289
f 382/2290 511/2291 510/2292
f 383/2293 384/2294 512/2295
f 383/2296 512/2297 511/2298
f 384/2299 257/2300 385/2301
f 384/2302 385/2303 512/2304
f 513/2305 642/2306 514/2307
f 513/2308 641/2309 642/2310
f 514/2311 643/2312 515/2313
f 514/2314 642/2315 643/2316
f 515/2317 644/2318 516/2319
f 515/2320 643/2321 644/2322
f 516/2323 645/2324 517/2325
f 516/2326 644/2327 645/2328
f 517/2329 646/2330 518/2331
f 517/2332 645/2333 646/2334
f 518/2335 647/2336 519/2337
f 518/2338 646/2339 647/2340
f 519/2341 648/2342 520/2343
f 519/2344 647/2345 648/2346
f 520/2347 649/2348 521/2349
f 520/2350 648/2351 649/2352
f 521/2353 650/2354 522/2355
f 521/2356 649/2357 650/2358
f 522/2359 651/2360 523/2361
f 522/2362 650/2363 651/2364
f 523/2365 652/2366 524/2367
f 523/2368 651/2369 652/2370
f 524/2371 653/2372 525/2373
f 524/2374 652/2375 653/2376
f 525/2377 654/2378 526/2379
f 525/2380 653/2381 654/2382
f 526/2383 655/2384 527/2385
f 526/2386 654/2387 655/2388
f 527/2389 656/2390 528/2391
f 527/2392 655/2393 656/2394
f 528/2395 657/2396 529/2397
f 528/2398 656/2399 657/2400
f 529/2401 658/2402 530/2403
f 529/2404 657/2405 658/2406
f 530/2407 659/2408 531/2409
f 530/2410 658/2411 659/2412
f 531/2413 660/2414 532/2415
f 531/2416 659/2417 660/2418
f 532/2419 661/2420 533/2421
f 532/2422 660/2423 661/2424
f 533/2425 662/2426 534/2427
f 533/2428 661/2429 662/2430
f 534/2431 663/2432 535/2433
f 534/2434 662/2435 663/2436
f 535/2437 664/2438 536/2439
f 535/2440 663/2441 664/2442
f 536/2443 665/2444 537/2445
f 536/2446 664/2447 665/2448
f 537/2449 666/2450 538/2451
f 537/2452 665/2453 666/2454
f 538/2455 667/2456 539/2457
f 538/2458 666/2459 667/2460
f 539/2461 668/2462 540/2463
f 539/2464 667/2465 668/2466
f 540/2467 669/2468 541/2469
f 540/2470 668/2471 669/2472
f 541/2473 670/2474 542/2475
f 541/2476 669/2477 670/2478
f 542/2479 671/2480 543/2481
f 542/2482 670/2483 671/2484
f 543/2485 672/2486 544/2487
f 543/2488 671/2489 672/2490
f 544/2491 673/2492 545/2493
f 544/2494 672/2495 673/2496
f 545/2497 674/2498 546/2499
f 545/2500 673/2501 674/2502
f 546/2503 675/2504 547/2505
f 546/2506 674/2507 675/2508
f 547/2509 676/2510 548/2511
f 547/2512 675/2513 676/2514
f 548/2515 677/2516 549/2517
f 548/2518 676/2519 677/2520
f 549/2521 678/2522 550/2523
f 549/2524 677/2525 678/2526
f 550/2527 679/2528 551/2529
f 550/2530 678/2531 679/2532
f 551/2533 680/2534 552/2535
f 551/2536 679/2537 680/2538
f 552/2539 681/2540 553/2541
f 552/2542 680/2543 681/2544
f 553/2545 682/2546 554/2547
f 553/2548 681/2549 682/2550
f 554/2551 683/2552 555/2553
f 554/2554 682/2555 683/2556
f 555/2557 684/2558 556/2559
f 555/2560 683/2561 684/2562
f 556/2563 685/2564 557/2565
f 556/2566 684/2567 685/2568
f 557/2569 686/2570 558/2571
f 557/2572 685/2573 686/2574
f 558/2575 687/2576 559/2577
f 558/2578 686/2579 687/2580
f 559/2581 688/2582 560/2583
f 559/2584 687/2585 688/2586
f 560/2587 689/2588 561/2589
f 560/2590 688/2591 689/2592
f 561/2593 690/2594 562/2595
f 561/2596 689/2597 690/2598
f 562/2599 691/2600 563/2601
f 562/2602 690/2603 691/2604
f 563/2605 692/2606 564/2607
f 563/2608 691/2609 692/2610
f 564/2611 693/2612 565/2613
f 564/2614 692/2615 693/2616
f 565/2617 694/2618 566/2619
f 565/2620 693/2621 694/2622
f 566/2623 695/2624 567/2625
f 566/2626 694/2627 695/2628
f 567/2629 696/2630 568/2631
f 567/2632 695/2633 696/2634
f 568/2635 697/2636 569/2637
f 568/2638 696/2639 697/2640
f 569/2641 698/2642 570/2643
f 569/2644 697/2645 698/2646
f 570/2647 699/2648 571/2649
f 570/2650 698/2651 699/2652
f 571/2653 700/2654 572/2655
f 571/2656 699/2657 700/2658
f 572/2659 701/2660 573/2661
f 572/2662 700/2663 701/2664
f 573/2665 702/2666 574/2667
f 573/2668 701/2669 702/2670
f 574/2671 703/2672 575/2673
f 574/2674 702/2675 703/2676
f 575/2677 704/2678 576/2679
f 575/2680 703/2681 704/2682
f 576/2683 705/2684 577/2685
f 576/2686 704/2687 705/2688
f 577/2689 706/2690 578/2691
f 577/2692 705/2693 706/2694
f 578/2695 707/2696 579/2697
f 578/2698 706/2699 707/2700
f 579/2701 708/2702 580/2703
f 579/2704 707/2705 708/2706
f 580/2707 709/2708 581/2709
f 580/2710 708/2711 709/2712
f 581/2713 710/2714 582/2715
f 581/2716 709/2717 710/2718
f 582/2719 711/2720 583/2721
f 582/2722 710/2723 711/2724
f 583/2725 712/2726 584/2727
f 583/2728 711/2729 712/2730
f 584/2731 713/2732 585/2733
f 584/2734 712/2735 713/2736
f 585/2737 714/2738 586/2739
f 585/2740 713/2741 714/2742
f 586/2743 715/2744 587/2745
f 586/2746 714/2747 715/2748
f 587/2749 716/2750 588/2751
f 587/2752 715/2753 716/2754
f 588/2755 717/2756 589/2757
f 588/2758 716/2759 717/2760
f 589/2761 718/2762 590/2763
f 589/2764 717/2765 718/2766
f 590/2767 719/2768 591/2769
f 590/2770 718/2771 719/2772
f 591/2773 720/2774 592/2775
f 591/2776 719/2777 720/2778
f 592/2779 721/2780 593/2781
f 592/2782 720/2783 721/2784
f 593/2785 722/2786 594/2787
f 593/2788 721/2789 722/2790
f 594/2791 723/2792 595/2793
f 594/2794 722/2795 723/2796
f 595/2797 724/2798 596/2799
f 595/2800 723/2801 724/2802
f 596/2803 725/2804 597/2805
f 596/2806 724/2807 725/2808
f 597/2809 726/2810 598/2811
f 597/2812 725/2813 726/2814
f 598/2815 727/2816 599/2817
f 598/2818 726/2819 727/2820
f 599/2821 728/2822 600/2823
f 599/2824 727/2825 728/2826
f 600/2827 729/2828 601/2829
f 600/2830 728/2831 729/2832
f 601/2833 730/2834 602/2835
f 601/2836 729/2837 730/2838
f 602/2839 731/2840 603/2841
f 602/2842 730/2843 731/2844
f 603/2845 732/2846 604/2847
f 603/2848 731/2849 732/2850
f 604/2851 733/2852 605/2853
f 604/2854 732/2855 733/2856
f 605/2857 734/2858 606/2859
f 605/2860 733/2861 734/2862
f 606/2863 735/2864 607/2865
f 606/2866 734/2867 735/2868
f 607/2869 736/2870 608/2871
f 607/2872 735/2873 736/2874
f 608/2875 737/2876 609/2877
f 608/2878 736/2879 737/2880
f 609/2881 738/2882 610/2883
f 609/2884 737/2885 738/2886
f 610/2887 739/2888 611/2889
f 610/2890 738/2891 739/2892
f 611/2893 740/2894 612/2895
f 611/2896 739/2897 740/2898
f 612/2899 741/2900 613/2901
f 612/2902 740/2903 741/2904
f 613/2905 742/2906 614/2907
f 613/2908 741/2909 742/2910
f 614/2911 743/2912 615/2913
f 614/2914 742/2915 743/2916
f 615/2917 744/2918 616/2919
f 615/2920 743/2921 744/2922
f 616/2923 745/2924 617/2925
f 616/2926 744/2927 745/2928
f 617/2929 746/2930 618/2931
f 617/2932 745/2933 746/2934
f 618/2935 747/2936 619/2937
f 618/2938 746/2939 747/2940
f 619/2941 748/2942 620/2943
f 619/2944 747/2945 748/2946
f 620/2947 749/2948 621/2949
f 620/2950 748/2951 749/2952
f 621/2953 750/2954 622/2955
f 621/2956 749/2957 750/2958
f 622/2959 751/2960 623/2961
f 622/2962 750/2963 751/2964
f 623/2965 752/2966 624/2967
f 623/2968 751/2969 752/2970
f 624/2971 753/2972 625/2973
f 624/2974 752/2975 753/2976
f 625/2977 754/2978 626/2979
f 625/2980 753/2981 754/2982
f 626/2983 755/2984 627/2985
f 626/2986 754/2987 755/2988
f 627/2989 756/2990 628/2991
f 627/2992 755/2993 756/2994
f 628/2995 757/2996 629/2997
f 628/2998 756/2999 757/3000
f 629/3001 758/3002 630/3003
f 629/3004 757/3005 758/3006
f 630/3007 759/3008 631/3009
f 630/3010 758/3011 759/3012
f 631/3013 760/3014 632/3015
f 631/3016 759/3017 760/3018
f 632/3019 761/3020 633/3021
f 632/3022 760/3023 761/3024
f 633/3025 762/3026 634/3027
f 633/3028 761/3029 762/3030
f 634/3031 763/3032 635/3033
f 634/3034 762/3035 763/3036
f 635/3037 764/3038 636/3039
f 635/3040 763/3041 764/3042
f 636/3043 765/3044 637/3045
f 636/3046 764/3047 765/3048
f 637/3049 766/3050 638/3051
f 637/3052 765/3053 766/3054
f 638/3055 767/3056 639/3057
f 638/3058 766/3059 767/3060
f 639/3061 768/3062 640/3063
f 639/3064 767/3065 768/3066
f 640/3067 641/3068 513/3069
f 640/3070 768/3071 641/3072
f 641/3073 770/3074 642/3075
f 641/3076 769/3077 770/3078
f 642/3079 771/3080 643/3081
f 642/3082 770/3083 771/3084
f 643/3085 772/3086 644/3087
f 643/3088 771/3089 772/3090
f 644/3091 773/3092 645/3093
f 644/3094 772/3095 773/3096
f 645/3097 774/3098 646/3099
f 645/3100 773/3101 774/3102
f 646/3103 775/3104 647/3105
f 646/3106 774/3107 775/3108
f 647/3109 776/3110 648/3111
f 647/3112 775/3113 776/3114
f 648/3115 777/3116 649/3117
f 648/3118 776/3119 777/3120
f 649/3121 778/3122 650/3123
f 649/3124 777/3125 778/3126
f 650/3127 779/3128 651/3129
f 650/3130 778/3131 779/3132
f 651/3133 780/3134 652/3135
f 651/3136 779/3137 780/3138
f 652/3139 781/3140 653/3141
f 652/3142 780/3143 781/3144
f 653/3145 782/3146 654/3147
f 653/3148 781/3149 782/3150
f 654/3151 783/3152 655/3153
f 654/3154 782/3155 783/3156
f 655/3157 784/3158 656/3159
f 655/3160 783/3161 784/3162
f 656/3163 785/3164 657/3165
f 656/3166 784/3167 785/3168
f 657/3169 786/3170 658/3171
f 657/3172 785/3173 786/3174
f 658/3175 787/3176 659/3177
f 658/3178 786/3179 787/3180
f 659/3181 788/3182 660/3183
f 659/3184 787/3185 788/3186
f 660/3187 789/3188 661/3189
f 660/3190 788/3191 789/3192
f 661/3193 790/3194 662/3195
f 661/3196 789/3197 790/3198
f 662/3199 791/3200 663/3201
f 662/3202 790/3203 791/3204
f 663/3205 792/3206 664/3207
f 663/3208 791/3209 792/3210
f 664/3211 793/3212 665/3213
f 664/3214 792/3215 793/3216
f 665/3217 794/3218 666/3219
f 665/3220 793/3221 794/3222
f 666/3223 795/3224 667/3225
f 666/3226 794/3227 795/3228
f 667/3229 796/3230 668/3231
f 667/3232 795/3233 796/3234
f 668/3235 797/3236 669/3237
f 668/3238 796/3239 797/3240
f 669/3241 798/3242 670/3243
f 669/3244 797/3245 798/3246
f 670/3247 799/3248 671/3249
f 670/3250 798/3251 799/3252
f 671/3253 800/3254 672/3255
f 671/3256 799/3257 800/3258
f 672/3259 801/3260 673/3261
f 672/3262 800/3263 801/3264
f 673/3265 802/3266 674/3267
f 673/3268 801/3269 802/3270
f 674/3271 803/3272 675/3273
f 674/3274 802/3275 803/3276
f 675/3277 804/3278 676/3279
f 675/3280 803/3281 804/3282
f 676/3283 805/3284 677/3285
f 676/3286 804/3287 805/3288
f 677/3289 806/3290 678/3291
f 677/3292 805/3293 806/3294
f 678/3295 807/3296 679/3297
f 678/3298 806/3299 807/3300
f 679/3301 808/3302 680/3303
f 679/3304 807/3305 808/3306
f 680/3307 809/3308 681/3309
f 680/3310 808/3311 809/3312
f 681/3313 810/3314 682/3315
f 681/3316 809/3317 810/3318
f 682/3319 811/3320 683/3321
f 682/3322 810/3323 811/3324
f 683/3325 812/3326 684/3327
f 683/3328 811/3329 812/3330
f 684/3331 813/3332 685/3333
f 684/3334 812/3335 813/3336
f 685/3337 814/3338 686/3339
f 685/3340 813/3341 814/3342
f 686/3343 815/3344 687/3345
f 686/3346 814/3347 815/3348
f 687/3349 816/3350 688/3351
f 687/3352 815/3353 816/3354
f 688/3355 817/3356 689/3357
f 688/3358 816/3359 817/3360
f 689/3361 818/3362 690/3363
f 689/3364 817/3365 818/3366
f 690/3367 819/3368 691/3369
f 690/3370 818/3371 819/3372
f 691/3373 820/3374 692/3375
f 691/3376 819/3377 820/3378
f 692/3379 821/3380 693/3381
f 692/3382 820/3383 821/3384
f 693/3385 822/3386 694/3387
f 693/3388 821/3389 822/3390
f 694/3391 823/3392 695/3393
f 694/3394 822/3395 823/3396
f 695/3397 824/3398 696/3399
f 695/3400 823/3401 824/3402
f 696/3403 825/3404 697/3405
f 696/3406 824/3407 825/3408
f 697/3409 826/3410 698/3411
f 697/3412 825/3413 826/3414
f 698/3415 827/3416 699/3417
f 698/3418 826/3419 827/3420
f 699/3421 828/3422 700/3423
f 699/3424 827/3425 828/3426
f 700/3427 829/3428 701/3429
f 700/3430 828/3431 829/3432
f 701/3433 830/3434 702/3435
f 701/3436 829/3437 830/3438
f 702/3439 831/3440 703/3441
f 702/3442 830/3443 831/3444
f 703/3445 832/3446 704/3447
f 703/3448 831/3449 832/3450
f 704/3451 833/3452 705/3453
f 704/3454 832/3455 833/3456
f 705/3457 834/3458 706/3459
f 705/3460 833/3461 834/3462
f 706/3463 835/3464 707/3465
f 706/3466 834/3467 835/3468
f 707/3469 836/3470 708/3471
f 707/3472 835/3473 836/3474
f 708/3475 837/3476 709/3477
f 708/3478 836/3479 837/3480
f 709/3481 838/3482 710/3483
f 709/3484 837/3485 838/3486
f 710/3487 839/3488 711/3489
f 710/3490 838/3491 839/3492
f 711/3493 840/3494 712/3495
f 711/3496 839/3497 840/3498
f 712/3499 841/3500 713/3501
f 712/3502 840/3503 841/3504
f 713/3505 842/3506 714/3507
f 713/3508 841/3509 842/3510
f 714/3511 843/3512 715/3513
f 714/3514 842/3515 843/3516
f 715/3517 844/3518 716/3519
f 715/3520 843/3521 844/3522
f 716/3523 845/3524 717/3525
f 716/3526 844/3527 845/3528
f 717/3529 846/3530 718/3531
f 717/3532 845/3533 846/3534
f 718/3535 847/3536 719/3537
f 718/3538 846/3539 847/3540
f 719/3541 848/3542 720/3543
f 719/3544 847/3545 848/3546
f 720/3547 849/3548 721/3549
f 720/3550 848/3551 849/3552
f 721/3553 850/3554 722/3555
f 721/3556 849/3557 850/3558
f 722/3559 851/3560 723/3561
f 722/3562 850/3563 851/3564
f 723/3565 852/3566 724/3567
f 723/3568 851/3569 852/3570
f 724/3571 853/3572 725/3573
f 724/3574 852/3575 853/3576
f 725/3577 854/3578 726/3579
f 725/3580 853/3581 854/3582
f 726/3583 855/3584 727/3585
f 726/3586 854/3587 855/3588
f 727/3589 856/3590 728/3591
f 727/3592 855/3593 856/3594
f 728/3595 857/3596 729/3597
f 728/3598 856/3599 857/3600
f 729/3601 858/3602 730/3603
f 729/3604 857/3605 858/3606
f 730/3607 859/3608 731/3609
f 730/3610 858/3611 859/3612
f 731/3613 860/3614 732/3615
f 731/3616 859/3617 860/3618
f 732/3619 861/3620 733/3621
f 732/3622 860/3623 861/3624
f 733/3625 862/3626 734/3627
f 733/3628 861/3629 862/3630
f 734/3631 863/3632 735/3633
f 734/3634 862/3635 863/3636
f 735/3637 864/3638 736/3639
f 735/3640 863/3641 864/3642
f 736/3643 865/3644 737/3645
f 736/3646 864/3647 865/3648
f 737/3649 866/3650 738/3651
f 737/3652 865/3653 866/3654
f 738/3655 867/3656 739/3657
f 738/3658 866/3659 867/3660
f 739/3661 868/3662 740/3663
f 739/3664 867/3665 868/3666
f 740/3667 869/3668 741/3669
f 740/3670 868/3671 869/3672
f 741/3673 870/3674 742/3675
f 741/3676 869/3677 870/3678
f 742/3679 871/3680 743/3681
f 742/3682 870/3683 871/3684
f 743/3685 872/3686 744/3687
f 743/3688 871/3689 872/3690
f 744/3691 873/3692 745/3693
f 744/3694 872/3695 873/3696
f 745/3697 874/3698 746/3699
f 745/3700 873/3701 874/3702
f 746/3703 875/3704 747/3705
f 746/3706 874/3707 875/3708
f 747/3709 876/3710 748/3711
f 747/3712 875/3713 876/3714
f 748/3715 877/3716 749/3717
f 748/3718 876/3719 877/3720
f 749/3721 878/3722 750/3723
f 749/3724 877/3725 878/3726
f 750/3727 879/3728 751/3729
f 750/3730 878/3731 879/3732
f 751/3733 880/3734 752/3735
f 751/3736 879/3737 880/3738
f 752/3739 881/3740 753/3741
f 752/3742 880/3743 881/3744
f 753/3745 882/3746 754/3747
f 753/3748 881/3749 882/3750
f 754/3751 883/3752 755/3753
f 754/3754 882/3755 883/3756
f 755/3757 884/3758 756/3759
f 755/3760 883/3761 884/3762
f 756/3763 885/3764 757/3765
f 756/3766 884/3767 885/3768
f 757/3769 886/3770 758/3771
f 757/3772 885/3773 886/3774
f 758/3775 887/3776 759/3777
f 758/3778 886/3779 887/3780
f 759/3781 888/3782 760/3783
f 759/3784 887/3785 888/3786
f 760/3787 889/3788 761/3789
f 760/3790 888/3791 889/3792
f 761/3793 890/3794 762/3795
f 761/3796 889/3797 890/3798
f 762/3799 891/3800 763/3801
f 762/3802 890/3803 891/3804
f 763/3805 892/3806 764/3807
f 763/3808 891/3809 892/3810
f 764/3811 893/3812 765/3813
f 764/3814 892/3815 893/3816
f 765/3817 894/3818 766/3819
f 765/3820 893/3821 894/3822
f 766/3823 895/3824 767/3825
f 766/3826 894/3827 895/3828
f 767/3829 896/3830 768/3831
f 767/3832 895/3833 896/3834
f 768/3835 769/3836 641/3837
f 768/3838 896/3839 769/3840
f 769/3841 898/3842 770/3843
f 769/3844 897/3845 898/3846
f 770/3847 899/3848 771/3849
f 770/3850 898/3851 899/3852
f 771/3853 900/3854 772/3855
f 771/3856 899/3857 900/3858
f 772/3859 901/3860 773/3861
f 772/3862 900/3863 901/3864
f 773/3865 902/3866 774/3867
f 773/3868 901/3869 902/3870
f 774/3871 903/3872 775/3873
f 774/3874 902/3875 903/3876
f 775/3877 904/3878 776/3879
f 775/3880 903/3881 904/3882
f 776/3883 905/3884 777/3885
f 776/3886 904/3887 905/3888
f 777/3889 906/3890 778/3891
f 777/3892 905/3893 906/3894
f 778/3895 907/3896 779/3897
f 778/3898 906/3899 907/3900
f 779/3901 908/3902 780/3903
f 779/3904 907/3905 908/3906
f 780/3907 909/3908 781/3909
f 780/3910 908/3911 909/3912
f 781/3913 910/3914 782/3915
f 781/3916 909/3917 910/3918
f 782/3919 911/3920 783/3921
f 782/3922 910/3923 911/3924
f 783/3925 912/3926 784/3927
f 783/3928 911/3929 912/3930
f 784/3931 913/3932 785/3933
f 784/3934 912/3935 913/3936
f 785/3937 914/3938 786/3939
f 785/3940 913/3941 914/3942
f 786/3943 915/3944 787/3945
f 786/3946 914/3947 915/3948
f 787/3949 916/3950 788/3951
f 787/3952 915/3953 916/3954
f 788/3955 917/3956 789/3957
f 788/3958 916/3959 917/3960
f 789/3961 918/3962 790/3963
f 789/3964 917/3965 918/3966
f 790/3967 919/3968 791/3969
f 790/3970 918/3971 919/3972
f 791/3973 920/3974 792/3975
f 791/3976 919/3977 920/3978
f 792/3979 921/3980 793/3981
f 792/3982 920/3983 921/3984
f 793/3985 922/3986 794/3987
f 793/3988 921/3989 922/3990
f 794/3991 923/3992 795/3993
f 794/3994 922/3995 923/3996
f 795/3997 924/3998 796/3999
f 795/4000 923/4001 924/4002
f 796/4003 925/4004 797/4005
f 796/4006 924/4007 925/4008
f 797/4009 926/4010 798/4011
f 797/4012 925/4013 926/4014
f 798/4015 927/4016 799/4017
f 798/4018 926/4019 927/4020
f 799/4021 928/4022 800/4023
f 799/4024 927/4025 928/4026
f 800/4027 929/4028 801/4029
f 800/4030 928/4031 929/4032
f 801/4033 930/4034 802/4035
f 801/4036 929/4037 930/4038
f 802/4039 931/4040 803/4041
f 802/4042 930/4043 931/4044
f 803/4045 932/4046 804/4047
f 803/4048 931/4049 932/4050
f 804/4051 933/4052 805/4053
f 804/4054 932/4055 933/4056
f 805/4057 934/4058 806/4059
f 805/4060 933/4061 934/4062
f 806/4063 935/4064 807/4065
f 806/4066 934/4067 935/4068
f 807/4069 936/4070 808/4071
f 807/4072 935/4073 936/4074
f 808/4075 937/4076 809/4077
f 808/4078 936/4079 937/4080
f 809/4081 938/4082 810/4083
f 809/4084 937/4085 938/4086
f 810/4087 939/4088 811/4089
f 810/4090 938/4091 939/4092
f 811/4093 940/4094 812/4095
f 811/4096 939/4097 940/4098
f 812/4099 941/4100 813/4101
f 812/4102 940/4103 941/4104
f 813/4105 942/4106 814/4107
f 813/4108 941/4109 942/4110
f 814/4111 943/4112 815/4113
f 814/4114 942/4115 943/4116
f 815/4117 944/4118 816/4119
f 815/4120 943/4121 944/4122
f 816/4123 945/4124 817/4125
f 816/4126 944/4127 945/4128
f 817/4129 946/4130 818/4131
f 817/4132 945/4133 946/4134
f 818/4135 947/4136 819/4137
f 818/4138 946/4139 947/4140
f 819/4141 948/4142 820/4143
f 819/4144 947/4145 948/4146
f 820/4147 949/4148 821/4149
f 820/4150 948/4151 949/4152
f 821/4153 950/4154 822/4155
f 821/4156 949/4157 950/4158
f 822/4159 951/4160 823/4161
f 822/4162 950/4163 951/4164
f 823/4165 952/4166 824/4167
f 823/4168 951/4169 952/4170
f 824/4171 953/4172 825/4173
f 824/4174 952/4175 953/4176
f 825/4177 954/4178 826/4179
f 825/4180 953/4181 954/4182
f 826/4183 955/4184 827/4185
f 826/4186 954/4187 955/4188
f 827/4189 956/4190 828/4191
f 827/4192 955/4193 956/4194
f 828/4195 957/4196 829/4197
f 828/4198 956/4199 957/4200
f 829/4201 958/4202 830/4203
f 829/4204 957/4205 958/4206
f 830/4207 959/4208 831/4209
f 830/4210 958/4211 959/4212
f 831/4213 960/4214 832/4215
f 831/4216 959/4217 960/4218
f 832/4219 961/4220 833/4221
f 832/4222 960/4223 961/4224
f 833/4225 962/4226 834/4227
f 833/4228 961/4229 962/4230
f 834/4231 963/4232 835/4233
f 834/4234 962/4235 963/4236
f 835/4237 964/4238 836/4239
f 835/4240 963/4241 964/4242
f 836/4243 965/4244 837/4245
f 836/4246 964/4247 965/4248
f 837/4249 966/4250 838/4251
f 837/4252 965/4253 966/4254
f 838/4255 967/4256 839/4257
f 838/4258 966/4259 967/4260
f 839/4261 968/4262 840/4263
f 839/4264 967/4265 968/4266
f 840/4267 969/4268 841/4269
f 840/4270 968/4271 969/4272
f 841/4273 970/4274 842/4275
f 841/4276 969/4277 970/4278
f 842/4279 971/4280 843/4281
f 842/4282 970/4283 971/4284
f 843/4285 972/4286 844/4287
f 843/4288 971/4289 972/4290
f 844/4291 973/4292 845/4293
f 844/4294 972/4295 973/4296
f 845/4297 974/4298 846/4299
f 845/4300 973/4301 974/4302
f 846/4303 975/4304 847/4305
f 846/4306 974/4307 975/4308
f 847/4309 976/4310 848/4311
f 847/4312 975/4313 976/4314
f 848/4315 977/4316 849/4317
f 848/4318 976/4319 977/4320
f 849/4321 978/4322 850/4323
f 849/4324 977/4325 978/4326
f 850/4327 979/4328 851/4329
f 850/4330 978/4331 979/4332
f 851/4333 980/4334 852/4335
f 851/4336 979/4337 980/4338
f 852/4339 981/4340 853/4341
f 852/4342 980/4343 981/4344
f 853/4345 982/4346 854/4347
f 853/4348 981/4349 982/4350
f 854/4351 983/4352 855/4353
f 854/4354 982/4355 983/4356
f 855/4357 984/4358 856/4359
f 855/4360 983/4361 984/4362
f 856/4363 985/4364 857/4365
f 856/4366 984/4367 985/4368
f 857/4369 986/4370 858/4371
f 857/4372 985/4373 986/4374
f 858/4375 987/4376 859/4377
f 858/4378 986/4379 987/4380
f 859/4381 988/4382 860/4383
f 859/4384 987/4385 988/4386
f 860/4387 989/4388 861/4389
f 860/4390 988/4391 989/4392
f 861/4393 990/4394 862/4395
f 861/4396 989/4397 990/4398
f 862/4399 991/4400 863/4401
f 862/4402 990/4403 991/4404
f 863/4405 992/4406 864/4407
f 863/4408 991/4409 992/4410
f 864/4411 993/4412 865/4413
f 864/4414 992/4415 993/4416
f 865/4417 994/4418 866/4419
f 865/4420 993/4421 994/4422
f 866/4423 995/4424 867/4425
f 866/4426 994/4427 995/4428
f 867/4429 996/4430 868/4431
f 867/4432 995/4433 996/4434
f 868/4435 997/4436 869/4437
f 868/4438 996/4439 997/4440
f 869/4441 998/4442 870/4443
f 869/4444 997/4445 998/4446
f 870/4447 999/4448 871/4449
f 870/4450 998/4451 999/4452
f 871/4453 1000/4454 872/4455
f 871/4456 999/4457 1000/4458
f 872/4459 1001/4460 873/4461
f 872/4462 1000/4463 1001/4464
f 873/4465 1002/4466 874/4467
f 873/4468 1001/4469 1002/4470
f 874/4471 1003/4472 875/4473
f 874/4474 1002/4475 1003/4476
f 875/4477 1004/4478 876/4479
f 875/4480 1003/4481 1004/4482
f 876/4483 1005/4484 877/4485
f 876/4486 1004/4487 1005/4488
f 877/4489 1006/4490 878/4491
f 877/4492 1005/4493 1006/4494
f 878/4495 1007/4496 879/4497
f 878/4498 1006/4499 1007/4500
f 879/4501 1008/4502 880/4503
f 879/4504 1007/4505 1008/4506
f 880/4507 1009/4508 881/4509
f 880/4510 1008/4511 1009/4512
f 881/4513 1010/4514 882/4515
f 881/4516 1009/4517 1010/4518
f 882/4519 1011/4520 883/4521
f 882/4522 1010/4523 1011/4524
f 883/4525 1012/4526 884/4527
f 883/4528 1011/4529 1012/4530
f 884/4531 1013/4532 885/4533
f 884/4534 1012/4535 1013/4536
f 885/4537 1014/4538 886/4539
f 885/4540 1013/4541 1014/4542
f 886/4543 1015/4544 887/4545
f 886/4546 1014/4547 1015/4548
f 887/4549 1016/4550 888/4551
f 887/4552 1015/4553 1016/4554
f 888/4555 1017/4556 889/4557
f 888/4558 1016/4559 1017/4560
f 889/4561 1018/4562 890/4563
f 889/4564 1017/4565 1018/4566
f 890/4567 1019/4568 891/4569
f 890/4570 1018/4571 1019/4572
f 891/4573 1020/4574 892/4575
f 891/4576 1019/4577 1020/4578
f 892/4579 1021/4580 893/4581
f 892/4582 1020/4583 1021/4584
f 893/4585 1022/4586 894/4587
f 893/4588 1021/4589 1022/4590
f 894/4591 1023/4592 895/4593
f 894/4594 1022/4595 1023/4596
f 895/4597 1024/4598 896/4599
f 895/4600 1023/4601 1024/4602
f 896/4603 897/4604 769/4605
f 896/4606 1024/4607 897/4608
f 385/4609 386/4610 898/4611
f 385/4612 898/4613 897/4614
f 1/4615 514/4616 2/4617
f 1/4618 513/4619 514/4620
f 386/4621 387/4622 899/4623
f 386/4624 899/4625 898/4626
f 2/4627 515/4628 3/4629
f 2/4630 514/4631 515/4632
f 387/4633 388/4634 900/4635
f 387/4636 900/4637 899/4638
f 3/4639 516/4640 4/4641
f 3/4642 515/4643 516/4644
f 388/4645 389/4646 901/4647
f 388/4648 901/4649 900/4650
f 4/4651 517/4652 5/4653
f 4/4654 516/4655 517/4656
f 389/4657 390/4658 902/4659
f 389/4660 902/4661 901/4662
f 5/4663 518/4664 6/4665
f 5/4666 517/4667 518/4668
f 390/4669 391/4670 903/4671
f 390/4672 903/4673 902/4674
f 6/4675 519/4676 7/4677
f 6/4678 518/4679 519/4680
f 391/4681 392/4682 904/4683
f 391/4684 904/4685 903/4686
f 7/4687 520/4688 8/4689
f 7/4690 519/4691 520/4692
f 392/4693 393/4694 905/4695
f 392/4696 905/4697 904/4698
f 8/4699 521/4700 9/4701
f 8/4702 520/4703 521/4704
f 393/4705 394/4706 906/4707
f 393/4708 906/4709 905/4710
f 9/4711 522/4712 10/4713
f 9/4714 521/4715 522/4716
f 394/4717 395/4718 907/4719
f 394/4720 907/4721 906/4722
f 10/4723 523/4724 11/4725
f 10/4726 522/4727 523/4728
f 395/4729 396/4730 908/4731
f 395/4732 908/4733 907/4734
f 11/4735 524/4736 12/4737
f 11/4738 523/4739 524/4740
f 396/4741 397/4742 909/4743
f 396/4744 909/4745 908/4746
f 12/4747 525/4748 13/4749
f 12/4750 524/4751 525/4752
f 397/4753 398/4754 910/4755
f 397/4756 910/4757 909/4758
f 13/4759 526/4760 14/4761
f 13/4762 525/4763 526/4764
f 398/4765 399/4766 911/4767
f 398/4768 911/4769 910/4770
f 14/4771 527/4772 15/4773
f 14/4774 526/4775 527/4776
f 399/4777 400/4778 912/4779
f 399/4780 912/4781 911/4782
f 15/4783 528/4784 16/4785
f 15/4786 527/4787 528/4788
f 400/4789 401/4790 913/4791
f 400/4792 913/4793 912/4794
f 16/4795 529/4796 17/4797
f 16/4798 528/4799 529/4800
f 401/4801 402/4802 914/4803
f 401/4804 914/4805 913/4806
f 17/4807 530/4808 18/4809
f 17/4810 529/4811 530/4812
f 402/4813 403/4814 915/4815
f 402/4816 915/4817 914/4818
f 18/4819 531/4820 19/4821
f 18/4822 530/4823 531/4824
f 403/4825 404/4826 916/4827
f 403/4828 916/4829 915/4830
f 19/4831 532/4832 20/4833
f 19/4834 531/4835 532/4836
f 404/4837 405/4838 917/4839
f 404/4840 917/4841 916/4842
f 20/4843 533/4844 21/4845
f 20/4846 532/4847 533/4848
f 405/4849 406/4850 918/4851
f 405/4852 918/4853 917/4854
f 21/4855 534/4856 22/4857
f 21/4858 533/4859 534/4860
f 406/4861 407/4862 919/4863
f 406/4864 919/4865 918/4866
f 22/4867 535/4868 23/4869
f 22/4870 534/4871 535/4872
f 407/4873 408/4874 920/4875
f 407/4876 920/4877 919/4878
f 23/4879 536/4880 24/4881
f 23/4882 535/4883 536/4884
f 408/4885 409/4886 921/4887
f 408/4888 921/4889 920/4890
f 24/4891 537/4892 25/4893
f 24/4894 536/4895 537/4896
f 409/4897 410/4898 922/4899
f 409/4900 922/4901 921/4902
f 25/4903 538/4904 26/4905
f 25/4906 537/4907 538/4908
f 410/4909 411/4910 923/4911
f 410/4912 923/4913 922/4914
f 26/4915 539/4916 27/4917
f 26/4918 538/4919 539/4920
f 411/4921 412/4922 924/4923
f 411/4924 924/4925 923/4926
f 27/4927 540/4928 28/4929
f 27/4930 539/4931 540/4932
f 412/4933 413/4934 925/4935
f 412/4936 925/4937 924/4938
f 28/4939 541/4940 29/4941
f 28/4942 540/4943 541/4944
f 413/4945 414/4946 926/4947
f 413/4948 926/4949 925/4950
f 29/4951 542/4952 30/4953
f 29/4954 541/4955 542/4956
f 414/4957 415/4958 927/4959
f 414/4960 927/4961 926/4962
f 30/4963 543/4964 31/4965
f 30/4966 542/4967 543/4968
f 415/4969 416/4970 928/4971
f 415/4972 928/4973 927/4974
f 31/4975 544/4976 32/4977
f 31/4978 543/4979 544/4980
f 416/4981 417/4982 929/4983
f 416/4984 929/4985 928/4986
f 32/4987 545/4988 33/4989
f 32/4990 544/4991 545/4992
f 417/4993 418/4994 930/4995
f 417/4996 930/4997 929/4998
f 33/4999 546/5000 34/5001
f 33/5002 545/5003 546/5004
f 418/5005 419/5006 931/5007
f 418/5008 931/5009 930/5010
f 34/5011 547/5012 35/5013
f 34/5014 546/5015 547/5016
f 419/5017 420/5018 932/5019
f 419/5020 932/5021 931/5022
f 35/5023 548/5024 36/5025
f 35/5026 547/5027 548/5028
f 420/5029 421/5030 933/5031
f 420/5032 933/5033 932/5034
f 36/5035 549/5036 37/5037
f 36/5038 548/5039 549/5040
f 421/5041 422/5042 934/5043
f 421/5044 934/5045 933/5046
f 37/5047 550/5048 38/5049
f 37/5050 549/5051 550/5052
f 422/5053 423/5054 935/5055
f 422/5056 935/5057 934/5058
f 38/5059 551/5060 39/5061
f 38/5062 550/5063 551/5064
f 423/5065 424/5066 936/5067
f 423/5068 936/5069 935/5070
f 39/5071 552/5072 40/5073
f 39/5074 551/5075 552/5076
f 424/5077 425/5078 937/5079
f 424/5080 937/5081 936/5082
f 40/5083 553/5084 41/5085
f 40/5086 552/5087 553/5088
f 425/5089 426/5090 938/5091
f 425/5092 938/5093 937/5094
f 41/5095 554/5096 42/5097
f 41/5098 553/5099 554/5100
f 426/5101 427/5102 939/5103
f 426/5104 939/5105 938/5106
f 42/5107 555/5108 43/5109
f 42/5110 554/5111 555/5112
f 427/5113 428/5114 940/5115
f 427/5116 940/5117 939/5118
f 43/5119 556/5120 44/5121
f 43/5122 555/5123 556/5124
f 428/5125 429/5126 941/5127
f 428/5128 941/5129 940/5130
f 44/5131 557/5132 45/5133
f 44/5134 556/5135 557/5136
f 429/5137 430/5138 942/5139
f 429/5140 942/5141 941/5142
f 45/5143 558/5144 46/5145
f 45/5146 557/5147 558/5148
f 430/5149 431/5150 943/5151
f 430/5152 943/5153 942/5154
f 46/5155 559/5156 47/5157
f 46/5158 558/5159 559/5160
f 431/5161 432/5162 944/5163
f 431/5164 944/5165 943/5166
f 47/5167 560/5168 48/5169
f 47/5170 559/5171 560/5172
f 432/5173 433/5174 945/5175
f 432/5176 945/5177 944/5178
f 48/5179 561/5180 49/5181
f 48/5182 560/5183 561/5184
f 433/5185 434/5186 946/5187
f 433/5188 946/5189 945/5190
f 49/5191 562/5192 50/5193
f 49/5194 561/5195 562/5196
f 434/5197 435/5198 947/5199
f 434/5200 947/5201 946/5202
f 50/5203 563/5204 51/5205
f 50/5206 562/5207 563/5208
f 435/5209 436/5210 948/5211
f 435/5212 948/5213 947/5214
f 51/5215 564/5216 52/5217
f 51/5218 563/5219 564/5220
f 436/5221 437/5222 949/5223
f 436/5224 949/5225 948/5226
f 52/5227 565/5228 53/5229
f 52/5230 564/5231 565/5232
f 437/5233 438/5234 950/5235
f 437/5236 950/5237 949/5238
f 53/5239 566/5240 54/5241
f 53/5242 565/5243 566/5244
f 438/5245 439/5246 951/5247
f 438/5248 951/5249 950/5250
f 54/5251 567/5252 55/5253
f 54/5254 566/5255 567/5256
f 439/5257 440/5258 952/5259
f 439/5260 952/5261 951/5262
f 55/5263 568/5264 56/5265
f 55/5266 567/5267 568/5268
f 440/5269 441/5270 953/5271
f 440/5272 953/5273 952/5274
f 56/5275 569/5276 57/5277
f 56/5278 568/5279 569/5280
f 441/5281 442/5282 954/5283
f 441/5284 954/5285 953/5286
f 57/5287 570/5288 58/5289
f 57/5290 569/5291 570/5292
f 442/5293 443/5294 955/5295
f 442/5296 955/5297 954/5298
f 58/5299 571/5300 59/5301
f 58/5302 570/5303 571/5304
f 443/5305 444/5306 956/5307
f 443/5308 956/5309 955/5310
f 59/5311 572/5312 60/5313
f 59/5314 571/5315 572/5316
f 444/5317 445/5318 957/5319
f 444/5320 957/5321 956/5322
f 60/5323 573/5324 61/5325
f 60/5326 572/5327 573/5328
f 445/5329 446/5330 958/5331
f 445/5332 958/5333 957/5334
f 61/5335 574/5336 62/5337
f 61/5338 573/5339 574/5340
f 446/5341 447/5342 959/5343
f 446/5344 959/5345 958/5346
f 62/5347 575/5348 63/5349
f 62/5350 574/5351 575/5352
f 447/5353 448/5354 960/5355
f 447/5356 960/5357 959/5358
f 63/5359 576/5360 64/5361
f 63/5362 575/5363 576/5364
f 448/5365 449/5366 961/5367
f 448/5368 961/5369 960/5370
f 64/5371 577/5372 65/5373
f 64/5374 576/5375 577/5376
f 449/5377 450/5378 962/5379
f 449/5380 962/5381 961/5382
f 65/5383 578/5384 66/5385
f 65/5386 577/5387 578/5388
f 450/5389 451/5390 963/5391
f 450/5392 963/5393 962/5394
f 66/5395 579/5396 67/5397
f 66/5398 578/5399 579/5400
f 451/5401 452/5402 964/5403
f 451/5404 964/5405 963/5406
f 67/5407 580/5408 68/5409
f 67/5410 579/5411 580/5412
f 452/5413 453/5414 965/5415
f 452/5416 965/5417 964/5418
f 68/5419 581/5420 69/5421
f 68/5422 580/5423 581/5424
f 453/5425 454/5426 966/5427
f 453/5428 966/5429 965/5430
f 69/5431 582/5432 70/5433
f 69/5434 581/5435 582/5436
f 454/5437 455/5438 967/5439
f 454/5440 967/5441 966/5442
f 70/5443 583/5444 71/5445
f 70/5446 582/5447 583/5448
f 455/5449 456/5450 968/5451
f 455/5452 968/5453 967/5454
f 71/5455 584/5456 72/5457
f 71/5458 583/5459 584/5460
f 456/5461 457/5462 969/5463
f 456/5464 969/5465 968/5466
f 72/5467 585/5468 73/5469
f 72/5470 584/5471 585/5472
f 457/5473 458/5474 970/5475
f 457/5476 970/5477 969/5478
f 73/5479 586/5480 74/5481
f 73/5482 585/5483 586/5484
f 458/5485 459/5486 971/5487
f 458/5488 971/5489 970/5490
f 74/5491 587/5492 75/5493
f 74/5494 586/5495 587/5496
f 459/5497 460/5498 972/5499
f 459/5500 972/5501 971/5502
f 75/5503 588/5504 76/5505
f 75/5506 587/5507 588/5508
f 460/5509 461/5510 973/5511
f 460/5512 973/5513 972/5514
f 76/5515 589/5516 77/5517
f 76/5518 588/5519 589/5520
f 461/5521 462/5522 974/5523
f 461/5524 974/5525 973/5526
f 77/5527 590/5528 78/5529
f 77/5530 589/5531 590/5532
f 462/5533 463/5534 975/5535
f 462/5536 975/5537 974/5538
f 78/5539 591/5540 79/5541
f 78/5542 590/5543 591/5544
f 463/5545 464/5546 976/5547
f 463/5548 976/5549 975/5550
f 79/5551 592/5552 80/5553
f 79/5554 591/5555 592/5556
f 464/5557 465/5558 977/5559
f 464/5560 977/5561 976/5562
f 80/5563 593/5564 81/5565
f 80/5566 592/5567 593/5568
f 465/5569 466/5570 978/5571
f 465/5572 978/5573 977/5574
f 81/5575 594/5576 82/5577
f 81/5578 593/5579 594/5580
f 466/5581 467/5582 979/5583
f 466/5584 979/5585 978/5586
f 82/5587 595/5588 83/5589
f 82/5590 594/5591 595/5592
f 467/5593 468/5594 980/5595
f 467/5596 980/5597 979/5598
f 83/5599 596/5600 84/5601
f 83/5602 595/5603 596/5604
f 468/5605 469/5606 981/5607
f 468/5608 981/5609 980/5610
f 84/5611 597/5612 85/5613
f 84/5614 596/5615 597/5616
f 469/5617 470/5618 982/5619
f 469/5620 982/5621 981/5622
f 85/5623 598/5624 86/5625
f 85/5626 597/5627 598/5628
f 470/5629 471/5630 983/5631
f 470/5632 983/5633 982/5634
f 86/5635 599/5636 87/5637
f 86/5638 598/5639 599/5640
f 471/5641 472/5642 984/5643
f 471/5644 984/5645 983/5646
f 87/5647 600/5648 88/5649
f 87/5650 599/5651 600/5652
f 472/5653 473/5654 985/5655
f 472/5656 985/5657 984/5658
f 88/5659 601/5660 89/5661
f 88/5662 600/5663 601/5664
f 473/5665 474/5666 986/5667
f 473/5668 986/5669 985/5670
f 89/5671 602/5672 90/5673
f 89/5674 601/5675 602/5676
f 474/5677 475/5678 987/5679
f 474/5680 987/5681 986/5682
f 90/5683 603/5684 91/5685
f 90/5686 602/5687 603/5688
f 475/5689 476/5690 988/5691
f 475/5692 988/5693 987/5694
f 91/5695 604/5696 92/5697
f 91/5698 603/5699 604/5700
f 476/5701 477/5702 989/5703
f 476/5704 989/5705 988/5706
f 92/5707 605/5708 93/5709
f 92/5710 604/5711 605/5712
f 477/5713 478/5714 990/5715
f 477/5716 990/5717 989/5718
f 93/5719 606/5720 94/5721
f 93/5722 605/5723 606/5724
f 478/5725 479/5726 991/5727
f 478/5728 991/5729 990/5730
f 94/5731 607/5732 95/5733
f 94/5734 606/5735 607/5736
f 479/5737 480/5738 992/5739
f 479/5740 992/5741 991/5742
f 95/5743 608/5744 96/5745
f 95/5746 607/5747 608/5748
f 480/5749 481/5750 993/5751
f 480/5752 993/5753 992/5754
f 96/5755 609/5756 97/5757
f 96/5758 608/5759 609/5760
f 481/5761 482/5762 994/5763
f 481/5764 994/5765 993/5766
f 97/5767 610/5768 98/5769
f 97/5770 609/5771 610/5772
f 482/5773 483/5774 995/5775
f 482/5776 995/5777 994/5778
f 98/5779 611/5780 99/5781
f 98/5782 610/5783 611/5784
f 483/5785 484/5786 996/5787
f 483/5788 996/5789 995/5790
f 99/5791 612/5792 100/5793
f 99/5794 611/5795 612/5796
f 484/5797 485/5798 997/5799
f 484/5800 997/5801 996/5802
f 100/5803 613/5804 101/5805
f 100/5806 612/5807 613/5808
f 485/5809 486/5810 998/5811
f 485/5812 998/5813 997/5814
f 101/5815 614/5816 102/5817
f 101/5818 613/5819 614/5820
f 486/5821 487/5822 999/5823
f 486/5824 999/5825 998/5826
f 102/5827 615/5828 103/5829
f 102/5830 614/5831 615/5832
f 487/5833 488/5834 1000/5835
f 487/5836 1000/5837 999/5838
f 103/5839 616/5840 104/5841
f 103/5842 615/5843 616/5844
f 488/5845 489/5846 1001/5847
f 488/5848 1001/5849 1000/5850
f 104/5851 617/5852 105/5853
f 104/5854 616/5855 617/5856
f 489/5857 490/5858 1002/5859
f 489/5860 1002/5861 1001/5862
f 105/5863 618/5864 106/5865
f 105/5866 617/5867 618/5868
f 490/5869 491/5870 1003/5871
f 490/5872 1003/5873 1002/5874
f 106/5875 619/5876 107/5877
f 106/5878 618/5879 619/5880
f 491/5881 492/5882 1004/5883
f 491/5884 1004/5885 1003/5886
f 107/5887 620/5888 108/5889
f 107/5890 619/5891 620/5892
f 492/5893 493/5894 1005/5895
f 492/5896 1005/5897 1004/5898
f 108/5899 621/5900 109/5901
f 108/5902 620/5903 621/5904
f 493/5905 494/5906 1006/5907
f 493/5908 1006/5909 1005/5910
f 109/5911 622/5912 110/5913
f 109/5914 621/5915 622/5916
f 494/5917 495/5918 1007/5919
f 494/5920 1007/5921 1006/5922
f 110/5923 623/5924 111/5925
f 110/5926 622/5927 623/5928
f 495/5929 496/5930 1008/5931
f 495/5932 1008/5933 1007/5934
f 111/5935 624/5936 112/5937
f 111/5938 623/5939 624/5940
f 496/5941 497/5942 1009/5943
f 496/5944 1009/5945 1008/5946
f 112/5947 625/5948 113/5949
f 112/5950 624/5951 625/5952
f 497/5953 498/5954 1010/5955
f 497/5956 1010/5957 1009/5958
f 113/5959 626/5960 114/5961
f 113/5962 625/5963 626/5964
f 498/5965 499/5966 1011/5967
f 498/5968 1011/5969 1010/5970
f 114/5971 627/5972 115/5973
f 114/5974 626/5975 627/5976
f 499/5977 500/5978 1012/5979
f 499/5980 1012/5981 1011/5982
f 115/5983 628/5984 116/5985
f 115/5986 627/5987 628/5988
f 500/5989 501/5990 1013/5991
f 500/5992 1013/5993 1012/5994
f 116/5995 629/5996 117/5997
f 116/5998 628/5999 629/6000
f 501/6001 502/6002 1014/6003
f 501/6004 1014/6005 1013/6006
f 117/6007 630/6008 118/6009
f 117/6010 629/6011 630/6012
f 502/6013 503/6014 1015/6015
f 502/6016 1015/6017 1014/6018
f 118/6019 631/6020 119/6021
f 118/6022 630/6023 631/6024
f 503/6025 504/6026 1016/6027
f 503/6028 1016/6029 1015/6030
f 119/6031 632/6032 120/6033
f 119/6034 631/6035 632/6036
f 504/6037 505/6038 1017/6039
f 504/6040 1017/6041 1016/6042
f 120/6043 633/6044 121/6045
f 120/6046 632/6047 633/6048
f 505/6049 506/6050 1018/6051
f 505/6052 1018/6053 1017/6054
f 121/6055 634/6056 122/6057
f 121/6058 633/6059 634/6060
f 506/6061 507/6062 1019/6063
f 506/6064 1019/6065 1018/6066
f 122/6067 635/6068 123/6069
f 122/6070 634/6071 635/6072
f 507/6073 508/6074 1020/6075
f 507/6076 1020/6077 1019/6078
f 123/6079 636/6080 124/6081
f 123/6082 635/6083 636/6084
f 508/6085 509/6086 1021/6087
f 508/6088 1021/6089 1020/6090
f 124/6091 637/6092 125/6093
f 124/6094 636/6095 637/6096
f 509/6097 510/6098 1022/6099
f 509/6100 1022/6101 1021/6102
f 125/6103 638/6104 126/6105
f 125/6106 637/6107 638/6108
f 510/6109 511/6110 1023/6111
f 510/6112 1023/6113 1022/6114
f 126/6115 639/6116 127/6117
f 126/6118 638/6119 639/6120
f 511/6121 512/6122 1024/6123
f 511/6124 1024/6125 1023/6126
f 127/6127 640/6128 128/6129
f 127/6130 639/6131 640/6132
f 512/6133 385/6134 897/6135
f 512/6136 897/6137 1024/6138
f 128/6139 513/6140 1/6141
f 128/6142 640/6143 513/6144
